,time_h,load_kw,gp_mean,gp-std,gp_lower,gp_upper
0,0.0,35.5003840153233,35.13468836251521,1.0243904092539327,33.08590754400735,37.18346918102308
1,0.25,34.65572640027793,35.68958337550273,1.0243904092541545,33.640802556994416,37.73836419401104
2,0.5,35.77834005200574,35.023045860213614,1.0243904092541545,32.97426504170531,37.07182667872192
3,0.75,35.23983289796306,34.62640248097045,1.0243904092541545,32.577621662462136,36.67518329947876
4,1.0,33.0263584317399,34.950705305362256,1.0243904092541545,32.90192448685394,36.99948612387057
5,1.25,33.04693821003857,34.23044815251619,1.0243904092541545,32.181667334007884,36.279228971024494
6,1.5,35.97310231408708,35.760662707442506,1.0243904092541545,33.7118818889342,37.80944352595081
7,1.75,37.32691311204672,37.70793615635534,1.0243904092541545,35.659155337847025,39.75671697486365
8,2.0,35.25085092984777,35.08991210253183,1.0243904092541545,33.04113128402352,37.13869292104013
9,2.25,34.31701134276455,35.32624204185687,1.0243904092541545,33.27746122334857,37.37502286036518
10,2.5,37.605841801374595,36.575653971679294,1.0243904092541545,34.52687315317098,38.62443479018761
11,2.75,37.389997584734786,36.430920108720926,1.0243904092541545,34.38213929021262,38.47970092722923
12,3.0,36.39964657111384,36.39338066672527,1.0243904092541545,34.34459984821696,38.442161485233584
13,3.25,36.125739651106045,34.881621128552524,1.0243904092541545,32.83284031004422,36.93040194706083
14,3.5,36.71945370254209,36.625890307794094,1.0243904092541545,34.57710948928579,38.6746711263024
15,3.75,36.403194249963654,37.284515665799915,1.0243904092541545,35.23573484729161,39.33329648430822
16,4.0,34.93300496422394,34.58731358213681,1.0243904092541545,32.538532763628496,36.63609440064512
17,4.25,34.81992681363599,35.52936003295995,1.0243904092541545,33.48057921445164,37.57814085146826
18,4.5,34.74392414632567,33.65373193401458,1.0243904092541545,31.60495111550627,35.70251275252289
19,4.75,34.6483779789772,34.4478928790933,1.0243904092541545,32.399112060585,36.49667369760161
20,5.0,33.780471163735314,33.84461360834424,1.0243904092541545,31.79583278983593,35.89339442685255
21,5.25,34.06701234689221,34.83605309149823,1.0243904092541545,32.787272272989924,36.884833910006535
22,5.5,37.036311931853135,35.77562242653288,1.0243904092541545,33.72684160802457,37.82440324504118
23,5.75,40.16208955858927,40.00339860799381,1.0243904092541545,37.954617789485496,42.05217942650212
24,6.0,42.170056649152826,42.3481555303817,1.0243904092541545,40.2993747118734,44.39693634889001
25,6.25,44.21455405140119,44.59976162682252,1.0243904092541545,42.55098080831421,46.64854244533083
26,6.5,44.4007203910298,43.75036486431868,1.0243904092541545,41.70158404581038,45.79914568282699
27,6.75,49.29991631018644,48.71544761016373,1.0243904092541545,46.666666791655416,50.76422842867204
28,7.0,52.41502967130137,51.981885906251954,1.0243904092541545,49.93310508774364,54.030666724760266
29,7.25,55.056580010488425,54.77050637755805,1.0243904092541545,52.721725559049744,56.819287196066355
30,7.5,56.969447719469606,54.95029692710836,1.0243904092541545,52.90151610860005,56.999077745616674
31,7.75,58.23257004672597,58.66728454498302,1.0243904092541545,56.618503726474714,60.716065363491325
32,8.0,59.85803518187525,60.4807470852908,1.0243904092541545,58.431966266782496,62.52952790379911
33,8.25,82.31083866759893,82.77648980217052,1.0243904092541545,80.72770898366221,84.82527062067882
34,8.5,86.20261904997618,85.63802716423666,1.0243904092541545,83.58924634572836,87.68680798274497
35,8.75,84.18368249001148,83.26811095804224,1.0243904092541545,81.21933013953394,85.31689177655055
36,9.0,83.96966609538592,84.35148284952561,1.0243904092541545,82.3027020310173,86.40026366803392
37,9.25,84.49113635511294,85.18311467677763,1.0243904092541545,83.13433385826933,87.23189549528594
38,9.5,82.5991087624728,83.04149846179067,1.0243904092541545,80.99271764328236,85.09027928029897
39,9.75,84.81587643024525,84.19769150049898,1.0243904092541545,82.14891068199067,86.24647231900728
40,10.0,85.37992550921639,84.60799815994878,1.0243904092541545,82.55921734144047,86.65677897845708
41,10.25,85.36904691329644,84.95902650089,1.0243904092541545,82.9102456823817,87.00780731939831
42,10.5,82.77707034005657,83.55910878374372,1.0243904092541545,81.51032796523542,85.60788960225203
43,10.75,85.86351179880086,85.85918566377211,1.0243904092541545,83.8104048452638,87.90796648228041
44,11.0,88.02320351537583,87.85652986223803,1.0243904092541545,85.80774904372973,89.90531068074634
45,11.25,84.90443693442968,84.68708216243297,1.0243904092541545,82.63830134392467,86.73586298094128
46,11.5,89.5634620583402,88.81111991347171,1.0243904092541545,86.76233909496341,90.85990073198002
47,11.75,88.80720074142077,88.46664008936602,1.0243904092541545,86.41785927085772,90.51542090787433
48,12.0,89.20593798443792,88.26988409679022,1.0243904092541545,86.22110327828192,90.31866491529853
49,12.25,93.14619062773491,92.94114130589824,1.0243904092541545,90.89236048738994,94.98992212440655
50,12.5,92.7350496990781,92.12479954578662,1.0243904092541545,90.07601872727831,94.17358036429492
51,12.75,91.44433026280846,90.87220943608075,1.0243904092541545,88.82342861757245,92.92099025458906
52,13.0,91.9773707173967,93.31784241057719,1.0243904092541545,91.26906159206888,95.36662322908549
53,13.25,94.5752069645171,94.86720774465985,1.0243904092541545,92.81842692615155,96.91598856316816
54,13.5,94.01441641007358,94.42544744539583,1.0243904092541545,92.37666662688753,96.47422826390414
55,13.75,95.41858313127682,95.72508550365936,1.0243904092541545,93.67630468515105,97.77386632216766
56,14.0,94.94650715924973,95.24730935004033,1.0243904092541545,93.19852853153202,97.29609016854863
57,14.25,97.61662603462088,95.95594339649176,1.0243904092541545,93.90716257798346,98.00472421500007
58,14.5,95.95613146127222,96.72737322182749,1.0243904092541545,94.67859240331919,98.7761540403358
59,14.75,94.39090185512087,93.25190795093914,1.0243904092541545,91.20312713243084,95.30068876944745
60,15.0,92.14304343584897,93.49795873510658,1.0243904092541545,91.44917791659827,95.54673955361488
61,15.25,91.6570844263591,91.80450657417313,1.0243904092541545,89.75572575566483,93.85328739268144
62,15.5,91.88292664006512,91.69045768614716,1.0243904092541545,89.64167686763885,93.73923850465546
63,15.75,89.4103892931413,88.7850521412294,1.0243904092541545,86.7362713227211,90.8338329597377
64,16.0,89.19014900108462,88.18362755937602,1.0243904092541545,86.13484674086772,90.23240837788433
65,16.25,66.14341190907359,65.55614546890016,1.0243904092541545,63.50736465039185,67.60492628740846
66,16.5,63.37730804849851,63.571851699467594,1.0243904092541545,61.52307088095928,65.6206325179759
67,16.75,60.5901493229742,60.93922592635461,1.0243904092541545,58.890445107846304,62.988006744862915
68,17.0,55.70721674729365,55.071481335174035,1.0243904092541545,53.02270051666572,57.12026215368235
69,17.25,52.588223742201095,53.12058420675016,1.0243904092541545,51.07180338824185,55.16936502525847
70,17.5,50.77821281429138,52.093909087234934,1.0243904092541545,50.04512826872663,54.14268990574324
71,17.75,44.84718861702287,45.6541945915981,1.0243904092541545,43.60541377308979,47.702975410106404
72,18.0,44.681287555829435,45.524421075695784,1.0243904092541545,43.47564025718748,47.57320189420409
73,18.25,44.258589793173435,43.885700258700766,1.0243904092541545,41.83691944019246,45.93448107720907
74,18.5,43.474099000984886,43.540732464478644,1.0243904092541545,41.49195164597033,45.58951328298696
75,18.75,41.09026965258492,40.35661704440243,1.0243904092541545,38.30783622589412,42.40539786291073
76,19.0,36.49851830405415,36.95759601943111,1.0243904092541545,34.9088152009228,39.00637683793941
77,19.25,38.71469565080402,38.637028297398885,1.0243904092541545,36.58824747889058,40.68580911590719
78,19.5,39.322382916447864,38.62401846151377,1.0243904092541545,36.575237643005465,40.672799280022076
79,19.75,40.77449794379928,41.26653601013993,1.0243904092541545,39.217755191631625,43.315316828648236
80,20.0,38.9602609771568,38.534075478168106,1.0243904092541545,36.4852946596598,40.58285629667641
81,20.25,38.05885572762773,38.57922860878043,1.0243904092541545,36.53044779027212,40.628009427288745
82,20.5,39.300545228432,39.70429817250676,1.0243904092541545,37.65551735399845,41.75307899101507
83,20.75,38.721579947234844,39.17799701485297,1.0243904092541545,37.12921619634466,41.22677783336128
84,21.0,37.88645292537658,39.21755590988781,1.0243904092541545,37.1687750913795,41.26633672839611
85,21.25,38.4287518412417,37.86102560816554,1.0243904092541545,35.81224478965723,39.90980642667385
86,21.5,39.04138066054669,39.299714472560645,1.0243904092541545,37.25093365405233,41.34849529106896
87,21.75,39.04051043652796,39.344059061798696,1.0243904092541545,37.29527824329038,41.39283988030701
88,22.0,41.76380466484974,41.53347847334979,1.0243904092541545,39.48469765484148,43.582259291858094
89,22.25,41.14363456411072,40.43750906411144,1.0243904092541545,38.38872824560313,42.486289882619744
90,22.5,40.558344093367204,40.006618596403015,1.0243904092541545,37.95783777789471,42.05539941491132
91,22.75,40.8262587683753,40.82950948497308,1.0243904092541545,38.78072866646477,42.87829030348139
92,23.0,39.25585210216107,39.59084491122708,1.0243904092541545,37.542064092718775,41.639625729735386
93,23.25,36.21126144088028,36.199967986588135,1.0243904092541545,34.15118716807983,38.24874880509644
94,23.5,33.292086168328325,34.790099062287744,1.0243904092541545,32.74131824377943,36.83887988079606
95,23.75,34.42520128088462,35.98681288304859,1.0243904092539327,33.93803206454073,38.03559370155646
96,24.0,33.87296732321446,35.134688362515206,1.0243904092539327,33.08590754400734,37.18346918102307
97,24.25,34.698463678916944,35.689583375502735,1.0243904092541545,33.64080255699443,37.73836419401104
98,24.5,35.42766308292272,35.023045860213614,1.0243904092541545,32.97426504170531,37.07182667872192
99,24.75,33.393789126211786,34.62640248097045,1.0243904092541545,32.577621662462136,36.67518329947876
100,25.0,34.59923106635434,34.95070530536225,1.0243904092541545,32.90192448685394,36.999486123870554
101,25.25,35.64834601468695,34.230448152516196,1.0243904092541545,32.181667334007884,36.27922897102451
102,25.5,35.48899793985837,35.760662707442506,1.0243904092541545,33.7118818889342,37.80944352595081
103,25.75,38.38067127285739,37.70793615635533,1.0243904092541545,35.659155337847025,39.756716974863636
104,26.0,34.33403440734219,35.08991210253183,1.0243904092541545,33.04113128402352,37.13869292104013
105,26.25,34.9646177124705,35.326242041856865,1.0243904092541545,33.27746122334855,37.37502286036518
106,26.5,35.776421771601186,36.575653971679294,1.0243904092541545,34.52687315317098,38.62443479018761
107,26.75,36.273172573405276,36.430920108720926,1.0243904092541545,34.38213929021262,38.47970092722923
108,27.0,37.17392401101002,36.39338066672527,1.0243904092541545,34.34459984821696,38.442161485233584
109,27.25,33.27117802094567,34.881621128552524,1.0243904092541545,32.83284031004422,36.93040194706083
110,27.5,36.6863680038359,36.625890307794094,1.0243904092541545,34.57710948928579,38.6746711263024
111,27.75,37.50022231517917,37.284515665799915,1.0243904092541545,35.23573484729161,39.33329648430822
112,28.0,33.97010422444465,34.58731358213681,1.0243904092541545,32.538532763628496,36.63609440064512
113,28.25,34.33275156007653,35.52936003295995,1.0243904092541545,33.48057921445164,37.57814085146826
114,28.5,33.93760335273226,33.653731934014566,1.0243904092541545,31.604951115506257,35.70251275252288
115,28.75,34.16881118089965,34.4478928790933,1.0243904092541545,32.399112060585,36.49667369760161
116,29.0,34.19800973863528,33.84461360834424,1.0243904092541545,31.79583278983593,35.89339442685255
117,29.25,34.76979403681959,34.83605309149823,1.0243904092541545,32.787272272989924,36.884833910006535
118,29.5,37.415549484500026,35.77562242653288,1.0243904092541545,33.72684160802457,37.82440324504118
119,29.75,40.07726341318505,40.003398607993816,1.0243904092541545,37.95461778948551,42.05217942650212
120,30.0,41.57488697869407,42.3481555303817,1.0243904092541545,40.2993747118734,44.39693634889001
121,30.25,44.74596323684574,44.59976162682251,1.0243904092541545,42.55098080831421,46.64854244533082
122,30.5,44.08840788944821,43.75036486431868,1.0243904092541545,41.70158404581038,45.79914568282699
123,30.75,50.293659821062796,48.71544761016373,1.0243904092541545,46.666666791655416,50.76422842867204
124,31.0,52.83740830561995,51.981885906251954,1.0243904092541545,49.93310508774364,54.030666724760266
125,31.25,54.98263006663005,54.77050637755805,1.0243904092541545,52.721725559049744,56.819287196066355
126,31.5,56.291103009818706,54.95029692710836,1.0243904092541545,52.90151610860005,56.999077745616674
127,31.75,57.45022200878773,58.66728454498302,1.0243904092541545,56.618503726474714,60.716065363491325
128,32.0,59.73052637819704,60.4807470852908,1.0243904092541545,58.431966266782496,62.52952790379911
129,32.25,82.19803545444128,82.77648980217052,1.0243904092541545,80.72770898366221,84.82527062067882
130,32.5,85.19682982424492,85.63802716423665,1.0243904092541545,83.58924634572834,87.68680798274495
131,32.75,81.67802404973428,83.26811095804224,1.0243904092541545,81.21933013953394,85.31689177655055
132,33.0,84.7187644998552,84.35148284952561,1.0243904092541545,82.3027020310173,86.40026366803392
133,33.25,85.1090701349767,85.18311467677763,1.0243904092541545,83.13433385826933,87.23189549528594
134,33.5,81.95278368366138,83.04149846179067,1.0243904092541545,80.99271764328236,85.09027928029897
135,33.75,83.149704561213,84.19769150049898,1.0243904092541545,82.14891068199067,86.24647231900728
136,34.0,84.95018518546314,84.60799815994876,1.0243904092541545,82.55921734144046,86.65677897845707
137,34.25,85.66401921288562,84.95902650089,1.0243904092541545,82.9102456823817,87.00780731939831
138,34.5,85.43931093903704,83.55910878374372,1.0243904092541545,81.51032796523542,85.60788960225203
139,34.75,88.54521294174147,85.85918566377211,1.0243904092541545,83.8104048452638,87.90796648228041
140,35.0,88.32092713951108,87.85652986223805,1.0243904092541545,85.80774904372974,89.90531068074635
141,35.25,83.6962102176688,84.68708216243297,1.0243904092541545,82.63830134392467,86.73586298094128
142,35.5,86.55998699966071,88.81111991347171,1.0243904092541545,86.76233909496341,90.85990073198002
143,35.75,88.85131665498993,88.46664008936602,1.0243904092541545,86.41785927085772,90.51542090787433
144,36.0,87.7140833260557,88.26988409679021,1.0243904092541545,86.2211032782819,90.31866491529851
145,36.25,92.66325429806633,92.94114130589824,1.0243904092541545,90.89236048738994,94.98992212440655
146,36.5,91.8338335013283,92.1247995457866,1.0243904092541545,90.0760187272783,94.1735803642949
147,36.75,90.67225115055354,90.87220943608075,1.0243904092541545,88.82342861757245,92.92099025458906
148,37.0,94.50050676804001,93.31784241057719,1.0243904092541545,91.26906159206888,95.36662322908549
149,37.25,95.05192674831974,94.86720774465985,1.0243904092541545,92.81842692615155,96.91598856316816
150,37.5,94.32615422732769,94.42544744539582,1.0243904092541545,92.37666662688751,96.47422826390412
151,37.75,95.02180722669435,95.72508550365937,1.0243904092541545,93.67630468515107,97.77386632216768
152,38.0,93.54696646577206,95.24730935004033,1.0243904092541545,93.19852853153202,97.29609016854863
153,38.25,95.63537681431315,95.95594339649176,1.0243904092541545,93.90716257798346,98.00472421500007
154,38.5,96.76818002614714,96.7273732218275,1.0243904092541545,94.6785924033192,98.77615404033581
155,38.75,95.19055341410927,93.25190795093914,1.0243904092541545,91.20312713243084,95.30068876944745
156,39.0,93.95618772893765,93.49795873510658,1.0243904092541545,91.44917791659827,95.54673955361488
157,39.25,92.97470896736793,91.80450657417313,1.0243904092541545,89.75572575566483,93.85328739268144
158,39.5,91.22087797642097,91.69045768614717,1.0243904092541545,89.64167686763886,93.73923850465548
159,39.75,87.63922319536499,88.7850521412294,1.0243904092541545,86.7362713227211,90.8338329597377
160,40.0,87.5138056590594,88.18362755937602,1.0243904092541545,86.13484674086772,90.23240837788433
161,40.25,64.62483860933791,65.55614546890016,1.0243904092541545,63.50736465039185,67.60492628740846
162,40.5,65.85450285318211,63.571851699467594,1.0243904092541545,61.52307088095928,65.6206325179759
163,40.75,60.23111443641438,60.93922592635461,1.0243904092541545,58.890445107846304,62.988006744862915
164,41.0,55.68773006977284,55.07148133517403,1.0243904092541545,53.02270051666572,57.12026215368233
165,41.25,51.87660088899568,53.12058420675016,1.0243904092541545,51.07180338824185,55.16936502525847
166,41.5,52.98547215050355,52.093909087234934,1.0243904092541545,50.04512826872663,54.14268990574324
167,41.75,46.365426797132216,45.65419459159809,1.0243904092541545,43.60541377308978,47.702975410106404
168,42.0,45.44410194417295,45.524421075695784,1.0243904092541545,43.47564025718748,47.57320189420409
169,42.25,43.72066652298424,43.885700258700766,1.0243904092541545,41.83691944019246,45.93448107720907
170,42.5,42.67688556948493,43.540732464478644,1.0243904092541545,41.49195164597033,45.58951328298696
171,42.75,40.845856499999236,40.35661704440242,1.0243904092541545,38.30783622589411,42.40539786291073
172,43.0,36.470787470049906,36.95759601943111,1.0243904092541545,34.9088152009228,39.00637683793941
173,43.25,37.33055019596006,38.637028297398885,1.0243904092541545,36.58824747889058,40.68580911590719
174,43.5,37.418854948160906,38.62401846151377,1.0243904092541545,36.575237643005465,40.672799280022076
175,43.75,41.25643240124164,41.26653601013993,1.0243904092541545,39.217755191631625,43.315316828648236
176,44.0,40.08257699600983,38.534075478168106,1.0243904092541545,36.4852946596598,40.58285629667641
177,44.25,38.88077328226782,38.57922860878043,1.0243904092541545,36.53044779027212,40.628009427288745
178,44.5,39.54496074888719,39.70429817250676,1.0243904092541545,37.65551735399845,41.75307899101507
179,44.75,39.38914398083571,39.17799701485296,1.0243904092541545,37.12921619634466,41.22677783336127
180,45.0,40.38829431267244,39.21755590988781,1.0243904092541545,37.1687750913795,41.26633672839611
181,45.25,38.16116186181997,37.86102560816554,1.0243904092541545,35.81224478965723,39.90980642667385
182,45.5,39.099855769915685,39.299714472560645,1.0243904092541545,37.25093365405233,41.34849529106896
183,45.75,40.13430502786016,39.34405906179869,1.0243904092541545,37.29527824329038,41.392839880306994
184,46.0,41.71181444440544,41.53347847334979,1.0243904092541545,39.48469765484148,43.582259291858094
185,46.25,42.23285938007677,40.437509064111445,1.0243904092541545,38.38872824560313,42.48628988261976
186,46.5,40.076193421616324,40.006618596403015,1.0243904092541545,37.95783777789471,42.05539941491132
187,46.75,39.70027522116422,40.82950948497308,1.0243904092541545,38.78072866646477,42.87829030348139
188,47.0,38.31099121495956,39.59084491122708,1.0243904092541545,37.542064092718775,41.639625729735386
189,47.25,37.941907584017926,36.199967986588135,1.0243904092541545,34.15118716807983,38.24874880509644
190,47.5,36.70308632306965,34.79009906228775,1.0243904092541545,32.741318243779446,36.83887988079606
191,47.75,35.692794540025105,35.98681288304859,1.0243904092539327,33.93803206454073,38.03559370155646
192,48.0,34.81247961443288,35.13468836251521,1.0243904092539327,33.08590754400735,37.18346918102308
193,48.25,37.15715479876063,35.68958337550273,1.0243904092541545,33.640802556994416,37.73836419401104
194,48.5,33.92084317415579,35.023045860213614,1.0243904092541545,32.97426504170531,37.07182667872192
195,48.75,33.40454116261602,34.62640248097045,1.0243904092541545,32.577621662462136,36.67518329947876
196,49.0,35.62072041508278,34.95070530536225,1.0243904092541545,32.90192448685394,36.999486123870554
197,49.25,33.9545125940413,34.23044815251619,1.0243904092541545,32.181667334007884,36.279228971024494
198,49.5,35.84014004419972,35.760662707442506,1.0243904092541545,33.7118818889342,37.80944352595081
199,49.75,37.47971280586579,37.70793615635533,1.0243904092541545,35.659155337847025,39.756716974863636
200,50.0,35.605226636150995,35.08991210253183,1.0243904092541545,33.04113128402352,37.13869292104013
201,50.25,36.57753713165185,35.32624204185687,1.0243904092541545,33.27746122334857,37.37502286036518
202,50.5,36.817028733413515,36.575653971679294,1.0243904092541545,34.52687315317098,38.62443479018761
203,50.75,37.256144442582695,36.430920108720926,1.0243904092541545,34.38213929021262,38.47970092722923
204,51.0,34.2834437725216,36.39338066672527,1.0243904092541545,34.34459984821696,38.442161485233584
205,51.25,34.9497800422079,34.881621128552524,1.0243904092541545,32.83284031004422,36.93040194706083
206,51.5,35.408714089997176,36.625890307794094,1.0243904092541545,34.57710948928579,38.6746711263024
207,51.75,36.043673652423266,37.284515665799915,1.0243904092541545,35.23573484729161,39.33329648430822
208,52.0,33.68610181321269,34.58731358213681,1.0243904092541545,32.538532763628496,36.63609440064512
209,52.25,35.44468597376417,35.52936003295995,1.0243904092541545,33.48057921445164,37.57814085146826
210,52.5,34.78137638737441,33.65373193401458,1.0243904092541545,31.60495111550627,35.70251275252289
211,52.75,33.37191117222389,34.4478928790933,1.0243904092541545,32.399112060585,36.49667369760161
212,53.0,33.995965019874994,33.84461360834424,1.0243904092541545,31.79583278983593,35.89339442685255
213,53.25,34.263772457962574,34.83605309149823,1.0243904092541545,32.787272272989924,36.884833910006535
214,53.5,35.486097498817145,35.77562242653288,1.0243904092541545,33.72684160802457,37.82440324504118
215,53.75,41.31937686596268,40.00339860799381,1.0243904092541545,37.954617789485496,42.05217942650212
216,54.0,43.136499908319855,42.34815553038171,1.0243904092541545,40.2993747118734,44.39693634889002
217,54.25,45.904085709332165,44.59976162682251,1.0243904092541545,42.55098080831421,46.64854244533082
218,54.5,43.71390552622655,43.75036486431868,1.0243904092541545,41.70158404581038,45.79914568282699
219,54.75,48.23852963415166,48.71544761016373,1.0243904092541545,46.666666791655416,50.76422842867204
220,55.0,51.778438242824876,51.981885906251954,1.0243904092541545,49.93310508774364,54.030666724760266
221,55.25,54.86825579875176,54.77050637755805,1.0243904092541545,52.721725559049744,56.819287196066355
222,55.5,55.00437347705285,54.95029692710837,1.0243904092541545,52.90151610860006,56.999077745616674
223,55.75,57.554596990877215,58.66728454498302,1.0243904092541545,56.618503726474714,60.716065363491325
224,56.0,60.46076769257466,60.4807470852908,1.0243904092541545,58.431966266782496,62.52952790379911
225,56.25,83.35283972598572,82.77648980217053,1.0243904092541545,80.72770898366223,84.82527062067884
226,56.5,88.1041136649346,85.63802716423666,1.0243904092541545,83.58924634572836,87.68680798274497
227,56.75,84.93155480857226,83.26811095804224,1.0243904092541545,81.21933013953394,85.31689177655055
228,57.0,83.23037020248198,84.35148284952561,1.0243904092541545,82.3027020310173,86.40026366803392
229,57.25,85.0439094705263,85.18311467677763,1.0243904092541545,83.13433385826933,87.23189549528594
230,57.5,81.96014797632702,83.04149846179067,1.0243904092541545,80.99271764328236,85.09027928029897
231,57.75,83.57457662845707,84.19769150049898,1.0243904092541545,82.14891068199067,86.24647231900728
232,58.0,84.95227634160328,84.60799815994878,1.0243904092541545,82.55921734144047,86.65677897845708
233,58.25,86.03174626587948,84.95902650089,1.0243904092541545,82.9102456823817,87.00780731939831
234,58.5,82.71349620960166,83.55910878374374,1.0243904092541545,81.51032796523543,85.60788960225204
235,58.75,84.97720403566635,85.85918566377211,1.0243904092541545,83.8104048452638,87.90796648228041
236,59.0,85.75922867649643,87.85652986223803,1.0243904092541545,85.80774904372973,89.90531068074634
237,59.25,84.52308241715576,84.68708216243297,1.0243904092541545,82.63830134392467,86.73586298094128
238,59.5,87.62961886853245,88.81111991347171,1.0243904092541545,86.76233909496341,90.85990073198002
239,59.75,88.05416576528002,88.46664008936602,1.0243904092541545,86.41785927085772,90.51542090787433
240,60.0,87.65016364319844,88.26988409679021,1.0243904092541545,86.2211032782819,90.31866491529851
241,60.25,92.98434900399347,92.94114130589824,1.0243904092541545,90.89236048738994,94.98992212440655
242,60.5,90.68820190903148,92.12479954578662,1.0243904092541545,90.07601872727831,94.17358036429492
243,60.75,89.34599679157893,90.87220943608075,1.0243904092541545,88.82342861757245,92.92099025458906
244,61.0,95.56377364928066,93.31784241057717,1.0243904092541545,91.26906159206887,95.36662322908548
245,61.25,93.60745559960037,94.86720774465985,1.0243904092541545,92.81842692615155,96.91598856316816
246,61.5,93.38800348591174,94.42544744539582,1.0243904092541545,92.37666662688751,96.47422826390412
247,61.75,97.89437450784148,95.72508550365936,1.0243904092541545,93.67630468515105,97.77386632216766
248,62.0,98.12671657971683,95.24730935004033,1.0243904092541545,93.19852853153202,97.29609016854863
249,62.25,94.95011809456113,95.95594339649176,1.0243904092541545,93.90716257798346,98.00472421500007
250,62.5,96.45371362017742,96.72737322182749,1.0243904092541545,94.67859240331919,98.7761540403358
251,62.75,93.76417905146991,93.25190795093914,1.0243904092541545,91.20312713243084,95.30068876944745
252,63.0,95.55461085187036,93.49795873510658,1.0243904092541545,91.44917791659827,95.54673955361488
253,63.25,91.00511237791663,91.80450657417313,1.0243904092541545,89.75572575566483,93.85328739268144
254,63.5,91.474895729018,91.69045768614717,1.0243904092541545,89.64167686763886,93.73923850465548
255,63.75,89.60150453784375,88.7850521412294,1.0243904092541545,86.7362713227211,90.8338329597377
256,64.0,88.9136884957584,88.18362755937602,1.0243904092541545,86.13484674086772,90.23240837788433
257,64.25,64.97390860264356,65.55614546890017,1.0243904092541545,63.507364650391864,67.60492628740847
258,64.5,63.592210156230905,63.571851699467594,1.0243904092541545,61.52307088095928,65.6206325179759
259,64.75,59.677605307268784,60.93922592635461,1.0243904092541545,58.890445107846304,62.988006744862915
260,65.0,54.61106712206183,55.07148133517403,1.0243904092541545,53.02270051666572,57.12026215368233
261,65.25,52.513140577073756,53.12058420675016,1.0243904092541545,51.07180338824185,55.16936502525847
262,65.5,52.28606902725556,52.093909087234934,1.0243904092541545,50.04512826872663,54.14268990574324
263,65.75,45.42514861220734,45.65419459159809,1.0243904092541545,43.60541377308978,47.702975410106404
264,66.0,46.07227836437618,45.524421075695784,1.0243904092541545,43.47564025718748,47.57320189420409
265,66.25,44.7741448669395,43.885700258700766,1.0243904092541545,41.83691944019246,45.93448107720907
266,66.5,43.48710259258279,43.540732464478644,1.0243904092541545,41.49195164597033,45.58951328298696
267,66.75,40.75154070691636,40.35661704440243,1.0243904092541545,38.30783622589412,42.40539786291073
268,67.0,36.978926297968556,36.95759601943111,1.0243904092541545,34.9088152009228,39.00637683793941
269,67.25,38.55624035281872,38.637028297398885,1.0243904092541545,36.58824747889058,40.68580911590719
270,67.5,37.97523448893768,38.62401846151377,1.0243904092541545,36.575237643005465,40.672799280022076
271,67.75,41.400338745192826,41.26653601013993,1.0243904092541545,39.217755191631625,43.315316828648236
272,68.0,38.4061991411859,38.53407547816811,1.0243904092541545,36.4852946596598,40.582856296676425
273,68.25,40.81394997762497,38.57922860878043,1.0243904092541545,36.53044779027212,40.628009427288745
274,68.5,41.23695397747232,39.70429817250676,1.0243904092541545,37.65551735399845,41.75307899101507
275,68.75,39.48916439378967,39.17799701485296,1.0243904092541545,37.12921619634466,41.22677783336127
276,69.0,38.319235361270856,39.21755590988781,1.0243904092541545,37.1687750913795,41.26633672839611
277,69.25,36.829367888472696,37.86102560816555,1.0243904092541545,35.81224478965724,39.90980642667385
278,69.5,40.701925953838284,39.299714472560645,1.0243904092541545,37.25093365405233,41.34849529106896
279,69.75,39.29076554294741,39.34405906179869,1.0243904092541545,37.29527824329038,41.392839880306994
280,70.0,41.76320140933544,41.53347847334979,1.0243904092541545,39.48469765484148,43.582259291858094
281,70.25,38.95251740110658,40.43750906411144,1.0243904092541545,38.38872824560313,42.486289882619744
282,70.5,40.8203974659526,40.006618596403015,1.0243904092541545,37.95783777789471,42.05539941491132
283,70.75,41.379164591099084,40.82950948497308,1.0243904092541545,38.78072866646477,42.87829030348139
284,71.0,38.56871972979074,39.59084491122708,1.0243904092541545,37.542064092718775,41.639625729735386
285,71.25,35.81945484433673,36.199967986588135,1.0243904092541545,34.15118716807983,38.24874880509644
286,71.5,35.24313780664287,34.79009906228775,1.0243904092541545,32.741318243779446,36.83887988079606
287,71.75,35.92478055166395,35.98681288304859,1.0243904092539327,33.93803206454073,38.03559370155646
288,72.0,34.90349574976531,35.134688362515206,1.0243904092539327,33.08590754400734,37.18346918102307
289,72.25,35.592222238452464,35.68958337550273,1.0243904092541545,33.640802556994416,37.73836419401104
290,72.5,34.775911477992395,35.023045860213614,1.0243904092541545,32.97426504170531,37.07182667872192
291,72.75,34.45183069367432,34.62640248097045,1.0243904092541545,32.577621662462136,36.67518329947876
292,73.0,36.44888559338689,34.950705305362256,1.0243904092541545,32.90192448685394,36.99948612387057
293,73.25,31.782459275969586,34.23044815251619,1.0243904092541545,32.181667334007884,36.279228971024494
294,73.5,35.60841164641011,35.760662707442506,1.0243904092541545,33.7118818889342,37.80944352595081
295,73.75,37.81966812576275,37.70793615635534,1.0243904092541545,35.659155337847025,39.75671697486365
296,74.0,35.56364607703916,35.08991210253183,1.0243904092541545,33.04113128402352,37.13869292104013
297,74.25,34.79814068901684,35.326242041856865,1.0243904092541545,33.27746122334855,37.37502286036518
298,74.5,34.96972204403318,36.575653971679294,1.0243904092541545,34.52687315317098,38.62443479018761
299,74.75,36.94020113301995,36.430920108720926,1.0243904092541545,34.38213929021262,38.47970092722923
300,75.0,38.06096608771681,36.39338066672527,1.0243904092541545,34.34459984821696,38.442161485233584
301,75.25,33.46463703922188,34.881621128552524,1.0243904092541545,32.83284031004422,36.93040194706083
302,75.5,37.115772373988236,36.625890307794094,1.0243904092541545,34.57710948928579,38.6746711263024
303,75.75,36.933961489724,37.284515665799915,1.0243904092541545,35.23573484729161,39.33329648430822
304,76.0,34.50292983431259,34.58731358213681,1.0243904092541545,32.538532763628496,36.63609440064512
305,76.25,34.72591090376104,35.52936003295995,1.0243904092541545,33.48057921445164,37.57814085146826
306,76.5,33.531017672662514,33.65373193401458,1.0243904092541545,31.60495111550627,35.70251275252289
307,76.75,35.998348484662415,34.44789287909331,1.0243904092541545,32.399112060585,36.49667369760162
308,77.0,34.54798876926829,33.84461360834424,1.0243904092541545,31.79583278983593,35.89339442685255
309,77.25,36.4802534967061,34.83605309149823,1.0243904092541545,32.787272272989924,36.884833910006535
310,77.5,36.9911824821568,35.77562242653287,1.0243904092541545,33.72684160802456,37.82440324504118
311,77.75,40.75570571958765,40.003398607993816,1.0243904092541545,37.95461778948551,42.05217942650212
312,78.0,44.34231899748372,42.3481555303817,1.0243904092541545,40.2993747118734,44.39693634889001
313,78.25,45.00568076062772,44.59976162682252,1.0243904092541545,42.55098080831421,46.64854244533083
314,78.5,44.696399382273505,43.75036486431868,1.0243904092541545,41.70158404581038,45.79914568282699
315,78.75,48.63790129228765,48.71544761016373,1.0243904092541545,46.666666791655416,50.76422842867204
316,79.0,52.068842875564584,51.981885906251954,1.0243904092541545,49.93310508774364,54.030666724760266
317,79.25,53.92833518418026,54.77050637755805,1.0243904092541545,52.721725559049744,56.819287196066355
318,79.5,55.817384053194,54.95029692710836,1.0243904092541545,52.90151610860005,56.999077745616674
319,79.75,57.46068143999572,58.66728454498302,1.0243904092541545,56.618503726474714,60.716065363491325
320,80.0,61.15262825336445,60.4807470852908,1.0243904092541545,58.431966266782496,62.52952790379911
321,80.25,82.93396033834165,82.77648980217053,1.0243904092541545,80.72770898366223,84.82527062067884
322,80.5,86.757886720868,85.63802716423666,1.0243904092541545,83.58924634572836,87.68680798274497
323,80.75,83.80557918602184,83.26811095804224,1.0243904092541545,81.21933013953394,85.31689177655055
324,81.0,85.9042597106876,84.35148284952561,1.0243904092541545,82.3027020310173,86.40026366803392
325,81.25,86.06206752321413,85.18311467677763,1.0243904092541545,83.13433385826933,87.23189549528594
326,81.5,81.8515497225108,83.04149846179067,1.0243904092541545,80.99271764328236,85.09027928029897
327,81.75,84.09833046952235,84.19769150049898,1.0243904092541545,82.14891068199067,86.24647231900728
328,82.0,83.46466414541813,84.60799815994876,1.0243904092541545,82.55921734144046,86.65677897845707
329,82.25,84.30761280262497,84.95902650089,1.0243904092541545,82.9102456823817,87.00780731939831
330,82.5,84.95380848062199,83.55910878374372,1.0243904092541545,81.51032796523542,85.60788960225203
331,82.75,86.26888428663183,85.85918566377211,1.0243904092541545,83.8104048452638,87.90796648228041
332,83.0,87.20758727765634,87.85652986223803,1.0243904092541545,85.80774904372973,89.90531068074634
333,83.25,83.67203097126027,84.68708216243297,1.0243904092541545,82.63830134392467,86.73586298094128
334,83.5,88.72481537326827,88.81111991347171,1.0243904092541545,86.76233909496341,90.85990073198002
335,83.75,87.36704504326497,88.46664008936602,1.0243904092541545,86.41785927085772,90.51542090787433
336,84.0,87.85588414396945,88.26988409679021,1.0243904092541545,86.2211032782819,90.31866491529851
337,84.25,93.39062102979727,92.94114130589824,1.0243904092541545,90.89236048738994,94.98992212440655
338,84.5,93.6012423364948,92.12479954578662,1.0243904092541545,90.07601872727831,94.17358036429492
339,84.75,91.42180350919436,90.87220943608075,1.0243904092541545,88.82342861757245,92.92099025458906
340,85.0,91.14323702865427,93.31784241057717,1.0243904092541545,91.26906159206887,95.36662322908548
341,85.25,95.19924490990466,94.86720774465985,1.0243904092541545,92.81842692615155,96.91598856316816
342,85.5,94.55682263759896,94.42544744539582,1.0243904092541545,92.37666662688751,96.47422826390412
343,85.75,96.47135126489285,95.72508550365937,1.0243904092541545,93.67630468515107,97.77386632216768
344,86.0,96.83785909212763,95.24730935004033,1.0243904092541545,93.19852853153202,97.29609016854863
345,86.25,94.05844644658174,95.95594339649176,1.0243904092541545,93.90716257798346,98.00472421500007
346,86.5,96.23085915177435,96.72737322182749,1.0243904092541545,94.67859240331919,98.7761540403358
347,86.75,94.01352982332276,93.25190795093914,1.0243904092541545,91.20312713243084,95.30068876944745
348,87.0,92.24431880801082,93.49795873510658,1.0243904092541545,91.44917791659827,95.54673955361488
349,87.25,93.46791850439838,91.80450657417313,1.0243904092541545,89.75572575566483,93.85328739268144
350,87.5,92.08853018766077,91.69045768614717,1.0243904092541545,89.64167686763886,93.73923850465548
351,87.75,89.67075094762542,88.7850521412294,1.0243904092541545,86.7362713227211,90.8338329597377
352,88.0,87.90797875976997,88.18362755937602,1.0243904092541545,86.13484674086772,90.23240837788433
353,88.25,66.16382836383987,65.55614546890016,1.0243904092541545,63.50736465039185,67.60492628740846
354,88.5,64.79450467673598,63.571851699467594,1.0243904092541545,61.52307088095928,65.6206325179759
355,88.75,61.28537913577594,60.93922592635461,1.0243904092541545,58.890445107846304,62.988006744862915
356,89.0,55.08364175873519,55.07148133517402,1.0243904092541545,53.02270051666571,57.12026215368233
357,89.25,53.04987130636444,53.12058420675016,1.0243904092541545,51.07180338824185,55.16936502525847
358,89.5,51.19055387288992,52.093909087234934,1.0243904092541545,50.04512826872663,54.14268990574324
359,89.75,45.832947150786,45.65419459159809,1.0243904092541545,43.60541377308978,47.702975410106404
360,90.0,45.448217309378684,45.524421075695784,1.0243904092541545,43.47564025718748,47.57320189420409
361,90.25,44.14482291347316,43.885700258700766,1.0243904092541545,41.83691944019246,45.93448107720907
362,90.5,44.331497511824615,43.540732464478644,1.0243904092541545,41.49195164597033,45.58951328298696
363,90.75,39.341248216538744,40.35661704440243,1.0243904092541545,38.30783622589412,42.40539786291073
364,91.0,36.80076192007111,36.95759601943111,1.0243904092541545,34.9088152009228,39.00637683793941
365,91.25,40.03761150738628,38.637028297398885,1.0243904092541545,36.58824747889058,40.68580911590719
366,91.5,37.953204293667966,38.62401846151377,1.0243904092541545,36.575237643005465,40.672799280022076
367,91.75,40.2615944662292,41.26653601013993,1.0243904092541545,39.217755191631625,43.315316828648236
368,92.0,38.70579193143058,38.534075478168106,1.0243904092541545,36.4852946596598,40.58285629667641
369,92.25,39.5651668591797,38.57922860878043,1.0243904092541545,36.53044779027212,40.628009427288745
370,92.5,39.675025130557735,39.70429817250676,1.0243904092541545,37.65551735399845,41.75307899101507
371,92.75,40.43227843167016,39.17799701485296,1.0243904092541545,37.12921619634466,41.22677783336127
372,93.0,39.93908655353215,39.21755590988781,1.0243904092541545,37.1687750913795,41.26633672839611
373,93.25,38.78359942734618,37.86102560816555,1.0243904092541545,35.81224478965724,39.90980642667385
374,93.5,40.064899502073516,39.299714472560645,1.0243904092541545,37.25093365405233,41.34849529106896
375,93.75,41.355669418146356,39.34405906179869,1.0243904092541545,37.29527824329038,41.392839880306994
376,94.0,41.07789631707779,41.53347847334979,1.0243904092541545,39.48469765484148,43.582259291858094
377,94.25,38.69358109601426,40.437509064111445,1.0243904092541545,38.38872824560313,42.48628988261976
378,94.5,41.49721334591156,40.006618596403015,1.0243904092541545,37.95783777789471,42.05539941491132
379,94.75,40.4670448219279,40.82950948497308,1.0243904092541545,38.78072866646477,42.87829030348139
380,95.0,39.787030858548256,39.59084491122707,1.0243904092541545,37.54206409271876,41.639625729735386
381,95.25,37.6005303366472,36.199967986588135,1.0243904092541545,34.15118716807983,38.24874880509644
382,95.5,33.377161061227426,34.790099062287744,1.0243904092541545,32.74131824377943,36.83887988079606
383,95.75,34.620666539201565,35.98681288304859,1.0243904092539327,33.93803206454073,38.03559370155646
384,96.0,33.594388998450015,35.13468836251521,1.0243904092539327,33.08590754400735,37.18346918102308
385,96.25,34.901574216493,35.68958337550273,1.0243904092541545,33.640802556994416,37.73836419401104
386,96.5,35.46752546221628,35.023045860213614,1.0243904092541545,32.97426504170531,37.07182667872192
387,96.75,34.82345602438462,34.62640248097045,1.0243904092541545,32.577621662462136,36.67518329947876
388,97.0,35.25366779972229,34.95070530536225,1.0243904092541545,32.90192448685394,36.999486123870554
389,97.25,32.936351833008516,34.23044815251619,1.0243904092541545,32.181667334007884,36.279228971024494
390,97.5,33.53515847428715,35.760662707442506,1.0243904092541545,33.7118818889342,37.80944352595081
391,97.75,37.69750928978068,37.70793615635534,1.0243904092541545,35.659155337847025,39.75671697486365
392,98.0,34.79587605371373,35.08991210253183,1.0243904092541545,33.04113128402352,37.13869292104013
393,98.25,35.629441042054744,35.32624204185687,1.0243904092541545,33.27746122334857,37.37502286036518
394,98.5,37.42839745273304,36.575653971679294,1.0243904092541545,34.52687315317098,38.62443479018761
395,98.75,36.75044708136452,36.430920108720926,1.0243904092541545,34.38213929021262,38.47970092722923
396,99.0,37.09374895892848,36.39338066672527,1.0243904092541545,34.34459984821696,38.442161485233584
397,99.25,35.22770981825308,34.881621128552524,1.0243904092541545,32.83284031004422,36.93040194706083
398,99.5,36.782009065891515,36.625890307794094,1.0243904092541545,34.57710948928579,38.6746711263024
399,99.75,36.55781344997701,37.284515665799915,1.0243904092541545,35.23573484729161,39.33329648430822
400,100.0,34.38464276630998,34.58731358213681,1.0243904092541545,32.538532763628496,36.63609440064512
401,100.25,35.97558551112194,35.52936003295995,1.0243904092541545,33.48057921445164,37.57814085146826
402,100.5,34.68600232043581,33.65373193401458,1.0243904092541545,31.60495111550627,35.70251275252289
403,100.75,34.30456271773888,34.4478928790933,1.0243904092541545,32.399112060585,36.49667369760161
404,101.0,34.48650078301269,33.84461360834424,1.0243904092541545,31.79583278983593,35.89339442685255
405,101.25,34.48210309938077,34.83605309149823,1.0243904092541545,32.787272272989924,36.884833910006535
406,101.5,35.696228425850975,35.77562242653288,1.0243904092541545,33.72684160802457,37.82440324504118
407,101.75,41.14613808268215,40.00339860799381,1.0243904092541545,37.954617789485496,42.05217942650212
408,102.0,40.605324100261775,42.3481555303817,1.0243904092541545,40.2993747118734,44.39693634889001
409,102.25,43.27021527381466,44.59976162682251,1.0243904092541545,42.55098080831421,46.64854244533082
410,102.5,42.38622580803363,43.75036486431868,1.0243904092541545,41.70158404581038,45.79914568282699
411,102.75,46.60085612597406,48.71544761016373,1.0243904092541545,46.666666791655416,50.76422842867204
412,103.0,51.3240326195502,51.981885906251954,1.0243904092541545,49.93310508774364,54.030666724760266
413,103.25,55.37519290720828,54.77050637755805,1.0243904092541545,52.721725559049744,56.819287196066355
414,103.5,54.54291605221657,54.95029692710836,1.0243904092541545,52.90151610860005,56.999077745616674
415,103.75,58.836775145052435,58.66728454498302,1.0243904092541545,56.618503726474714,60.716065363491325
416,104.0,61.459495407657585,60.4807470852908,1.0243904092541545,58.431966266782496,62.52952790379911
417,104.25,84.4522975281145,82.77648980217052,1.0243904092541545,80.72770898366221,84.82527062067882
418,104.5,85.51750169267454,85.63802716423666,1.0243904092541545,83.58924634572836,87.68680798274497
419,104.75,84.40829608685999,83.26811095804224,1.0243904092541545,81.21933013953394,85.31689177655055
420,105.0,84.1757402114749,84.35148284952561,1.0243904092541545,82.3027020310173,86.40026366803392
421,105.25,84.49389460824801,85.18311467677763,1.0243904092541545,83.13433385826933,87.23189549528594
422,105.5,82.8291896259653,83.04149846179067,1.0243904092541545,80.99271764328236,85.09027928029897
423,105.75,82.68474712985554,84.19769150049898,1.0243904092541545,82.14891068199067,86.24647231900728
424,106.0,83.7485374842793,84.60799815994878,1.0243904092541545,82.55921734144047,86.65677897845708
425,106.25,84.46787595691681,84.95902650089,1.0243904092541545,82.9102456823817,87.00780731939831
426,106.5,84.24616506672386,83.55910878374372,1.0243904092541545,81.51032796523542,85.60788960225203
427,106.75,87.35212030690012,85.85918566377211,1.0243904092541545,83.8104048452638,87.90796648228041
428,107.0,86.52433619085805,87.85652986223803,1.0243904092541545,85.80774904372973,89.90531068074634
429,107.25,85.0785758059606,84.68708216243297,1.0243904092541545,82.63830134392467,86.73586298094128
430,107.5,87.65148934123448,88.81111991347171,1.0243904092541545,86.76233909496341,90.85990073198002
431,107.75,89.05830228110929,88.46664008936602,1.0243904092541545,86.41785927085772,90.51542090787433
432,108.0,88.3959377706783,88.26988409679022,1.0243904092541545,86.22110327828192,90.31866491529853
433,108.25,91.24770573239849,92.94114130589824,1.0243904092541545,90.89236048738994,94.98992212440655
434,108.5,93.3742272919566,92.12479954578662,1.0243904092541545,90.07601872727831,94.17358036429492
435,108.75,90.20804132416119,90.87220943608075,1.0243904092541545,88.82342861757245,92.92099025458906
436,109.0,92.90062629887882,93.31784241057719,1.0243904092541545,91.26906159206888,95.36662322908549
437,109.25,93.82512576958472,94.86720774465985,1.0243904092541545,92.81842692615155,96.91598856316816
438,109.5,93.83050578767883,94.42544744539582,1.0243904092541545,92.37666662688751,96.47422826390412
439,109.75,96.48535142021508,95.72508550365936,1.0243904092541545,93.67630468515105,97.77386632216766
440,110.0,95.03240506954,95.24730935004033,1.0243904092541545,93.19852853153202,97.29609016854863
441,110.25,96.45034672566896,95.95594339649176,1.0243904092541545,93.90716257798346,98.00472421500007
442,110.5,97.18388443089431,96.72737322182748,1.0243904092541545,94.67859240331917,98.77615404033578
443,110.75,94.74328515605757,93.25190795093914,1.0243904092541545,91.20312713243084,95.30068876944745
444,111.0,93.48312705660038,93.49795873510658,1.0243904092541545,91.44917791659827,95.54673955361488
445,111.25,90.51511163949914,91.80450657417313,1.0243904092541545,89.75572575566483,93.85328739268144
446,111.5,92.7873959915321,91.69045768614716,1.0243904092541545,89.64167686763885,93.73923850465546
447,111.75,88.49267878968476,88.7850521412294,1.0243904092541545,86.7362713227211,90.8338329597377
448,112.0,89.59351486586915,88.18362755937602,1.0243904092541545,86.13484674086772,90.23240837788433
449,112.25,65.73344178705614,65.55614546890016,1.0243904092541545,63.50736465039185,67.60492628740846
450,112.5,63.5948955905436,63.571851699467594,1.0243904092541545,61.52307088095928,65.6206325179759
451,112.75,61.40127700968507,60.93922592635461,1.0243904092541545,58.890445107846304,62.988006744862915
452,113.0,56.8002534261628,55.071481335174035,1.0243904092541545,53.02270051666572,57.12026215368235
453,113.25,54.856508596136464,53.12058420675016,1.0243904092541545,51.07180338824185,55.16936502525847
454,113.5,52.12328027276208,52.093909087234934,1.0243904092541545,50.04512826872663,54.14268990574324
455,113.75,46.14066642434343,45.65419459159809,1.0243904092541545,43.60541377308978,47.702975410106404
456,114.0,46.67697999929743,45.524421075695784,1.0243904092541545,43.47564025718748,47.57320189420409
457,114.25,42.915768016352324,43.885700258700766,1.0243904092541545,41.83691944019246,45.93448107720907
458,114.5,43.664743637532574,43.540732464478644,1.0243904092541545,41.49195164597033,45.58951328298696
459,114.75,40.3739214505633,40.35661704440243,1.0243904092541545,38.30783622589412,42.40539786291073
460,115.0,37.23967916184824,36.95759601943111,1.0243904092541545,34.9088152009228,39.00637683793941
461,115.25,37.7227871537779,38.637028297398885,1.0243904092541545,36.58824747889058,40.68580911590719
462,115.5,37.10722502917156,38.62401846151377,1.0243904092541545,36.575237643005465,40.672799280022076
463,115.75,39.01086104752823,41.26653601013993,1.0243904092541545,39.217755191631625,43.315316828648236
464,116.0,37.386101626609786,38.534075478168106,1.0243904092541545,36.4852946596598,40.58285629667641
465,116.25,38.26210638375505,38.57922860878043,1.0243904092541545,36.53044779027212,40.628009427288745
466,116.5,39.37040748834831,39.70429817250676,1.0243904092541545,37.65551735399845,41.75307899101507
467,116.75,41.04054900366269,39.17799701485296,1.0243904092541545,37.12921619634466,41.22677783336127
468,117.0,40.188285940872916,39.21755590988781,1.0243904092541545,37.1687750913795,41.26633672839611
469,117.25,36.97968824411449,37.86102560816554,1.0243904092541545,35.81224478965723,39.90980642667385
470,117.5,39.85849145320038,39.299714472560645,1.0243904092541545,37.25093365405233,41.34849529106896
471,117.75,38.62093808144995,39.34405906179869,1.0243904092541545,37.29527824329038,41.392839880306994
472,118.0,40.998694167903736,41.53347847334979,1.0243904092541545,39.48469765484148,43.582259291858094
473,118.25,40.88242903749616,40.43750906411144,1.0243904092541545,38.38872824560313,42.486289882619744
474,118.5,40.51213010136981,40.006618596403015,1.0243904092541545,37.95783777789471,42.05539941491132
475,118.75,40.585485769000705,40.82950948497308,1.0243904092541545,38.78072866646477,42.87829030348139
476,119.0,40.743001946939586,39.59084491122708,1.0243904092541545,37.542064092718775,41.639625729735386
477,119.25,35.14904142564427,36.199967986588135,1.0243904092541545,34.15118716807983,38.24874880509644
478,119.5,34.98575966464862,34.790099062287744,1.0243904092541545,32.74131824377943,36.83887988079606
479,119.75,38.46998747990354,35.98681288304859,1.0243904092539327,33.93803206454073,38.03559370155646
480,120.0,35.41874667819414,35.134688362515206,1.0243904092539327,33.08590754400734,37.18346918102307
481,120.25,37.128925013124594,35.689583375502735,1.0243904092541545,33.64080255699443,37.73836419401104
482,120.5,35.11940903437249,35.023045860213614,1.0243904092541545,32.97426504170531,37.07182667872192
483,120.75,34.88004527690164,34.62640248097045,1.0243904092541545,32.577621662462136,36.67518329947876
484,121.0,34.92061042600104,34.950705305362256,1.0243904092541545,32.90192448685394,36.99948612387057
485,121.25,34.17871013573668,34.230448152516196,1.0243904092541545,32.181667334007884,36.27922897102451
486,121.5,35.065779514194375,35.760662707442506,1.0243904092541545,33.7118818889342,37.80944352595081
487,121.75,38.07345706334785,37.70793615635533,1.0243904092541545,35.659155337847025,39.756716974863636
488,122.0,34.41611489816629,35.08991210253183,1.0243904092541545,33.04113128402352,37.13869292104013
489,122.25,35.83564050665156,35.326242041856865,1.0243904092541545,33.27746122334855,37.37502286036518
490,122.5,37.81173083095768,36.575653971679294,1.0243904092541545,34.52687315317098,38.62443479018761
491,122.75,36.97873705654307,36.430920108720926,1.0243904092541545,34.38213929021262,38.47970092722923
492,123.0,36.04736713999693,36.39338066672527,1.0243904092541545,34.34459984821696,38.442161485233584
493,123.25,35.45246402344671,34.881621128552524,1.0243904092541545,32.83284031004422,36.93040194706083
494,123.5,35.94327130474363,36.625890307794094,1.0243904092541545,34.57710948928579,38.6746711263024
495,123.75,38.19803383831204,37.284515665799915,1.0243904092541545,35.23573484729161,39.33329648430822
496,124.0,32.732848095926315,34.58731358213681,1.0243904092541545,32.538532763628496,36.63609440064512
497,124.25,35.44320204634634,35.52936003295995,1.0243904092541545,33.48057921445164,37.57814085146826
498,124.5,31.874661849894395,33.65373193401457,1.0243904092541545,31.604951115506264,35.70251275252288
499,124.75,33.20324305973625,34.4478928790933,1.0243904092541545,32.399112060585,36.49667369760161
500,125.0,35.32919575709449,33.84461360834424,1.0243904092541545,31.79583278983593,35.89339442685255
501,125.25,35.64312687326784,34.83605309149823,1.0243904092541545,32.787272272989924,36.884833910006535
502,125.5,35.094290359894316,35.77562242653288,1.0243904092541545,33.72684160802457,37.82440324504118
503,125.75,38.81411558461718,40.00339860799381,1.0243904092541545,37.954617789485496,42.05217942650212
504,126.0,39.63385563347428,42.3481555303817,1.0243904092541545,40.2993747118734,44.39693634889001
505,126.25,44.02319209395679,44.59976162682253,1.0243904092541545,42.55098080831422,46.64854244533083
506,126.5,46.28882621772385,43.75036486431868,1.0243904092541545,41.70158404581038,45.79914568282699
507,126.75,49.36935651728601,48.71544761016373,1.0243904092541545,46.666666791655416,50.76422842867204
508,127.0,51.44272477365589,51.981885906251954,1.0243904092541545,49.93310508774364,54.030666724760266
509,127.25,55.09083921698085,54.77050637755805,1.0243904092541545,52.721725559049744,56.819287196066355
510,127.5,53.2668417656047,54.95029692710836,1.0243904092541545,52.90151610860005,56.999077745616674
511,127.75,58.34166170041295,58.66728454498302,1.0243904092541545,56.618503726474714,60.716065363491325
512,128.0,60.46975538396253,60.4807470852908,1.0243904092541545,58.431966266782496,62.52952790379911
513,128.25,83.03851074402577,82.77648980217052,1.0243904092541545,80.72770898366221,84.82527062067882
514,128.5,86.37744574909077,85.63802716423666,1.0243904092541545,83.58924634572836,87.68680798274497
515,128.75,83.39935542352664,83.26811095804224,1.0243904092541545,81.21933013953394,85.31689177655055
516,129.0,84.75193957114878,84.35148284952561,1.0243904092541545,82.3027020310173,86.40026366803392
517,129.25,84.64292054984472,85.18311467677763,1.0243904092541545,83.13433385826933,87.23189549528594
518,129.5,84.32140538657458,83.04149846179067,1.0243904092541545,80.99271764328236,85.09027928029897
519,129.75,85.79422059004455,84.19769150049898,1.0243904092541545,82.14891068199067,86.24647231900728
520,130.0,83.66652181836153,84.60799815994876,1.0243904092541545,82.55921734144046,86.65677897845707
521,130.25,83.93819698927668,84.95902650089,1.0243904092541545,82.9102456823817,87.00780731939831
522,130.5,84.77836438366549,83.55910878374372,1.0243904092541545,81.51032796523542,85.60788960225203
523,130.75,85.44000648903908,85.85918566377211,1.0243904092541545,83.8104048452638,87.90796648228041
524,131.0,89.31033909830165,87.85652986223805,1.0243904092541545,85.80774904372974,89.90531068074635
525,131.25,84.24321262580848,84.68708216243297,1.0243904092541545,82.63830134392467,86.73586298094128
526,131.5,90.14707885666272,88.81111991347171,1.0243904092541545,86.76233909496341,90.85990073198002
527,131.75,88.71509100945154,88.46664008936602,1.0243904092541545,86.41785927085772,90.51542090787433
528,132.0,88.78525324468872,88.26988409679021,1.0243904092541545,86.2211032782819,90.31866491529851
529,132.25,94.64332957991593,92.94114130589824,1.0243904092541545,90.89236048738994,94.98992212440655
530,132.5,92.08415982294395,92.12479954578662,1.0243904092541545,90.07601872727831,94.17358036429492
531,132.75,89.87191994104496,90.87220943608075,1.0243904092541545,88.82342861757245,92.92099025458906
532,133.0,92.98596232922401,93.31784241057719,1.0243904092541545,91.26906159206888,95.36662322908549
533,133.25,95.34721213151754,94.86720774465985,1.0243904092541545,92.81842692615155,96.91598856316816
534,133.5,92.91902999218587,94.42544744539582,1.0243904092541545,92.37666662688751,96.47422826390412
535,133.75,96.69493188217128,95.72508550365937,1.0243904092541545,93.67630468515107,97.77386632216768
536,134.0,94.68287809285867,95.24730935004033,1.0243904092541545,93.19852853153202,97.29609016854863
537,134.25,97.26949738412004,95.95594339649176,1.0243904092541545,93.90716257798346,98.00472421500007
538,134.5,94.42770227206499,96.72737322182748,1.0243904092541545,94.67859240331917,98.77615404033578
539,134.75,92.63605772542523,93.25190795093914,1.0243904092541545,91.20312713243084,95.30068876944745
540,135.0,92.13944505623067,93.49795873510658,1.0243904092541545,91.44917791659827,95.54673955361488
541,135.25,91.16573998998092,91.80450657417313,1.0243904092541545,89.75572575566483,93.85328739268144
542,135.5,91.96783947606906,91.69045768614716,1.0243904092541545,89.64167686763885,93.73923850465546
543,135.75,88.64494033633225,88.7850521412294,1.0243904092541545,86.7362713227211,90.8338329597377
544,136.0,88.22554485234376,88.18362755937602,1.0243904092541545,86.13484674086772,90.23240837788433
545,136.25,65.1908798024936,65.55614546890017,1.0243904092541545,63.507364650391864,67.60492628740847
546,136.5,63.92942136136689,63.571851699467594,1.0243904092541545,61.52307088095928,65.6206325179759
547,136.75,60.04396507369566,60.93922592635461,1.0243904092541545,58.890445107846304,62.988006744862915
548,137.0,55.55609050693555,55.071481335174035,1.0243904092541545,53.02270051666572,57.12026215368235
549,137.25,53.44219403746819,53.12058420675016,1.0243904092541545,51.07180338824185,55.16936502525847
550,137.5,52.4389370752854,52.093909087234934,1.0243904092541545,50.04512826872663,54.14268990574324
551,137.75,46.53700927377761,45.65419459159809,1.0243904092541545,43.60541377308978,47.702975410106404
552,138.0,45.8971578426397,45.524421075695784,1.0243904092541545,43.47564025718748,47.57320189420409
553,138.25,45.796502351850734,43.885700258700766,1.0243904092541545,41.83691944019246,45.93448107720907
554,138.5,43.24457909386181,43.540732464478644,1.0243904092541545,41.49195164597033,45.58951328298696
555,138.75,40.09270108018258,40.35661704440242,1.0243904092541545,38.30783622589411,42.40539786291073
556,139.0,36.17224337003331,36.95759601943111,1.0243904092541545,34.9088152009228,39.00637683793941
557,139.25,37.52389328914947,38.637028297398885,1.0243904092541545,36.58824747889058,40.68580911590719
558,139.5,37.45232073487945,38.62401846151377,1.0243904092541545,36.575237643005465,40.672799280022076
559,139.75,40.1950471702886,41.26653601013993,1.0243904092541545,39.217755191631625,43.315316828648236
560,140.0,38.432805357947316,38.534075478168106,1.0243904092541545,36.4852946596598,40.58285629667641
561,140.25,39.05507679719209,38.57922860878043,1.0243904092541545,36.53044779027212,40.628009427288745
562,140.5,39.71474113354923,39.70429817250676,1.0243904092541545,37.65551735399845,41.75307899101507
563,140.75,38.33778256380346,39.17799701485296,1.0243904092541545,37.12921619634466,41.22677783336127
564,141.0,39.98247713498559,39.21755590988781,1.0243904092541545,37.1687750913795,41.26633672839611
565,141.25,38.68119203275707,37.86102560816555,1.0243904092541545,35.81224478965724,39.90980642667385
566,141.5,39.3511346933274,39.299714472560645,1.0243904092541545,37.25093365405233,41.34849529106896
567,141.75,38.37510017313556,39.34405906179869,1.0243904092541545,37.29527824329038,41.392839880306994
568,142.0,41.83148592677363,41.53347847334979,1.0243904092541545,39.48469765484148,43.582259291858094
569,142.25,40.88507697556688,40.437509064111445,1.0243904092541545,38.38872824560313,42.48628988261976
570,142.5,38.44483172497937,40.006618596403015,1.0243904092541545,37.95783777789471,42.05539941491132
571,142.75,40.85676399690032,40.82950948497308,1.0243904092541545,38.78072866646477,42.87829030348139
572,143.0,39.941186226279605,39.59084491122707,1.0243904092541545,37.54206409271876,41.639625729735386
573,143.25,35.39128486529892,36.199967986588135,1.0243904092541545,34.15118716807983,38.24874880509644
574,143.5,35.1692639951238,34.79009906228775,1.0243904092541545,32.741318243779446,36.83887988079606
575,143.75,34.41749126804992,35.98681288304859,1.0243904092539327,33.93803206454073,38.03559370155646
576,144.0,36.53185303558104,35.13468836251521,1.0243904092539327,33.08590754400735,37.18346918102308
577,144.25,36.94366049157786,35.689583375502735,1.0243904092541545,33.64080255699443,37.73836419401104
578,144.5,34.77537152189632,35.023045860213614,1.0243904092541545,32.97426504170531,37.07182667872192
579,144.75,34.66272251941092,34.62640248097045,1.0243904092541545,32.577621662462136,36.67518329947876
580,145.0,32.56747165459386,34.95070530536225,1.0243904092541545,32.90192448685394,36.999486123870554
581,145.25,33.19277005663555,34.23044815251619,1.0243904092541545,32.181667334007884,36.279228971024494
582,145.5,35.55148299076767,35.760662707442506,1.0243904092541545,33.7118818889342,37.80944352595081
583,145.75,36.571022682963445,37.70793615635534,1.0243904092541545,35.659155337847025,39.75671697486365
584,146.0,35.98204856998272,35.08991210253183,1.0243904092541545,33.04113128402352,37.13869292104013
585,146.25,37.16735180108613,35.32624204185687,1.0243904092541545,33.27746122334857,37.37502286036518
586,146.5,35.549829107082466,36.575653971679294,1.0243904092541545,34.52687315317098,38.62443479018761
587,146.75,35.774742245220644,36.430920108720926,1.0243904092541545,34.38213929021262,38.47970092722923
588,147.0,36.569064241862556,36.39338066672527,1.0243904092541545,34.34459984821696,38.442161485233584
589,147.25,36.609614592637634,34.881621128552524,1.0243904092541545,32.83284031004422,36.93040194706083
590,147.5,35.02957004775014,36.625890307794094,1.0243904092541545,34.57710948928579,38.6746711263024
591,147.75,37.51152283515383,37.284515665799915,1.0243904092541545,35.23573484729161,39.33329648430822
592,148.0,36.38555303095455,34.58731358213681,1.0243904092541545,32.538532763628496,36.63609440064512
593,148.25,34.12705026628572,35.52936003295995,1.0243904092541545,33.48057921445164,37.57814085146826
594,148.5,32.58440463817256,33.65373193401458,1.0243904092541545,31.60495111550627,35.70251275252289
595,148.75,34.27469728350262,34.4478928790933,1.0243904092541545,32.399112060585,36.49667369760161
596,149.0,33.44474511442517,33.84461360834424,1.0243904092541545,31.79583278983593,35.89339442685255
597,149.25,35.560543179049795,34.83605309149823,1.0243904092541545,32.787272272989924,36.884833910006535
598,149.5,36.055430312999945,35.77562242653288,1.0243904092541545,33.72684160802457,37.82440324504118
599,149.75,38.54165698101595,40.00339860799381,1.0243904092541545,37.954617789485496,42.05217942650212
600,150.0,43.113794874216744,42.3481555303817,1.0243904092541545,40.2993747118734,44.39693634889001
601,150.25,43.98914871453377,44.59976162682251,1.0243904092541545,42.55098080831421,46.64854244533082
602,150.5,45.14285842241769,43.75036486431868,1.0243904092541545,41.70158404581038,45.79914568282699
603,150.75,48.30688470938544,48.71544761016373,1.0243904092541545,46.666666791655416,50.76422842867204
604,151.0,51.36568177660314,51.981885906251954,1.0243904092541545,49.93310508774364,54.030666724760266
605,151.25,55.16689061828507,54.77050637755805,1.0243904092541545,52.721725559049744,56.819287196066355
606,151.5,55.59072660093608,54.95029692710836,1.0243904092541545,52.90151610860005,56.999077745616674
607,151.75,59.08708442704678,58.66728454498302,1.0243904092541545,56.618503726474714,60.716065363491325
608,152.0,58.68468059356198,60.4807470852908,1.0243904092541545,58.431966266782496,62.52952790379911
609,152.25,83.66264583577507,82.77648980217053,1.0243904092541545,80.72770898366223,84.82527062067884
610,152.5,84.55233157572628,85.63802716423666,1.0243904092541545,83.58924634572836,87.68680798274497
611,152.75,83.28998630887885,83.26811095804224,1.0243904092541545,81.21933013953394,85.31689177655055
612,153.0,82.65987911764174,84.35148284952561,1.0243904092541545,82.3027020310173,86.40026366803392
613,153.25,85.77761497961853,85.18311467677763,1.0243904092541545,83.13433385826933,87.23189549528594
614,153.5,82.61699107385665,83.04149846179067,1.0243904092541545,80.99271764328236,85.09027928029897
615,153.75,82.88264899216003,84.19769150049898,1.0243904092541545,82.14891068199067,86.24647231900728
616,154.0,85.35049147449534,84.60799815994878,1.0243904092541545,82.55921734144047,86.65677897845708
617,154.25,85.06753716666799,84.95902650089,1.0243904092541545,82.9102456823817,87.00780731939831
618,154.5,82.82860324595237,83.55910878374374,1.0243904092541545,81.51032796523543,85.60788960225204
619,154.75,87.0825293247552,85.85918566377211,1.0243904092541545,83.8104048452638,87.90796648228041
620,155.0,87.46586528466536,87.85652986223805,1.0243904092541545,85.80774904372974,89.90531068074635
621,155.25,84.71785601167161,84.68708216243297,1.0243904092541545,82.63830134392467,86.73586298094128
622,155.5,88.96094672807061,88.81111991347171,1.0243904092541545,86.76233909496341,90.85990073198002
623,155.75,87.96393925851747,88.46664008936602,1.0243904092541545,86.41785927085772,90.51542090787433
624,156.0,88.99816071476594,88.26988409679021,1.0243904092541545,86.2211032782819,90.31866491529851
625,156.25,92.5451592110813,92.94114130589824,1.0243904092541545,90.89236048738994,94.98992212440655
626,156.5,92.03429197817191,92.12479954578662,1.0243904092541545,90.07601872727831,94.17358036429492
627,156.75,92.17568467677326,90.87220943608075,1.0243904092541545,88.82342861757245,92.92099025458906
628,157.0,92.39394048473993,93.3178424105772,1.0243904092541545,91.2690615920689,95.3666232290855
629,157.25,92.4820978499449,94.86720774465985,1.0243904092541545,92.81842692615155,96.91598856316816
630,157.5,96.09572605937828,94.42544744539583,1.0243904092541545,92.37666662688753,96.47422826390414
631,157.75,98.60678893212716,95.72508550365936,1.0243904092541545,93.67630468515105,97.77386632216766
632,158.0,94.81638014502708,95.24730935004033,1.0243904092541545,93.19852853153202,97.29609016854863
633,158.25,94.18484668276629,95.95594339649176,1.0243904092541545,93.90716257798346,98.00472421500007
634,158.5,96.51147860076952,96.72737322182749,1.0243904092541545,94.67859240331919,98.7761540403358
635,158.75,93.13640055068873,93.25190795093914,1.0243904092541545,91.20312713243084,95.30068876944745
636,159.0,93.6359893664425,93.49795873510658,1.0243904092541545,91.44917791659827,95.54673955361488
637,159.25,90.87858141442302,91.80450657417313,1.0243904092541545,89.75572575566483,93.85328739268144
638,159.5,92.29973471743659,91.69045768614717,1.0243904092541545,89.64167686763886,93.73923850465548
639,159.75,89.3486743370681,88.7850521412294,1.0243904092541545,86.7362713227211,90.8338329597377
640,160.0,86.98451680147247,88.18362755937602,1.0243904092541545,86.13484674086772,90.23240837788433
641,160.25,66.04926140556854,65.55614546890016,1.0243904092541545,63.50736465039185,67.60492628740846
642,160.5,65.77871810269284,63.571851699467594,1.0243904092541545,61.52307088095928,65.6206325179759
643,160.75,61.22446144807583,60.93922592635461,1.0243904092541545,58.890445107846304,62.988006744862915
644,161.0,54.511915703967986,55.07148133517403,1.0243904092541545,53.02270051666572,57.12026215368233
645,161.25,52.637524852675185,53.12058420675016,1.0243904092541545,51.07180338824185,55.16936502525847
646,161.5,52.669155904597865,52.093909087234934,1.0243904092541545,50.04512826872663,54.14268990574324
647,161.75,44.249804225519135,45.65419459159809,1.0243904092541545,43.60541377308978,47.702975410106404
648,162.0,45.76513054480834,45.524421075695784,1.0243904092541545,43.47564025718748,47.57320189420409
649,162.25,43.37096509965686,43.885700258700766,1.0243904092541545,41.83691944019246,45.93448107720907
650,162.5,45.179498277870366,43.540732464478644,1.0243904092541545,41.49195164597033,45.58951328298696
651,162.75,40.225611564712196,40.35661704440243,1.0243904092541545,38.30783622589412,42.40539786291073
652,163.0,38.5936585615102,36.95759601943111,1.0243904092541545,34.9088152009228,39.00637683793941
653,163.25,37.4524152619453,38.637028297398885,1.0243904092541545,36.58824747889058,40.68580911590719
654,163.5,39.284051689283324,38.62401846151377,1.0243904092541545,36.575237643005465,40.672799280022076
655,163.75,41.40324474731075,41.26653601013993,1.0243904092541545,39.217755191631625,43.315316828648236
656,164.0,37.634438491734606,38.534075478168106,1.0243904092541545,36.4852946596598,40.58285629667641
657,164.25,38.89817778333132,38.57922860878043,1.0243904092541545,36.53044779027212,40.628009427288745
658,164.5,40.87611791182867,39.70429817250676,1.0243904092541545,37.65551735399845,41.75307899101507
659,164.75,38.77952613694657,39.17799701485296,1.0243904092541545,37.12921619634466,41.22677783336127
660,165.0,37.39032992179586,39.21755590988781,1.0243904092541545,37.1687750913795,41.26633672839611
661,165.25,37.92421653397867,37.86102560816554,1.0243904092541545,35.81224478965723,39.90980642667385
662,165.5,38.60835990595691,39.299714472560645,1.0243904092541545,37.25093365405233,41.34849529106896
663,165.75,38.68567537913639,39.34405906179869,1.0243904092541545,37.29527824329038,41.392839880306994
664,166.0,41.20147023625871,41.53347847334979,1.0243904092541545,39.48469765484148,43.582259291858094
665,166.25,38.99145117206526,40.43750906411144,1.0243904092541545,38.38872824560313,42.486289882619744
666,166.5,38.27730064507374,40.006618596403015,1.0243904092541545,37.95783777789471,42.05539941491132
667,166.75,41.406811088410244,40.82950948497308,1.0243904092541545,38.78072866646477,42.87829030348139
668,167.0,39.15643171803554,39.59084491122708,1.0243904092541545,37.542064092718775,41.639625729735386
669,167.25,33.726235309966114,36.199967986588135,1.0243904092541545,34.15118716807983,38.24874880509644
670,167.5,35.76426463889449,34.79009906228775,1.0243904092541545,32.741318243779446,36.83887988079606
671,167.75,36.14468350858195,35.98681288304859,1.0243904092539327,33.93803206454073,38.03559370155646
672,168.0,34.481792111532386,35.13468836251521,1.0243904092539327,33.08590754400735,37.18346918102308
673,168.25,34.378880295460185,35.689583375502735,1.0243904092541545,33.64080255699443,37.73836419401104
674,168.5,35.86369675251362,35.023045860213614,1.0243904092541545,32.97426504170531,37.07182667872192
675,168.75,34.648618804132276,34.62640248097045,1.0243904092541545,32.577621662462136,36.67518329947876
676,169.0,37.35999590307781,34.950705305362256,1.0243904092541545,32.90192448685394,36.99948612387057
677,169.25,34.76930631562582,34.23044815251619,1.0243904092541545,32.181667334007884,36.279228971024494
678,169.5,36.23296505218181,35.760662707442506,1.0243904092541545,33.7118818889342,37.80944352595081
679,169.75,37.47622777428174,37.70793615635533,1.0243904092541545,35.659155337847025,39.756716974863636
680,170.0,36.08442795455285,35.08991210253183,1.0243904092541545,33.04113128402352,37.13869292104013
681,170.25,35.795140471586286,35.326242041856865,1.0243904092541545,33.27746122334855,37.37502286036518
682,170.5,37.978168835076964,36.575653971679294,1.0243904092541545,34.52687315317098,38.62443479018761
683,170.75,36.090882730668554,36.430920108720926,1.0243904092541545,34.38213929021262,38.47970092722923
684,171.0,35.89820840060866,36.39338066672527,1.0243904092541545,34.34459984821696,38.442161485233584
685,171.25,34.51939527322603,34.881621128552524,1.0243904092541545,32.83284031004422,36.93040194706083
686,171.5,37.04274608146903,36.625890307794094,1.0243904092541545,34.57710948928579,38.6746711263024
687,171.75,38.76086115314362,37.284515665799915,1.0243904092541545,35.23573484729161,39.33329648430822
688,172.0,34.10541368699214,34.58731358213681,1.0243904092541545,32.538532763628496,36.63609440064512
689,172.25,35.3540356866719,35.52936003295995,1.0243904092541545,33.48057921445164,37.57814085146826
690,172.5,34.179551068888195,33.65373193401458,1.0243904092541545,31.60495111550627,35.70251275252289
691,172.75,34.45254238995055,34.4478928790933,1.0243904092541545,32.399112060585,36.49667369760161
692,173.0,34.91738718042047,33.84461360834424,1.0243904092541545,31.79583278983593,35.89339442685255
693,173.25,32.496164600677105,34.83605309149823,1.0243904092541545,32.787272272989924,36.884833910006535
694,173.5,34.987065546262215,35.77562242653288,1.0243904092541545,33.72684160802457,37.82440324504118
695,173.75,39.53420270669663,40.003398607993816,1.0243904092541545,37.95461778948551,42.05217942650212
696,174.0,40.27802845892979,42.3481555303817,1.0243904092541545,40.2993747118734,44.39693634889001
697,174.25,43.603049157520616,44.59976162682253,1.0243904092541545,42.55098080831422,46.64854244533083
698,174.5,42.953255089630524,43.75036486431868,1.0243904092541545,41.70158404581038,45.79914568282699
699,174.75,48.733367591303534,48.71544761016373,1.0243904092541545,46.666666791655416,50.76422842867204
700,175.0,53.115262951365644,51.981885906251954,1.0243904092541545,49.93310508774364,54.030666724760266
701,175.25,54.380698356289834,54.77050637755805,1.0243904092541545,52.721725559049744,56.819287196066355
702,175.5,53.79698639832799,54.95029692710836,1.0243904092541545,52.90151610860005,56.999077745616674
703,175.75,58.58203052189705,58.66728454498302,1.0243904092541545,56.618503726474714,60.716065363491325
704,176.0,61.41945153238814,60.4807470852908,1.0243904092541545,58.431966266782496,62.52952790379911
705,176.25,82.1486525797319,82.77648980217052,1.0243904092541545,80.72770898366221,84.82527062067882
706,176.5,84.67606474347923,85.63802716423666,1.0243904092541545,83.58924634572836,87.68680798274497
707,176.75,83.61325915656481,83.26811095804224,1.0243904092541545,81.21933013953394,85.31689177655055
708,177.0,83.86207743730999,84.35148284952561,1.0243904092541545,82.3027020310173,86.40026366803392
709,177.25,85.97877752278495,85.18311467677763,1.0243904092541545,83.13433385826933,87.23189549528594
710,177.5,83.40994318636874,83.04149846179067,1.0243904092541545,80.99271764328236,85.09027928029897
711,177.75,84.86694729051011,84.19769150049898,1.0243904092541545,82.14891068199067,86.24647231900728
712,178.0,83.6015932239723,84.60799815994878,1.0243904092541545,82.55921734144047,86.65677897845708
713,178.25,84.81380799420297,84.95902650089,1.0243904092541545,82.9102456823817,87.00780731939831
714,178.5,83.23189003298211,83.55910878374372,1.0243904092541545,81.51032796523542,85.60788960225203
715,178.75,84.41545955163001,85.85918566377211,1.0243904092541545,83.8104048452638,87.90796648228041
716,179.0,86.3430397583664,87.85652986223803,1.0243904092541545,85.80774904372973,89.90531068074634
717,179.25,85.37149737297534,84.68708216243297,1.0243904092541545,82.63830134392467,86.73586298094128
718,179.5,88.34108089817403,88.81111991347171,1.0243904092541545,86.76233909496341,90.85990073198002
719,179.75,87.56132491099876,88.46664008936602,1.0243904092541545,86.41785927085772,90.51542090787433
720,180.0,88.43084548444268,88.26988409679022,1.0243904092541545,86.22110327828192,90.31866491529853
721,180.25,94.20663041559533,92.94114130589824,1.0243904092541545,90.89236048738994,94.98992212440655
722,180.5,90.1651924550162,92.12479954578662,1.0243904092541545,90.07601872727831,94.17358036429492
723,180.75,89.3164033470666,90.87220943608075,1.0243904092541545,88.82342861757245,92.92099025458906
724,181.0,92.5116400953571,93.31784241057717,1.0243904092541545,91.26906159206887,95.36662322908548
725,181.25,96.35605704759473,94.86720774465985,1.0243904092541545,92.81842692615155,96.91598856316816
726,181.5,94.76737604728568,94.42544744539582,1.0243904092541545,92.37666662688751,96.47422826390412
727,181.75,96.82477821998138,95.72508550365937,1.0243904092541545,93.67630468515107,97.77386632216768
728,182.0,94.08148849135019,95.24730935004033,1.0243904092541545,93.19852853153202,97.29609016854863
729,182.25,95.00214884811595,95.95594339649176,1.0243904092541545,93.90716257798346,98.00472421500007
730,182.5,97.26977629368817,96.72737322182749,1.0243904092541545,94.67859240331919,98.7761540403358
731,182.75,93.48089783146484,93.25190795093914,1.0243904092541545,91.20312713243084,95.30068876944745
732,183.0,94.37465202632889,93.49795873510658,1.0243904092541545,91.44917791659827,95.54673955361488
733,183.25,91.80429846541642,91.80450657417313,1.0243904092541545,89.75572575566483,93.85328739268144
734,183.5,91.99831730141474,91.69045768614717,1.0243904092541545,89.64167686763886,93.73923850465548
735,183.75,88.98228604668712,88.7850521412294,1.0243904092541545,86.7362713227211,90.8338329597377
736,184.0,89.2566898103767,88.18362755937602,1.0243904092541545,86.13484674086772,90.23240837788433
737,184.25,66.15707295581814,65.55614546890016,1.0243904092541545,63.50736465039185,67.60492628740846
738,184.5,62.106161126355175,63.571851699467594,1.0243904092541545,61.52307088095928,65.6206325179759
739,184.75,58.80523256029792,60.93922592635461,1.0243904092541545,58.890445107846304,62.988006744862915
740,185.0,55.850986263688,55.071481335174035,1.0243904092541545,53.02270051666572,57.12026215368235
741,185.25,53.96725316034465,53.12058420675016,1.0243904092541545,51.07180338824185,55.16936502525847
742,185.5,51.033276118115964,52.093909087234934,1.0243904092541545,50.04512826872663,54.14268990574324
743,185.75,44.120640424480726,45.65419459159809,1.0243904092541545,43.60541377308978,47.702975410106404
744,186.0,45.699774662838244,45.524421075695784,1.0243904092541545,43.47564025718748,47.57320189420409
745,186.25,44.6922672754702,43.885700258700766,1.0243904092541545,41.83691944019246,45.93448107720907
746,186.5,45.12926778734864,43.540732464478644,1.0243904092541545,41.49195164597033,45.58951328298696
747,186.75,40.916081870618605,40.35661704440242,1.0243904092541545,38.30783622589411,42.40539786291073
748,187.0,36.55405425380499,36.95759601943111,1.0243904092541545,34.9088152009228,39.00637683793941
749,187.25,37.66302533814245,38.637028297398885,1.0243904092541545,36.58824747889058,40.68580911590719
750,187.5,38.70824381415118,38.62401846151377,1.0243904092541545,36.575237643005465,40.672799280022076
751,187.75,40.784579779634264,41.26653601013993,1.0243904092541545,39.217755191631625,43.315316828648236
752,188.0,37.48841783387058,38.53407547816811,1.0243904092541545,36.4852946596598,40.582856296676425
753,188.25,40.769537319557664,38.57922860878043,1.0243904092541545,36.53044779027212,40.628009427288745
754,188.5,41.448767477069204,39.70429817250676,1.0243904092541545,37.65551735399845,41.75307899101507
755,188.75,40.2393665247886,39.17799701485296,1.0243904092541545,37.12921619634466,41.22677783336127
756,189.0,38.161442173156495,39.21755590988781,1.0243904092541545,37.1687750913795,41.26633672839611
757,189.25,38.7967986847534,37.86102560816555,1.0243904092541545,35.81224478965724,39.90980642667385
758,189.5,40.15040941024732,39.299714472560645,1.0243904092541545,37.25093365405233,41.34849529106896
759,189.75,39.47056194200432,39.34405906179869,1.0243904092541545,37.29527824329038,41.392839880306994
760,190.0,42.5327232729876,41.53347847334979,1.0243904092541545,39.48469765484148,43.582259291858094
761,190.25,41.33247453094205,40.437509064111445,1.0243904092541545,38.38872824560313,42.48628988261976
762,190.5,40.63297322069875,40.006618596403015,1.0243904092541545,37.95783777789471,42.05539941491132
763,190.75,41.561650536256934,40.82950948497308,1.0243904092541545,38.78072866646477,42.87829030348139
764,191.0,40.01994182220733,39.59084491122707,1.0243904092541545,37.54206409271876,41.639625729735386
765,191.25,34.5073685220725,36.199967986588135,1.0243904092541545,34.15118716807983,38.24874880509644
766,191.5,35.06304167969691,34.790099062287744,1.0243904092541545,32.74131824377943,36.83887988079606
767,191.75,35.31612179445858,35.98681288304859,1.0243904092539327,33.93803206454073,38.03559370155646
768,192.0,33.91582597792885,35.134688362515206,1.0243904092539327,33.08590754400734,37.18346918102307
769,192.25,37.37752712581925,35.68958337550273,1.0243904092541545,33.640802556994416,37.73836419401104
770,192.5,36.756884197084986,35.023045860213614,1.0243904092541545,32.97426504170531,37.07182667872192
771,192.75,35.65848878186746,34.62640248097045,1.0243904092541545,32.577621662462136,36.67518329947876
772,193.0,35.23260703724961,34.95070530536225,1.0243904092541545,32.90192448685394,36.999486123870554
773,193.25,35.69974283785354,34.230448152516196,1.0243904092541545,32.181667334007884,36.27922897102451
774,193.5,35.85731509152162,35.760662707442506,1.0243904092541545,33.7118818889342,37.80944352595081
775,193.75,37.84595298128808,37.70793615635534,1.0243904092541545,35.659155337847025,39.75671697486365
776,194.0,34.17418071689008,35.08991210253183,1.0243904092541545,33.04113128402352,37.13869292104013
777,194.25,35.56704657483697,35.32624204185687,1.0243904092541545,33.27746122334857,37.37502286036518
778,194.5,36.786829754936186,36.575653971679294,1.0243904092541545,34.52687315317098,38.62443479018761
779,194.75,35.30955353247137,36.430920108720926,1.0243904092541545,34.38213929021262,38.47970092722923
780,195.0,36.282418761736025,36.39338066672527,1.0243904092541545,34.34459984821696,38.442161485233584
781,195.25,34.918768880281206,34.881621128552524,1.0243904092541545,32.83284031004422,36.93040194706083
782,195.5,38.04950552693469,36.625890307794094,1.0243904092541545,34.57710948928579,38.6746711263024
783,195.75,38.1567000413603,37.284515665799915,1.0243904092541545,35.23573484729161,39.33329648430822
784,196.0,34.57569961923291,34.58731358213681,1.0243904092541545,32.538532763628496,36.63609440064512
785,196.25,36.02759672426607,35.52936003295995,1.0243904092541545,33.48057921445164,37.57814085146826
786,196.5,33.90968622312259,33.65373193401458,1.0243904092541545,31.60495111550627,35.70251275252289
787,196.75,34.495389905167904,34.4478928790933,1.0243904092541545,32.399112060585,36.49667369760161
788,197.0,32.88290632989229,33.84461360834424,1.0243904092541545,31.79583278983593,35.89339442685255
789,197.25,34.59689001368922,34.83605309149823,1.0243904092541545,32.787272272989924,36.884833910006535
790,197.5,35.06767233652659,35.77562242653288,1.0243904092541545,33.72684160802457,37.82440324504118
791,197.75,39.06630350173493,40.00339860799381,1.0243904092541545,37.954617789485496,42.05217942650212
792,198.0,43.109606285863464,42.3481555303817,1.0243904092541545,40.2993747118734,44.39693634889001
793,198.25,44.957952261822655,44.59976162682252,1.0243904092541545,42.55098080831421,46.64854244533083
794,198.5,42.08170369410837,43.75036486431868,1.0243904092541545,41.70158404581038,45.79914568282699
795,198.75,48.811787608327236,48.71544761016373,1.0243904092541545,46.666666791655416,50.76422842867204
796,199.0,52.9979984456053,51.981885906251954,1.0243904092541545,49.93310508774364,54.030666724760266
797,199.25,55.68498274637686,54.77050637755805,1.0243904092541545,52.721725559049744,56.819287196066355
798,199.5,55.85363696148438,54.95029692710836,1.0243904092541545,52.90151610860005,56.999077745616674
799,199.75,58.677898270012044,58.66728454498302,1.0243904092541545,56.618503726474714,60.716065363491325
800,200.0,59.52523258297764,60.4807470852908,1.0243904092541545,58.431966266782496,62.52952790379911
801,200.25,82.04091256848875,82.77648980217052,1.0243904092541545,80.72770898366221,84.82527062067882
802,200.5,85.93124453215104,85.63802716423666,1.0243904092541545,83.58924634572836,87.68680798274497
803,200.75,83.43399023165576,83.26811095804224,1.0243904092541545,81.21933013953394,85.31689177655055
804,201.0,85.37094466464586,84.35148284952561,1.0243904092541545,82.3027020310173,86.40026366803392
805,201.25,86.43127248241755,85.18311467677763,1.0243904092541545,83.13433385826933,87.23189549528594
806,201.5,83.29136132163286,83.04149846179067,1.0243904092541545,80.99271764328236,85.09027928029897
807,201.75,82.92107776355968,84.19769150049898,1.0243904092541545,82.14891068199067,86.24647231900728
808,202.0,84.31756474100204,84.60799815994876,1.0243904092541545,82.55921734144046,86.65677897845707
809,202.25,85.04312383980177,84.95902650089,1.0243904092541545,82.9102456823817,87.00780731939831
810,202.5,83.24049680195586,83.55910878374372,1.0243904092541545,81.51032796523542,85.60788960225203
811,202.75,85.05345636765648,85.85918566377211,1.0243904092541545,83.8104048452638,87.90796648228041
812,203.0,88.159402521205,87.85652986223803,1.0243904092541545,85.80774904372973,89.90531068074634
813,203.25,84.18179059629006,84.68708216243297,1.0243904092541545,82.63830134392467,86.73586298094128
814,203.5,88.06396719666664,88.81111991347171,1.0243904092541545,86.76233909496341,90.85990073198002
815,203.75,88.89505802694953,88.46664008936602,1.0243904092541545,86.41785927085772,90.51542090787433
816,204.0,88.12503184123682,88.26988409679021,1.0243904092541545,86.2211032782819,90.31866491529851
817,204.25,93.32271594722438,92.94114130589824,1.0243904092541545,90.89236048738994,94.98992212440655
818,204.5,92.71913432324024,92.12479954578662,1.0243904092541545,90.07601872727831,94.17358036429492
819,204.75,89.67361303587835,90.87220943608075,1.0243904092541545,88.82342861757245,92.92099025458906
820,205.0,92.95328541338695,93.3178424105772,1.0243904092541545,91.2690615920689,95.3666232290855
821,205.25,96.33265512079086,94.86720774465985,1.0243904092541545,92.81842692615155,96.91598856316816
822,205.5,93.3227095516321,94.42544744539582,1.0243904092541545,92.37666662688751,96.47422826390412
823,205.75,93.94080653054962,95.72508550365936,1.0243904092541545,93.67630468515105,97.77386632216766
824,206.0,93.3598042572339,95.24730935004033,1.0243904092541545,93.19852853153202,97.29609016854863
825,206.25,96.15079466996315,95.95594339649176,1.0243904092541545,93.90716257798346,98.00472421500007
826,206.5,96.85287985499816,96.72737322182749,1.0243904092541545,94.67859240331919,98.7761540403358
827,206.75,93.30501264510427,93.25190795093914,1.0243904092541545,91.20312713243084,95.30068876944745
828,207.0,95.04010303639326,93.49795873510658,1.0243904092541545,91.44917791659827,95.54673955361488
829,207.25,89.31913502324194,91.80450657417313,1.0243904092541545,89.75572575566483,93.85328739268144
830,207.5,92.11610744939094,91.69045768614717,1.0243904092541545,89.64167686763886,93.73923850465548
831,207.75,90.38560516358558,88.7850521412294,1.0243904092541545,86.7362713227211,90.8338329597377
832,208.0,87.35114165640006,88.18362755937602,1.0243904092541545,86.13484674086772,90.23240837788433
833,208.25,64.97025816208377,65.55614546890017,1.0243904092541545,63.507364650391864,67.60492628740847
834,208.5,62.973141203518324,63.571851699467594,1.0243904092541545,61.52307088095928,65.6206325179759
835,208.75,60.15815506956124,60.93922592635461,1.0243904092541545,58.890445107846304,62.988006744862915
836,209.0,54.522978861013456,55.07148133517403,1.0243904092541545,53.02270051666572,57.12026215368233
837,209.25,54.20701335076721,53.12058420675016,1.0243904092541545,51.07180338824185,55.16936502525847
838,209.5,53.89128581311682,52.093909087234934,1.0243904092541545,50.04512826872663,54.14268990574324
839,209.75,45.644536605986204,45.65419459159809,1.0243904092541545,43.60541377308978,47.702975410106404
840,210.0,47.50580005589551,45.524421075695784,1.0243904092541545,43.47564025718748,47.57320189420409
841,210.25,43.79700552610429,43.885700258700766,1.0243904092541545,41.83691944019246,45.93448107720907
842,210.5,45.085364291615406,43.540732464478644,1.0243904092541545,41.49195164597033,45.58951328298696
843,210.75,40.306485648863664,40.35661704440243,1.0243904092541545,38.30783622589412,42.40539786291073
844,211.0,37.05682877643683,36.95759601943111,1.0243904092541545,34.9088152009228,39.00637683793941
845,211.25,38.921630432370144,38.637028297398885,1.0243904092541545,36.58824747889058,40.68580911590719
846,211.5,41.87564620184806,38.62401846151377,1.0243904092541545,36.575237643005465,40.672799280022076
847,211.75,41.93513005836431,41.26653601013993,1.0243904092541545,39.217755191631625,43.315316828648236
848,212.0,37.796221209647925,38.534075478168106,1.0243904092541545,36.4852946596598,40.58285629667641
849,212.25,39.689779538970235,38.57922860878043,1.0243904092541545,36.53044779027212,40.628009427288745
850,212.5,39.301766537912734,39.70429817250676,1.0243904092541545,37.65551735399845,41.75307899101507
851,212.75,38.61356765833196,39.17799701485296,1.0243904092541545,37.12921619634466,41.22677783336127
852,213.0,39.99089393085773,39.21755590988781,1.0243904092541545,37.1687750913795,41.26633672839611
853,213.25,37.97286494822727,37.86102560816554,1.0243904092541545,35.81224478965723,39.90980642667385
854,213.5,39.789358915261225,39.299714472560645,1.0243904092541545,37.25093365405233,41.34849529106896
855,213.75,39.04200153966556,39.34405906179869,1.0243904092541545,37.29527824329038,41.392839880306994
856,214.0,41.61964113254926,41.53347847334979,1.0243904092541545,39.48469765484148,43.582259291858094
857,214.25,41.12206928551693,40.43750906411144,1.0243904092541545,38.38872824560313,42.486289882619744
858,214.5,37.955992051689,40.006618596403015,1.0243904092541545,37.95783777789471,42.05539941491132
859,214.75,41.591316921494254,40.82950948497308,1.0243904092541545,38.78072866646477,42.87829030348139
860,215.0,38.69713099437492,39.59084491122708,1.0243904092541545,37.542064092718775,41.639625729735386
861,215.25,34.84868051622727,36.199967986588135,1.0243904092541545,34.15118716807983,38.24874880509644
862,215.5,34.92100935842767,34.79009906228775,1.0243904092541545,32.741318243779446,36.83887988079606
863,215.75,35.956294756622164,35.98681288304859,1.0243904092539327,33.93803206454073,38.03559370155646
864,216.0,34.50216077099658,35.13468836251521,1.0243904092539327,33.08590754400735,37.18346918102308
865,216.25,36.5267423641864,35.68958337550273,1.0243904092541545,33.640802556994416,37.73836419401104
866,216.5,33.685713689828376,35.023045860213614,1.0243904092541545,32.97426504170531,37.07182667872192
867,216.75,33.892324432799285,34.62640248097045,1.0243904092541545,32.577621662462136,36.67518329947876
868,217.0,34.39251948546073,34.95070530536225,1.0243904092541545,32.90192448685394,36.999486123870554
869,217.25,34.30253044656155,34.23044815251619,1.0243904092541545,32.181667334007884,36.279228971024494
870,217.5,36.12412619556704,35.760662707442506,1.0243904092541545,33.7118818889342,37.80944352595081
871,217.75,36.63526275476676,37.70793615635533,1.0243904092541545,35.659155337847025,39.756716974863636
872,218.0,35.99193476480829,35.08991210253183,1.0243904092541545,33.04113128402352,37.13869292104013
873,218.25,35.23305763867283,35.326242041856865,1.0243904092541545,33.27746122334855,37.37502286036518
874,218.5,34.83449757319986,36.575653971679294,1.0243904092541545,34.52687315317098,38.62443479018761
875,218.75,34.653614208908806,36.430920108720926,1.0243904092541545,34.38213929021262,38.47970092722923
876,219.0,36.32129658062331,36.39338066672527,1.0243904092541545,34.34459984821696,38.442161485233584
877,219.25,34.77753112635166,34.881621128552524,1.0243904092541545,32.83284031004422,36.93040194706083
878,219.5,36.14852424671541,36.625890307794094,1.0243904092541545,34.57710948928579,38.6746711263024
879,219.75,37.234504256316676,37.284515665799915,1.0243904092541545,35.23573484729161,39.33329648430822
880,220.0,34.78981401965162,34.58731358213681,1.0243904092541545,32.538532763628496,36.63609440064512
881,220.25,36.726459024313286,35.52936003295995,1.0243904092541545,33.48057921445164,37.57814085146826
882,220.5,32.75436894410083,33.65373193401458,1.0243904092541545,31.60495111550627,35.70251275252289
883,220.75,33.52633229706266,34.4478928790933,1.0243904092541545,32.399112060585,36.49667369760161
884,221.0,32.872009669393194,33.84461360834424,1.0243904092541545,31.79583278983593,35.89339442685255
885,221.25,35.03685855846486,34.83605309149823,1.0243904092541545,32.787272272989924,36.884833910006535
886,221.5,37.05871797182555,35.77562242653288,1.0243904092541545,33.72684160802457,37.82440324504118
887,221.75,39.885279602418564,40.003398607993816,1.0243904092541545,37.95461778948551,42.05217942650212
888,222.0,40.09668462715628,42.3481555303817,1.0243904092541545,40.2993747118734,44.39693634889001
889,222.25,42.86269473927904,44.59976162682253,1.0243904092541545,42.55098080831422,46.64854244533083
890,222.5,43.03537448268044,43.75036486431868,1.0243904092541545,41.70158404581038,45.79914568282699
891,222.75,48.37674335832715,48.71544761016373,1.0243904092541545,46.666666791655416,50.76422842867204
892,223.0,51.593908432450654,51.981885906251954,1.0243904092541545,49.93310508774364,54.030666724760266
893,223.25,54.664340130461454,54.77050637755805,1.0243904092541545,52.721725559049744,56.819287196066355
894,223.5,54.5160537877767,54.95029692710836,1.0243904092541545,52.90151610860005,56.999077745616674
895,223.75,59.68832467365399,58.66728454498302,1.0243904092541545,56.618503726474714,60.716065363491325
896,224.0,59.69426060526542,60.4807470852908,1.0243904092541545,58.431966266782496,62.52952790379911
897,224.25,82.26229343637127,82.77648980217053,1.0243904092541545,80.72770898366223,84.82527062067884
898,224.5,86.06551516592114,85.63802716423666,1.0243904092541545,83.58924634572836,87.68680798274497
899,224.75,81.51906812736448,83.26811095804224,1.0243904092541545,81.21933013953394,85.31689177655055
900,225.0,84.4733052583608,84.35148284952561,1.0243904092541545,82.3027020310173,86.40026366803392
901,225.25,85.43384601580175,85.18311467677763,1.0243904092541545,83.13433385826933,87.23189549528594
902,225.5,83.27614748824587,83.04149846179067,1.0243904092541545,80.99271764328236,85.09027928029897
903,225.75,85.7535597495698,84.19769150049898,1.0243904092541545,82.14891068199067,86.24647231900728
904,226.0,84.01446389271823,84.60799815994876,1.0243904092541545,82.55921734144046,86.65677897845707
905,226.25,86.88619081551532,84.95902650089,1.0243904092541545,82.9102456823817,87.00780731939831
906,226.5,83.21714859811716,83.55910878374372,1.0243904092541545,81.51032796523542,85.60788960225203
907,226.75,84.35433403076391,85.85918566377211,1.0243904092541545,83.8104048452638,87.90796648228041
908,227.0,87.97643728722991,87.85652986223805,1.0243904092541545,85.80774904372974,89.90531068074635
909,227.25,83.6095031373819,84.68708216243297,1.0243904092541545,82.63830134392467,86.73586298094128
910,227.5,87.94027743257851,88.81111991347171,1.0243904092541545,86.76233909496341,90.85990073198002
911,227.75,88.98063849266158,88.46664008936602,1.0243904092541545,86.41785927085772,90.51542090787433
912,228.0,89.08260651001615,88.26988409679022,1.0243904092541545,86.22110327828192,90.31866491529853
913,228.25,92.45644385799177,92.94114130589824,1.0243904092541545,90.89236048738994,94.98992212440655
914,228.5,93.43333544543451,92.12479954578662,1.0243904092541545,90.07601872727831,94.17358036429492
915,228.75,91.97054979499106,90.87220943608075,1.0243904092541545,88.82342861757245,92.92099025458906
916,229.0,94.87082829381566,93.31784241057717,1.0243904092541545,91.26906159206887,95.36662322908548
917,229.25,95.42429158800012,94.86720774465985,1.0243904092541545,92.81842692615155,96.91598856316816
918,229.5,95.84821777645207,94.42544744539582,1.0243904092541545,92.37666662688751,96.47422826390412
919,229.75,94.1766625515461,95.72508550365937,1.0243904092541545,93.67630468515107,97.77386632216768
920,230.0,94.90374286184796,95.24730935004033,1.0243904092541545,93.19852853153202,97.29609016854863
921,230.25,95.25467946706306,95.95594339649178,1.0243904092541545,93.90716257798347,98.00472421500008
922,230.5,96.94118843809285,96.72737322182749,1.0243904092541545,94.67859240331919,98.7761540403358
923,230.75,92.85117428133266,93.25190795093914,1.0243904092541545,91.20312713243084,95.30068876944745
924,231.0,93.65975536551504,93.49795873510658,1.0243904092541545,91.44917791659827,95.54673955361488
925,231.25,93.87414433654892,91.80450657417313,1.0243904092541545,89.75572575566483,93.85328739268144
926,231.5,91.55045377853973,91.69045768614716,1.0243904092541545,89.64167686763885,93.73923850465546
927,231.75,89.23795927897223,88.7850521412294,1.0243904092541545,86.7362713227211,90.8338329597377
928,232.0,88.24665309136753,88.18362755937602,1.0243904092541545,86.13484674086772,90.23240837788433
929,232.25,65.42577796183049,65.55614546890016,1.0243904092541545,63.50736465039185,67.60492628740846
930,232.5,63.73204980118302,63.571851699467594,1.0243904092541545,61.52307088095928,65.6206325179759
931,232.75,61.50082518161193,60.93922592635461,1.0243904092541545,58.890445107846304,62.988006744862915
932,233.0,56.014548401583674,55.07148133517403,1.0243904092541545,53.02270051666572,57.12026215368233
933,233.25,54.42692206468604,53.12058420675016,1.0243904092541545,51.07180338824185,55.16936502525847
934,233.5,52.36351921953847,52.093909087234934,1.0243904092541545,50.04512826872663,54.14268990574324
935,233.75,46.57002271706195,45.65419459159809,1.0243904092541545,43.60541377308978,47.702975410106404
936,234.0,44.449875332645476,45.524421075695784,1.0243904092541545,43.47564025718748,47.57320189420409
937,234.25,43.673552306704046,43.885700258700766,1.0243904092541545,41.83691944019246,45.93448107720907
938,234.5,44.27196272979791,43.540732464478644,1.0243904092541545,41.49195164597033,45.58951328298696
939,234.75,41.265752936934305,40.35661704440242,1.0243904092541545,38.30783622589411,42.40539786291073
940,235.0,37.13738068318573,36.95759601943111,1.0243904092541545,34.9088152009228,39.00637683793941
941,235.25,39.44254991929526,38.637028297398885,1.0243904092541545,36.58824747889058,40.68580911590719
942,235.5,39.187559231474346,38.62401846151377,1.0243904092541545,36.575237643005465,40.672799280022076
943,235.75,42.284150741778845,41.26653601013993,1.0243904092541545,39.217755191631625,43.315316828648236
944,236.0,38.7928448965565,38.53407547816811,1.0243904092541545,36.4852946596598,40.582856296676425
945,236.25,38.365083353123346,38.57922860878043,1.0243904092541545,36.53044779027212,40.628009427288745
946,236.5,39.999440331930096,39.70429817250676,1.0243904092541545,37.65551735399845,41.75307899101507
947,236.75,36.17272346538039,39.17799701485296,1.0243904092541545,37.12921619634466,41.22677783336127
948,237.0,39.46517830735067,39.21755590988781,1.0243904092541545,37.1687750913795,41.26633672839611
949,237.25,34.29336653524133,37.86102560816554,1.0243904092541545,35.81224478965723,39.90980642667385
950,237.5,37.787319593344,39.299714472560645,1.0243904092541545,37.25093365405233,41.34849529106896
951,237.75,39.47978491874126,39.34405906179869,1.0243904092541545,37.29527824329038,41.392839880306994
952,238.0,41.760587343210624,41.53347847334979,1.0243904092541545,39.48469765484148,43.582259291858094
953,238.25,39.53467460794084,40.437509064111445,1.0243904092541545,38.38872824560313,42.48628988261976
954,238.5,39.18085694251548,40.006618596403015,1.0243904092541545,37.95783777789471,42.05539941491132
955,238.75,42.29528524149885,40.82950948497308,1.0243904092541545,38.78072866646477,42.87829030348139
956,239.0,39.19512028263255,39.59084491122707,1.0243904092541545,37.54206409271876,41.639625729735386
957,239.25,38.533899964189665,36.199967986588135,1.0243904092541545,34.15118716807983,38.24874880509644
958,239.5,34.97750074911001,34.79009906228775,1.0243904092541545,32.741318243779446,36.83887988079606
959,239.75,36.280349930188976,35.98681288304859,1.0243904092539327,33.93803206454073,38.03559370155646
960,240.0,36.812541334067475,35.134688362515206,1.0243904092539327,33.08590754400734,37.18346918102307
961,240.25,35.826737622711846,35.689583375502735,1.0243904092541545,33.64080255699443,37.73836419401104
962,240.5,34.02554487550848,35.023045860213614,1.0243904092541545,32.97426504170531,37.07182667872192
963,240.75,34.18954072987756,34.62640248097045,1.0243904092541545,32.577621662462136,36.67518329947876
964,241.0,34.94178288420364,34.950705305362256,1.0243904092541545,32.90192448685394,36.99948612387057
965,241.25,32.98437606469932,34.230448152516196,1.0243904092541545,32.181667334007884,36.27922897102451
966,241.5,35.58942983957897,35.760662707442506,1.0243904092541545,33.7118818889342,37.80944352595081
967,241.75,36.900963610392864,37.70793615635534,1.0243904092541545,35.659155337847025,39.75671697486365
968,242.0,36.1920098445395,35.08991210253183,1.0243904092541545,33.04113128402352,37.13869292104013
969,242.25,35.204667144523384,35.32624204185687,1.0243904092541545,33.27746122334857,37.37502286036518
970,242.5,36.4436480773642,36.575653971679294,1.0243904092541545,34.52687315317098,38.62443479018761
971,242.75,36.50602371868326,36.430920108720926,1.0243904092541545,34.38213929021262,38.47970092722923
972,243.0,36.55673789195879,36.39338066672527,1.0243904092541545,34.34459984821696,38.442161485233584
973,243.25,35.61531264382779,34.881621128552524,1.0243904092541545,32.83284031004422,36.93040194706083
974,243.5,35.252232131620666,36.625890307794094,1.0243904092541545,34.57710948928579,38.6746711263024
975,243.75,36.22089908022562,37.284515665799915,1.0243904092541545,35.23573484729161,39.33329648430822
976,244.0,35.66893339554397,34.58731358213681,1.0243904092541545,32.538532763628496,36.63609440064512
977,244.25,35.366472542260254,35.52936003295995,1.0243904092541545,33.48057921445164,37.57814085146826
978,244.5,32.44863175242152,33.65373193401458,1.0243904092541545,31.60495111550627,35.70251275252289
979,244.75,35.14211659934656,34.4478928790933,1.0243904092541545,32.399112060585,36.49667369760161
980,245.0,34.428703333313265,33.84461360834424,1.0243904092541545,31.79583278983593,35.89339442685255
981,245.25,33.21722663403944,34.83605309149823,1.0243904092541545,32.787272272989924,36.884833910006535
982,245.5,36.043252308642714,35.77562242653288,1.0243904092541545,33.72684160802457,37.82440324504118
983,245.75,41.052202133086446,40.00339860799381,1.0243904092541545,37.954617789485496,42.05217942650212
984,246.0,42.972770923022196,42.3481555303817,1.0243904092541545,40.2993747118734,44.39693634889001
985,246.25,45.19866908565081,44.59976162682252,1.0243904092541545,42.55098080831421,46.64854244533083
986,246.5,42.4641421073857,43.75036486431868,1.0243904092541545,41.70158404581038,45.79914568282699
987,246.75,49.26551240081856,48.71544761016373,1.0243904092541545,46.666666791655416,50.76422842867204
988,247.0,51.69967730023493,51.981885906251954,1.0243904092541545,49.93310508774364,54.030666724760266
989,247.25,54.14296884875589,54.77050637755805,1.0243904092541545,52.721725559049744,56.819287196066355
990,247.5,55.69835572801887,54.95029692710836,1.0243904092541545,52.90151610860005,56.999077745616674
991,247.75,60.11825957378481,58.66728454498302,1.0243904092541545,56.618503726474714,60.716065363491325
992,248.0,62.16464796554715,60.4807470852908,1.0243904092541545,58.431966266782496,62.52952790379911
993,248.25,84.43941926735272,82.77648980217052,1.0243904092541545,80.72770898366221,84.82527062067882
994,248.5,85.4769054457705,85.63802716423666,1.0243904092541545,83.58924634572836,87.68680798274497
995,248.75,83.40743036031694,83.26811095804224,1.0243904092541545,81.21933013953394,85.31689177655055
996,249.0,84.85043642482503,84.35148284952561,1.0243904092541545,82.3027020310173,86.40026366803392
997,249.25,85.45247078137494,85.18311467677763,1.0243904092541545,83.13433385826933,87.23189549528594
998,249.5,83.55435416607557,83.04149846179067,1.0243904092541545,80.99271764328236,85.09027928029897
999,249.75,84.98903677429674,84.19769150049898,1.0243904092541545,82.14891068199067,86.24647231900728
1000,250.0,84.57738869198701,84.60799815994876,1.0243904092541545,82.55921734144046,86.65677897845707
1001,250.25,84.09660570861757,84.95902650089,1.0243904092541545,82.9102456823817,87.00780731939831
1002,250.5,83.0281069815094,83.55910878374372,1.0243904092541545,81.51032796523542,85.60788960225203
1003,250.75,86.26526085346788,85.85918566377211,1.0243904092541545,83.8104048452638,87.90796648228041
1004,251.0,87.90951099743505,87.85652986223803,1.0243904092541545,85.80774904372973,89.90531068074634
1005,251.25,85.02595831456901,84.68708216243297,1.0243904092541545,82.63830134392467,86.73586298094128
1006,251.5,89.3621125225942,88.81111991347171,1.0243904092541545,86.76233909496341,90.85990073198002
1007,251.75,88.20876372974848,88.46664008936602,1.0243904092541545,86.41785927085772,90.51542090787433
1008,252.0,89.28327258499583,88.26988409679021,1.0243904092541545,86.2211032782819,90.31866491529851
1009,252.25,93.45745416170442,92.94114130589824,1.0243904092541545,90.89236048738994,94.98992212440655
1010,252.5,91.21111721347664,92.12479954578662,1.0243904092541545,90.07601872727831,94.17358036429492
1011,252.75,92.25534682815616,90.87220943608075,1.0243904092541545,88.82342861757245,92.92099025458906
1012,253.0,92.93378179349546,93.31784241057719,1.0243904092541545,91.26906159206888,95.36662322908549
1013,253.25,93.23978283768922,94.86720774465985,1.0243904092541545,92.81842692615155,96.91598856316816
1014,253.5,93.43974535478009,94.42544744539582,1.0243904092541545,92.37666662688751,96.47422826390412
1015,253.75,95.03641581884183,95.72508550365937,1.0243904092541545,93.67630468515107,97.77386632216768
1016,254.0,95.27382272913395,95.24730935004033,1.0243904092541545,93.19852853153202,97.29609016854863
1017,254.25,95.84783421784024,95.95594339649178,1.0243904092541545,93.90716257798347,98.00472421500008
1018,254.5,96.48513060932487,96.72737322182748,1.0243904092541545,94.67859240331917,98.77615404033578
1019,254.75,94.04232546601187,93.25190795093914,1.0243904092541545,91.20312713243084,95.30068876944745
1020,255.0,94.16578856865748,93.49795873510658,1.0243904092541545,91.44917791659827,95.54673955361488
1021,255.25,92.30801732698916,91.80450657417313,1.0243904092541545,89.75572575566483,93.85328739268144
1022,255.5,92.1300020322888,91.69045768614717,1.0243904092541545,89.64167686763886,93.73923850465548
1023,255.75,89.44030162978424,88.7850521412294,1.0243904092541545,86.7362713227211,90.8338329597377
1024,256.0,86.37096907951432,88.18362755937602,1.0243904092541545,86.13484674086772,90.23240837788433
1025,256.25,64.9856264216092,65.55614546890017,1.0243904092541545,63.507364650391864,67.60492628740847
1026,256.5,61.545823056257476,63.571851699467594,1.0243904092541545,61.52307088095928,65.6206325179759
1027,256.75,61.08856104243657,60.93922592635461,1.0243904092541545,58.890445107846304,62.988006744862915
1028,257.0,54.84460789381215,55.07148133517403,1.0243904092541545,53.02270051666572,57.12026215368233
1029,257.25,53.82506034187239,53.12058420675016,1.0243904092541545,51.07180338824185,55.16936502525847
1030,257.5,53.241533530350424,52.093909087234934,1.0243904092541545,50.04512826872663,54.14268990574324
1031,257.75,46.183250879278724,45.65419459159809,1.0243904092541545,43.60541377308978,47.702975410106404
1032,258.0,45.10037876443414,45.524421075695784,1.0243904092541545,43.47564025718748,47.57320189420409
1033,258.25,44.24659016166541,43.885700258700766,1.0243904092541545,41.83691944019246,45.93448107720907
1034,258.5,42.80375562759001,43.540732464478644,1.0243904092541545,41.49195164597033,45.58951328298696
1035,258.75,40.39839164707381,40.35661704440243,1.0243904092541545,38.30783622589412,42.40539786291073
1036,259.0,37.91190726735145,36.95759601943111,1.0243904092541545,34.9088152009228,39.00637683793941
1037,259.25,37.99838461373788,38.637028297398885,1.0243904092541545,36.58824747889058,40.68580911590719
1038,259.5,39.50247116172303,38.62401846151377,1.0243904092541545,36.575237643005465,40.672799280022076
1039,259.75,41.76124585221182,41.26653601013993,1.0243904092541545,39.217755191631625,43.315316828648236
1040,260.0,37.54869392246857,38.534075478168106,1.0243904092541545,36.4852946596598,40.58285629667641
1041,260.25,39.69467579691178,38.57922860878043,1.0243904092541545,36.53044779027212,40.628009427288745
1042,260.5,40.36216542036858,39.70429817250676,1.0243904092541545,37.65551735399845,41.75307899101507
1043,260.75,39.20524372860583,39.17799701485296,1.0243904092541545,37.12921619634466,41.22677783336127
1044,261.0,38.31996911293797,39.21755590988781,1.0243904092541545,37.1687750913795,41.26633672839611
1045,261.25,37.08257334188055,37.86102560816554,1.0243904092541545,35.81224478965723,39.90980642667385
1046,261.5,38.973120423846396,39.299714472560645,1.0243904092541545,37.25093365405233,41.34849529106896
1047,261.75,39.570610781092235,39.34405906179869,1.0243904092541545,37.29527824329038,41.392839880306994
1048,262.0,40.32743283854243,41.53347847334979,1.0243904092541545,39.48469765484148,43.582259291858094
1049,262.25,41.134615636700644,40.43750906411144,1.0243904092541545,38.38872824560313,42.486289882619744
1050,262.5,38.651203455516026,40.006618596403015,1.0243904092541545,37.95783777789471,42.05539941491132
1051,262.75,40.72067566844587,40.82950948497308,1.0243904092541545,38.78072866646477,42.87829030348139
1052,263.0,39.78879816877923,39.59084491122708,1.0243904092541545,37.542064092718775,41.639625729735386
1053,263.25,38.7361097968456,36.199967986588135,1.0243904092541545,34.15118716807983,38.24874880509644
1054,263.5,33.602104946765984,34.79009906228775,1.0243904092541545,32.741318243779446,36.83887988079606
1055,263.75,37.34432831979784,35.98681288304859,1.0243904092539327,33.93803206454073,38.03559370155646
1056,264.0,35.345509349556146,35.13468836251521,1.0243904092539327,33.08590754400735,37.18346918102308
1057,264.25,36.10688242453438,35.68958337550273,1.0243904092541545,33.640802556994416,37.73836419401104
1058,264.5,35.14623676958749,35.023045860213614,1.0243904092541545,32.97426504170531,37.07182667872192
1059,264.75,34.74399499976708,34.62640248097045,1.0243904092541545,32.577621662462136,36.67518329947876
1060,265.0,34.823708516031715,34.950705305362256,1.0243904092541545,32.90192448685394,36.99948612387057
1061,265.25,35.803167898358346,34.23044815251619,1.0243904092541545,32.181667334007884,36.279228971024494
1062,265.5,35.388790766695074,35.760662707442506,1.0243904092541545,33.7118818889342,37.80944352595081
1063,265.75,38.77539027656955,37.70793615635533,1.0243904092541545,35.659155337847025,39.756716974863636
1064,266.0,34.623284967139035,35.08991210253183,1.0243904092541545,33.04113128402352,37.13869292104013
1065,266.25,35.109803423936846,35.326242041856865,1.0243904092541545,33.27746122334855,37.37502286036518
1066,266.5,35.65448127422155,36.575653971679294,1.0243904092541545,34.52687315317098,38.62443479018761
1067,266.75,37.067229369653354,36.430920108720926,1.0243904092541545,34.38213929021262,38.47970092722923
1068,267.0,37.778741830479156,36.39338066672527,1.0243904092541545,34.34459984821696,38.442161485233584
1069,267.25,34.92114226431716,34.881621128552524,1.0243904092541545,32.83284031004422,36.93040194706083
1070,267.5,36.05505866158614,36.625890307794094,1.0243904092541545,34.57710948928579,38.6746711263024
1071,267.75,36.14786974977897,37.284515665799915,1.0243904092541545,35.23573484729161,39.33329648430822
1072,268.0,34.33496152658913,34.58731358213681,1.0243904092541545,32.538532763628496,36.63609440064512
1073,268.25,34.18601515474346,35.52936003295995,1.0243904092541545,33.48057921445164,37.57814085146826
1074,268.5,32.95259585829957,33.65373193401458,1.0243904092541545,31.60495111550627,35.70251275252289
1075,268.75,34.92508993607259,34.4478928790933,1.0243904092541545,32.399112060585,36.49667369760161
1076,269.0,35.284346725021976,33.84461360834424,1.0243904092541545,31.79583278983593,35.89339442685255
1077,269.25,37.55715275252565,34.83605309149823,1.0243904092541545,32.787272272989924,36.884833910006535
1078,269.5,35.22718550810821,35.77562242653288,1.0243904092541545,33.72684160802457,37.82440324504118
1079,269.75,41.751919197303515,40.00339860799381,1.0243904092541545,37.954617789485496,42.05217942650212
1080,270.0,42.84213695171758,42.3481555303817,1.0243904092541545,40.2993747118734,44.39693634889001
1081,270.25,44.41543995514304,44.59976162682251,1.0243904092541545,42.55098080831421,46.64854244533082
1082,270.5,44.3010056572026,43.75036486431868,1.0243904092541545,41.70158404581038,45.79914568282699
1083,270.75,48.99638872950232,48.71544761016373,1.0243904092541545,46.666666791655416,50.76422842867204
1084,271.0,52.1126927853176,51.981885906251954,1.0243904092541545,49.93310508774364,54.030666724760266
1085,271.25,54.21742584465387,54.77050637755805,1.0243904092541545,52.721725559049744,56.819287196066355
1086,271.5,53.429690458800295,54.95029692710836,1.0243904092541545,52.90151610860005,56.999077745616674
1087,271.75,57.0953598605885,58.66728454498302,1.0243904092541545,56.618503726474714,60.716065363491325
1088,272.0,61.023522794228015,60.4807470852908,1.0243904092541545,58.431966266782496,62.52952790379911
1089,272.25,82.8479113057611,82.77648980217053,1.0243904092541545,80.72770898366223,84.82527062067884
1090,272.5,84.99055072774452,85.63802716423666,1.0243904092541545,83.58924634572836,87.68680798274497
1091,272.75,83.06321582401374,83.26811095804224,1.0243904092541545,81.21933013953394,85.31689177655055
1092,273.0,84.87854580595642,84.35148284952561,1.0243904092541545,82.3027020310173,86.40026366803392
1093,273.25,85.51165677510187,85.18311467677763,1.0243904092541545,83.13433385826933,87.23189549528594
1094,273.5,82.76753504152306,83.04149846179067,1.0243904092541545,80.99271764328236,85.09027928029897
1095,273.75,85.39157659806949,84.19769150049898,1.0243904092541545,82.14891068199067,86.24647231900728
1096,274.0,86.21585684099458,84.60799815994878,1.0243904092541545,82.55921734144047,86.65677897845708
1097,274.25,85.3204493003141,84.95902650089,1.0243904092541545,82.9102456823817,87.00780731939831
1098,274.5,84.41624355868935,83.55910878374374,1.0243904092541545,81.51032796523543,85.60788960225204
1099,274.75,86.87331047254794,85.85918566377211,1.0243904092541545,83.8104048452638,87.90796648228041
1100,275.0,89.0366170226396,87.85652986223805,1.0243904092541545,85.80774904372974,89.90531068074635
1101,275.25,85.2998475148133,84.68708216243297,1.0243904092541545,82.63830134392467,86.73586298094128
1102,275.5,89.29038032746689,88.81111991347171,1.0243904092541545,86.76233909496341,90.85990073198002
1103,275.75,89.10326576599259,88.46664008936602,1.0243904092541545,86.41785927085772,90.51542090787433
1104,276.0,87.42968674681897,88.26988409679021,1.0243904092541545,86.2211032782819,90.31866491529851
1105,276.25,93.7793347151056,92.94114130589824,1.0243904092541545,90.89236048738994,94.98992212440655
1106,276.5,91.09011632926156,92.12479954578662,1.0243904092541545,90.07601872727831,94.17358036429492
1107,276.75,90.01844258184487,90.87220943608075,1.0243904092541545,88.82342861757245,92.92099025458906
1108,277.0,94.73809160506046,93.31784241057717,1.0243904092541545,91.26906159206887,95.36662322908548
1109,277.25,95.7350983435686,94.86720774465985,1.0243904092541545,92.81842692615155,96.91598856316816
1110,277.5,95.97218735405224,94.42544744539583,1.0243904092541545,92.37666662688753,96.47422826390414
1111,277.75,95.78578659583286,95.72508550365937,1.0243904092541545,93.67630468515107,97.77386632216768
1112,278.0,94.06940056919964,95.24730935004033,1.0243904092541545,93.19852853153202,97.29609016854863
1113,278.25,95.88124752631613,95.95594339649176,1.0243904092541545,93.90716257798346,98.00472421500007
1114,278.5,96.92399387420603,96.72737322182749,1.0243904092541545,94.67859240331919,98.7761540403358
1115,278.75,93.5016122168694,93.25190795093914,1.0243904092541545,91.20312713243084,95.30068876944745
1116,279.0,94.95959368622147,93.49795873510658,1.0243904092541545,91.44917791659827,95.54673955361488
1117,279.25,91.63069903134144,91.80450657417313,1.0243904092541545,89.75572575566483,93.85328739268144
1118,279.5,92.07220804676304,91.69045768614716,1.0243904092541545,89.64167686763885,93.73923850465546
1119,279.75,87.8355398123474,88.7850521412294,1.0243904092541545,86.7362713227211,90.8338329597377
1120,280.0,88.92923969933558,88.18362755937602,1.0243904092541545,86.13484674086772,90.23240837788433
1121,280.25,65.3531732240593,65.55614546890017,1.0243904092541545,63.507364650391864,67.60492628740847
1122,280.5,62.97621978246243,63.571851699467594,1.0243904092541545,61.52307088095928,65.6206325179759
1123,280.75,60.816671753463915,60.93922592635461,1.0243904092541545,58.890445107846304,62.988006744862915
1124,281.0,54.66506511952127,55.07148133517403,1.0243904092541545,53.02270051666572,57.12026215368233
1125,281.25,52.50937293774561,53.12058420675016,1.0243904092541545,51.07180338824185,55.16936502525847
1126,281.5,53.82524037989698,52.093909087234934,1.0243904092541545,50.04512826872663,54.14268990574324
1127,281.75,45.88202982871847,45.65419459159809,1.0243904092541545,43.60541377308978,47.702975410106404
1128,282.0,45.356843731653704,45.524421075695784,1.0243904092541545,43.47564025718748,47.57320189420409
1129,282.25,41.66397809150953,43.885700258700766,1.0243904092541545,41.83691944019246,45.93448107720907
1130,282.5,42.43746591293485,43.540732464478644,1.0243904092541545,41.49195164597033,45.58951328298696
1131,282.75,40.1367108740608,40.35661704440242,1.0243904092541545,38.30783622589411,42.40539786291073
1132,283.0,36.23991827421404,36.95759601943111,1.0243904092541545,34.9088152009228,39.00637683793941
1133,283.25,39.9378635531051,38.637028297398885,1.0243904092541545,36.58824747889058,40.68580911590719
1134,283.5,38.53185474708431,38.62401846151377,1.0243904092541545,36.575237643005465,40.672799280022076
1135,283.75,42.372288732837774,41.26653601013993,1.0243904092541545,39.217755191631625,43.315316828648236
1136,284.0,38.565190373649756,38.53407547816811,1.0243904092541545,36.4852946596598,40.582856296676425
1137,284.25,38.75800950511596,38.57922860878043,1.0243904092541545,36.53044779027212,40.628009427288745
1138,284.5,39.57480262728457,39.70429817250676,1.0243904092541545,37.65551735399845,41.75307899101507
1139,284.75,39.10711409285463,39.17799701485296,1.0243904092541545,37.12921619634466,41.22677783336127
1140,285.0,40.80108757401548,39.21755590988781,1.0243904092541545,37.1687750913795,41.26633672839611
1141,285.25,35.6221686337049,37.86102560816554,1.0243904092541545,35.81224478965723,39.90980642667385
1142,285.5,37.50923725631074,39.299714472560645,1.0243904092541545,37.25093365405233,41.34849529106896
1143,285.75,38.484845486744156,39.34405906179869,1.0243904092541545,37.29527824329038,41.392839880306994
1144,286.0,41.2975858878814,41.53347847334979,1.0243904092541545,39.48469765484148,43.582259291858094
1145,286.25,41.38720781284479,40.437509064111445,1.0243904092541545,38.38872824560313,42.48628988261976
1146,286.5,40.3660461824219,40.006618596403015,1.0243904092541545,37.95783777789471,42.05539941491132
1147,286.75,40.54049834000415,40.82950948497308,1.0243904092541545,38.78072866646477,42.87829030348139
1148,287.0,40.69819410744699,39.59084491122707,1.0243904092541545,37.54206409271876,41.639625729735386
1149,287.25,37.32117505493941,36.199967986588135,1.0243904092541545,34.15118716807983,38.24874880509644
1150,287.5,35.16347843355792,34.79009906228775,1.0243904092541545,32.741318243779446,36.83887988079606
1151,287.75,36.83497132579455,35.98681288304859,1.0243904092539327,33.93803206454073,38.03559370155646
1152,288.0,35.468312199001,35.134688362515206,1.0243904092539327,33.08590754400734,37.18346918102307
1153,288.25,35.13422747973554,35.689583375502735,1.0243904092541545,33.64080255699443,37.73836419401104
1154,288.5,35.72570569519929,35.023045860213614,1.0243904092541545,32.97426504170531,37.07182667872192
1155,288.75,34.409881304150524,34.62640248097045,1.0243904092541545,32.577621662462136,36.67518329947876
1156,289.0,34.978733467148224,34.95070530536225,1.0243904092541545,32.90192448685394,36.999486123870554
1157,289.25,35.82207128909046,34.230448152516196,1.0243904092541545,32.181667334007884,36.27922897102451
1158,289.5,33.39438978237971,35.760662707442506,1.0243904092541545,33.7118818889342,37.80944352595081
1159,289.75,36.225471534230735,37.70793615635534,1.0243904092541545,35.659155337847025,39.75671697486365
1160,290.0,34.08058166097769,35.08991210253183,1.0243904092541545,33.04113128402352,37.13869292104013
1161,290.25,34.806794622769324,35.32624204185687,1.0243904092541545,33.27746122334857,37.37502286036518
1162,290.5,36.47183565674574,36.575653971679294,1.0243904092541545,34.52687315317098,38.62443479018761
1163,290.75,35.10488000153279,36.430920108720926,1.0243904092541545,34.38213929021262,38.47970092722923
1164,291.0,35.348457841241796,36.39338066672527,1.0243904092541545,34.34459984821696,38.442161485233584
1165,291.25,34.137656765614445,34.881621128552524,1.0243904092541545,32.83284031004422,36.93040194706083
1166,291.5,38.709368452365936,36.625890307794094,1.0243904092541545,34.57710948928579,38.6746711263024
1167,291.75,39.06422866059404,37.284515665799915,1.0243904092541545,35.23573484729161,39.33329648430822
1168,292.0,34.15250476245679,34.58731358213681,1.0243904092541545,32.538532763628496,36.63609440064512
1169,292.25,35.41522612415819,35.52936003295995,1.0243904092541545,33.48057921445164,37.57814085146826
1170,292.5,32.7162698478301,33.65373193401457,1.0243904092541545,31.604951115506264,35.70251275252288
1171,292.75,32.79017347673819,34.4478928790933,1.0243904092541545,32.399112060585,36.49667369760161
1172,293.0,33.848453340872055,33.84461360834424,1.0243904092541545,31.79583278983593,35.89339442685255
1173,293.25,33.750089908052125,34.83605309149823,1.0243904092541545,32.787272272989924,36.884833910006535
1174,293.5,35.7289200615171,35.77562242653288,1.0243904092541545,33.72684160802457,37.82440324504118
1175,293.75,38.7164131916146,40.00339860799381,1.0243904092541545,37.954617789485496,42.05217942650212
1176,294.0,41.836410013005676,42.3481555303817,1.0243904092541545,40.2993747118734,44.39693634889001
1177,294.25,44.71531469719225,44.59976162682252,1.0243904092541545,42.55098080831421,46.64854244533083
1178,294.5,44.234620803260384,43.75036486431868,1.0243904092541545,41.70158404581038,45.79914568282699
1179,294.75,49.351944204564376,48.71544761016373,1.0243904092541545,46.666666791655416,50.76422842867204
1180,295.0,50.68180807554834,51.981885906251954,1.0243904092541545,49.93310508774364,54.030666724760266
1181,295.25,55.480444737616104,54.77050637755805,1.0243904092541545,52.721725559049744,56.819287196066355
1182,295.5,54.027588421997294,54.95029692710836,1.0243904092541545,52.90151610860005,56.999077745616674
1183,295.75,59.27184297771789,58.66728454498302,1.0243904092541545,56.618503726474714,60.716065363491325
1184,296.0,60.3596392343286,60.4807470852908,1.0243904092541545,58.431966266782496,62.52952790379911
1185,296.25,81.74822389676886,82.77648980217053,1.0243904092541545,80.72770898366223,84.82527062067884
1186,296.5,85.2704419228195,85.63802716423666,1.0243904092541545,83.58924634572836,87.68680798274497
1187,296.75,83.42007393935435,83.26811095804224,1.0243904092541545,81.21933013953394,85.31689177655055
1188,297.0,84.6965789335154,84.35148284952561,1.0243904092541545,82.3027020310173,86.40026366803392
1189,297.25,85.19030493463106,85.18311467677763,1.0243904092541545,83.13433385826933,87.23189549528594
1190,297.5,84.95536886876508,83.04149846179067,1.0243904092541545,80.99271764328236,85.09027928029897
1191,297.75,85.1727944134071,84.19769150049898,1.0243904092541545,82.14891068199067,86.24647231900728
1192,298.0,84.38001722161319,84.60799815994876,1.0243904092541545,82.55921734144046,86.65677897845707
1193,298.25,85.57601445712818,84.95902650089,1.0243904092541545,82.9102456823817,87.00780731939831
1194,298.5,85.37637353253345,83.55910878374372,1.0243904092541545,81.51032796523542,85.60788960225203
1195,298.75,87.59183507651717,85.85918566377211,1.0243904092541545,83.8104048452638,87.90796648228041
1196,299.0,86.6785178254126,87.85652986223805,1.0243904092541545,85.80774904372974,89.90531068074635
1197,299.25,83.75921522654352,84.68708216243297,1.0243904092541545,82.63830134392467,86.73586298094128
1198,299.5,90.17695206712587,88.81111991347171,1.0243904092541545,86.76233909496341,90.85990073198002
1199,299.75,87.52532414180845,88.46664008936602,1.0243904092541545,86.41785927085772,90.51542090787433
1200,300.0,87.20448328807434,88.26988409679022,1.0243904092541545,86.22110327828192,90.31866491529853
1201,300.25,92.59241742754698,92.94114130589824,1.0243904092541545,90.89236048738994,94.98992212440655
1202,300.5,92.8661570098627,92.12479954578662,1.0243904092541545,90.07601872727831,94.17358036429492
1203,300.75,90.71064533035882,90.87220943608075,1.0243904092541545,88.82342861757245,92.92099025458906
1204,301.0,92.78396291684678,93.31784241057719,1.0243904092541545,91.26906159206888,95.36662322908549
1205,301.25,94.22066571914989,94.86720774465985,1.0243904092541545,92.81842692615155,96.91598856316816
1206,301.5,93.77245199995367,94.42544744539583,1.0243904092541545,92.37666662688753,96.47422826390414
1207,301.75,95.17795135086122,95.72508550365937,1.0243904092541545,93.67630468515107,97.77386632216768
1208,302.0,97.50328228775248,95.24730935004033,1.0243904092541545,93.19852853153202,97.29609016854863
1209,302.25,96.41919579457203,95.95594339649176,1.0243904092541545,93.90716257798346,98.00472421500007
1210,302.5,97.7087216313702,96.72737322182748,1.0243904092541545,94.67859240331917,98.77615404033578
1211,302.75,92.93354603241048,93.25190795093914,1.0243904092541545,91.20312713243084,95.30068876944745
1212,303.0,93.63995653027871,93.49795873510658,1.0243904092541545,91.44917791659827,95.54673955361488
1213,303.25,91.27841547497452,91.80450657417313,1.0243904092541545,89.75572575566483,93.85328739268144
1214,303.5,89.06846524004091,91.69045768614717,1.0243904092541545,89.64167686763886,93.73923850465548
1215,303.75,87.44615768493415,88.7850521412294,1.0243904092541545,86.7362713227211,90.8338329597377
1216,304.0,86.66830374131138,88.18362755937602,1.0243904092541545,86.13484674086772,90.23240837788433
1217,304.25,63.100280895922054,65.55614546890017,1.0243904092541545,63.507364650391864,67.60492628740847
1218,304.5,62.530674146448845,63.571851699467594,1.0243904092541545,61.52307088095928,65.6206325179759
1219,304.75,62.3774567950204,60.93922592635461,1.0243904092541545,58.890445107846304,62.988006744862915
1220,305.0,54.80480469833214,55.07148133517403,1.0243904092541545,53.02270051666572,57.12026215368233
1221,305.25,54.070091829403886,53.12058420675016,1.0243904092541545,51.07180338824185,55.16936502525847
1222,305.5,52.46488171453018,52.093909087234934,1.0243904092541545,50.04512826872663,54.14268990574324
1223,305.75,46.76303465674151,45.65419459159809,1.0243904092541545,43.60541377308978,47.702975410106404
1224,306.0,44.699842846526465,45.524421075695784,1.0243904092541545,43.47564025718748,47.57320189420409
1225,306.25,44.28538000331234,43.885700258700766,1.0243904092541545,41.83691944019246,45.93448107720907
1226,306.5,44.06038749898867,43.540732464478644,1.0243904092541545,41.49195164597033,45.58951328298696
1227,306.75,39.82313700628346,40.35661704440243,1.0243904092541545,38.30783622589412,42.40539786291073
1228,307.0,37.485311321006854,36.95759601943111,1.0243904092541545,34.9088152009228,39.00637683793941
1229,307.25,39.12234371830214,38.637028297398885,1.0243904092541545,36.58824747889058,40.68580911590719
1230,307.5,38.147239901350446,38.62401846151377,1.0243904092541545,36.575237643005465,40.672799280022076
1231,307.75,39.961076051248526,41.26653601013993,1.0243904092541545,39.217755191631625,43.315316828648236
1232,308.0,37.31935740770112,38.534075478168106,1.0243904092541545,36.4852946596598,40.58285629667641
1233,308.25,38.80728721061584,38.57922860878043,1.0243904092541545,36.53044779027212,40.628009427288745
1234,308.5,39.99060894378639,39.70429817250676,1.0243904092541545,37.65551735399845,41.75307899101507
1235,308.75,38.31079201077526,39.17799701485296,1.0243904092541545,37.12921619634466,41.22677783336127
1236,309.0,39.10887791229172,39.21755590988781,1.0243904092541545,37.1687750913795,41.26633672839611
1237,309.25,38.5123163965946,37.86102560816554,1.0243904092541545,35.81224478965723,39.90980642667385
1238,309.5,40.12897371541472,39.299714472560645,1.0243904092541545,37.25093365405233,41.34849529106896
1239,309.75,40.57989643792276,39.34405906179869,1.0243904092541545,37.29527824329038,41.392839880306994
1240,310.0,42.56003883814187,41.53347847334979,1.0243904092541545,39.48469765484148,43.582259291858094
1241,310.25,39.69581195532423,40.43750906411144,1.0243904092541545,38.38872824560313,42.486289882619744
1242,310.5,41.57654519393244,40.006618596403015,1.0243904092541545,37.95783777789471,42.05539941491132
1243,310.75,40.393767748329005,40.82950948497308,1.0243904092541545,38.78072866646477,42.87829030348139
1244,311.0,40.724023226659654,39.59084491122708,1.0243904092541545,37.542064092718775,41.639625729735386
1245,311.25,36.358966277837766,36.199967986588135,1.0243904092541545,34.15118716807983,38.24874880509644
1246,311.5,34.56727122382939,34.79009906228775,1.0243904092541545,32.741318243779446,36.83887988079606
1247,311.75,34.06461689353277,35.98681288304859,1.0243904092539327,33.93803206454073,38.03559370155646
1248,312.0,35.02410242535252,35.13468836251521,1.0243904092539327,33.08590754400735,37.18346918102308
1249,312.25,34.136327271212814,35.68958337550273,1.0243904092541545,33.640802556994416,37.73836419401104
1250,312.5,35.995188092042056,35.023045860213614,1.0243904092541545,32.97426504170531,37.07182667872192
1251,312.75,35.816060838711095,34.62640248097045,1.0243904092541545,32.577621662462136,36.67518329947876
1252,313.0,34.18048263109704,34.95070530536225,1.0243904092541545,32.90192448685394,36.999486123870554
1253,313.25,34.65108845942016,34.23044815251619,1.0243904092541545,32.181667334007884,36.279228971024494
1254,313.5,35.11987038891182,35.760662707442506,1.0243904092541545,33.7118818889342,37.80944352595081
1255,313.75,37.01467097425351,37.70793615635533,1.0243904092541545,35.659155337847025,39.756716974863636
1256,314.0,36.042146791217434,35.08991210253183,1.0243904092541545,33.04113128402352,37.13869292104013
1257,314.25,35.13151700849472,35.326242041856865,1.0243904092541545,33.27746122334855,37.37502286036518
1258,314.5,38.46609186844278,36.575653971679294,1.0243904092541545,34.52687315317098,38.62443479018761
1259,314.75,36.129973170602916,36.430920108720926,1.0243904092541545,34.38213929021262,38.47970092722923
1260,315.0,37.332952206027116,36.39338066672527,1.0243904092541545,34.34459984821696,38.442161485233584
1261,315.25,35.0959118570958,34.881621128552524,1.0243904092541545,32.83284031004422,36.93040194706083
1262,315.5,37.04772237003428,36.625890307794094,1.0243904092541545,34.57710948928579,38.6746711263024
1263,315.75,36.81532905551695,37.284515665799915,1.0243904092541545,35.23573484729161,39.33329648430822
1264,316.0,34.51469534258986,34.58731358213681,1.0243904092541545,32.538532763628496,36.63609440064512
1265,316.25,35.663310535166055,35.52936003295995,1.0243904092541545,33.48057921445164,37.57814085146826
1266,316.5,33.029416730172606,33.65373193401458,1.0243904092541545,31.60495111550627,35.70251275252289
1267,316.75,35.36038542454521,34.4478928790933,1.0243904092541545,32.399112060585,36.49667369760161
1268,317.0,34.615582532858944,33.84461360834424,1.0243904092541545,31.79583278983593,35.89339442685255
1269,317.25,35.341496586201714,34.83605309149823,1.0243904092541545,32.787272272989924,36.884833910006535
1270,317.5,37.350736247096755,35.77562242653288,1.0243904092541545,33.72684160802457,37.82440324504118
1271,317.75,41.765963841894376,40.003398607993816,1.0243904092541545,37.95461778948551,42.05217942650212
1272,318.0,42.223439781466794,42.3481555303817,1.0243904092541545,40.2993747118734,44.39693634889001
1273,318.25,44.939739920323596,44.59976162682251,1.0243904092541545,42.55098080831421,46.64854244533082
1274,318.5,43.24481051621824,43.75036486431868,1.0243904092541545,41.70158404581038,45.79914568282699
1275,318.75,48.95782756193692,48.71544761016373,1.0243904092541545,46.666666791655416,50.76422842867204
1276,319.0,51.40254761058651,51.981885906251954,1.0243904092541545,49.93310508774364,54.030666724760266
1277,319.25,56.24582931661659,54.77050637755805,1.0243904092541545,52.721725559049744,56.819287196066355
1278,319.5,55.191498268942105,54.95029692710836,1.0243904092541545,52.90151610860005,56.999077745616674
1279,319.75,58.42095593500616,58.66728454498302,1.0243904092541545,56.618503726474714,60.716065363491325
1280,320.0,61.563896482803166,60.4807470852908,1.0243904092541545,58.431966266782496,62.52952790379911
1281,320.25,80.9539959860514,82.77648980217052,1.0243904092541545,80.72770898366221,84.82527062067882
1282,320.5,83.5725370325354,85.63802716423666,1.0243904092541545,83.58924634572836,87.68680798274497
1283,320.75,83.85054885251036,83.26811095804224,1.0243904092541545,81.21933013953394,85.31689177655055
1284,321.0,84.14408200115815,84.35148284952561,1.0243904092541545,82.3027020310173,86.40026366803392
1285,321.25,85.58173913233624,85.18311467677763,1.0243904092541545,83.13433385826933,87.23189549528594
1286,321.5,82.09719387484549,83.04149846179067,1.0243904092541545,80.99271764328236,85.09027928029897
1287,321.75,84.14204993157018,84.19769150049898,1.0243904092541545,82.14891068199067,86.24647231900728
1288,322.0,86.64018074841428,84.60799815994876,1.0243904092541545,82.55921734144046,86.65677897845707
1289,322.25,85.6500922647871,84.95902650089,1.0243904092541545,82.9102456823817,87.00780731939831
1290,322.5,83.61228659248808,83.55910878374374,1.0243904092541545,81.51032796523543,85.60788960225204
1291,322.75,85.1922965656292,85.85918566377211,1.0243904092541545,83.8104048452638,87.90796648228041
1292,323.0,87.5119448543657,87.85652986223805,1.0243904092541545,85.80774904372974,89.90531068074635
1293,323.25,82.55655044850066,84.68708216243297,1.0243904092541545,82.63830134392467,86.73586298094128
1294,323.5,88.94967370131317,88.81111991347171,1.0243904092541545,86.76233909496341,90.85990073198002
1295,323.75,89.42908830112795,88.46664008936602,1.0243904092541545,86.41785927085772,90.51542090787433
1296,324.0,86.95140509419541,88.26988409679021,1.0243904092541545,86.2211032782819,90.31866491529851
1297,324.25,92.4171946659392,92.94114130589824,1.0243904092541545,90.89236048738994,94.98992212440655
1298,324.5,91.28846566815469,92.12479954578662,1.0243904092541545,90.07601872727831,94.17358036429492
1299,324.75,89.84769084216116,90.87220943608075,1.0243904092541545,88.82342861757245,92.92099025458906
1300,325.0,93.48800816407427,93.31784241057719,1.0243904092541545,91.26906159206888,95.36662322908549
1301,325.25,92.81047602588592,94.86720774465985,1.0243904092541545,92.81842692615155,96.91598856316816
1302,325.5,95.09905950272345,94.42544744539582,1.0243904092541545,92.37666662688751,96.47422826390412
1303,325.75,96.81131604945384,95.72508550365937,1.0243904092541545,93.67630468515107,97.77386632216768
1304,326.0,94.9705468224395,95.24730935004033,1.0243904092541545,93.19852853153202,97.29609016854863
1305,326.25,93.64097621340194,95.95594339649176,1.0243904092541545,93.90716257798346,98.00472421500007
1306,326.5,95.82554395096307,96.72737322182749,1.0243904092541545,94.67859240331919,98.7761540403358
1307,326.75,94.6555254346321,93.25190795093914,1.0243904092541545,91.20312713243084,95.30068876944745
1308,327.0,91.04791892673619,93.49795873510658,1.0243904092541545,91.44917791659827,95.54673955361488
1309,327.25,91.64444604415135,91.80450657417313,1.0243904092541545,89.75572575566483,93.85328739268144
1310,327.5,90.54017279649285,91.69045768614716,1.0243904092541545,89.64167686763885,93.73923850465546
1311,327.75,89.62873726336684,88.7850521412294,1.0243904092541545,86.7362713227211,90.8338329597377
1312,328.0,87.80380846914831,88.18362755937602,1.0243904092541545,86.13484674086772,90.23240837788433
1313,328.25,65.75401869460927,65.55614546890017,1.0243904092541545,63.507364650391864,67.60492628740847
1314,328.5,64.29149353991605,63.571851699467594,1.0243904092541545,61.52307088095928,65.6206325179759
1315,328.75,62.88872695536879,60.93922592635461,1.0243904092541545,58.890445107846304,62.988006744862915
1316,329.0,54.646298922361126,55.07148133517402,1.0243904092541545,53.02270051666571,57.12026215368233
1317,329.25,53.15557243670532,53.12058420675016,1.0243904092541545,51.07180338824185,55.16936502525847
1318,329.5,50.56884365850186,52.093909087234934,1.0243904092541545,50.04512826872663,54.14268990574324
1319,329.75,47.1708893943201,45.65419459159809,1.0243904092541545,43.60541377308978,47.702975410106404
1320,330.0,44.840230993759675,45.524421075695784,1.0243904092541545,43.47564025718748,47.57320189420409
1321,330.25,43.20067488503192,43.885700258700766,1.0243904092541545,41.83691944019246,45.93448107720907
1322,330.5,43.30942547006511,43.540732464478644,1.0243904092541545,41.49195164597033,45.58951328298696
1323,330.75,38.83689995317731,40.35661704440242,1.0243904092541545,38.30783622589411,42.40539786291073
1324,331.0,37.15454097931962,36.95759601943111,1.0243904092541545,34.9088152009228,39.00637683793941
1325,331.25,39.523622232652315,38.637028297398885,1.0243904092541545,36.58824747889058,40.68580911590719
1326,331.5,38.98972634597782,38.62401846151377,1.0243904092541545,36.575237643005465,40.672799280022076
1327,331.75,39.4949469193408,41.26653601013993,1.0243904092541545,39.217755191631625,43.315316828648236
1328,332.0,38.37967644526973,38.53407547816811,1.0243904092541545,36.4852946596598,40.582856296676425
1329,332.25,39.46281057167387,38.57922860878043,1.0243904092541545,36.53044779027212,40.628009427288745
1330,332.5,37.78561030903116,39.70429817250676,1.0243904092541545,37.65551735399845,41.75307899101507
1331,332.75,38.028551827415455,39.17799701485296,1.0243904092541545,37.12921619634466,41.22677783336127
1332,333.0,39.95883617504714,39.21755590988781,1.0243904092541545,37.1687750913795,41.26633672839611
1333,333.25,38.211874794653404,37.86102560816554,1.0243904092541545,35.81224478965723,39.90980642667385
1334,333.5,39.92275458287617,39.299714472560645,1.0243904092541545,37.25093365405233,41.34849529106896
1335,333.75,40.887511125423586,39.34405906179869,1.0243904092541545,37.29527824329038,41.392839880306994
1336,334.0,41.75161078445003,41.53347847334979,1.0243904092541545,39.48469765484148,43.582259291858094
1337,334.25,41.35499139851395,40.437509064111445,1.0243904092541545,38.38872824560313,42.48628988261976
1338,334.5,42.60370451161275,40.006618596403015,1.0243904092541545,37.95783777789471,42.05539941491132
1339,334.75,40.710939694794234,40.82950948497308,1.0243904092541545,38.78072866646477,42.87829030348139
1340,335.0,38.88126765058673,39.59084491122707,1.0243904092541545,37.54206409271876,41.639625729735386
1341,335.25,36.71877605003381,36.199967986588135,1.0243904092541545,34.15118716807983,38.24874880509644
1342,335.5,35.41841163167525,34.79009906228775,1.0243904092541545,32.741318243779446,36.83887988079606
1343,335.75,35.345598361361496,35.98681288304859,1.0243904092539327,33.93803206454073,38.03559370155646
1344,336.0,34.163269916014016,35.134688362515206,1.0243904092539327,33.08590754400734,37.18346918102307
1345,336.25,38.005554928608504,35.68958337550273,1.0243904092541545,33.640802556994416,37.73836419401104
1346,336.5,35.3547323265873,35.023045860213614,1.0243904092541545,32.97426504170531,37.07182667872192
1347,336.75,33.56698280016977,34.62640248097045,1.0243904092541545,32.577621662462136,36.67518329947876
1348,337.0,35.89332392267333,34.95070530536225,1.0243904092541545,32.90192448685394,36.999486123870554
1349,337.25,34.23997256533955,34.230448152516196,1.0243904092541545,32.181667334007884,36.27922897102451
1350,337.5,35.592380464601966,35.760662707442506,1.0243904092541545,33.7118818889342,37.80944352595081
1351,337.75,38.2054285763048,37.70793615635534,1.0243904092541545,35.659155337847025,39.75671697486365
1352,338.0,33.97576981912037,35.08991210253183,1.0243904092541545,33.04113128402352,37.13869292104013
1353,338.25,35.522682474255305,35.32624204185687,1.0243904092541545,33.27746122334857,37.37502286036518
1354,338.5,38.63939863424352,36.575653971679294,1.0243904092541545,34.52687315317098,38.62443479018761
1355,338.75,37.078383311503146,36.430920108720926,1.0243904092541545,34.38213929021262,38.47970092722923
1356,339.0,35.95740376976916,36.39338066672527,1.0243904092541545,34.34459984821696,38.442161485233584
1357,339.25,34.49139316370977,34.881621128552524,1.0243904092541545,32.83284031004422,36.93040194706083
1358,339.5,35.84160438694494,36.625890307794094,1.0243904092541545,34.57710948928579,38.6746711263024
1359,339.75,37.00852403479911,37.284515665799915,1.0243904092541545,35.23573484729161,39.33329648430822
1360,340.0,34.18644764738317,34.58731358213681,1.0243904092541545,32.538532763628496,36.63609440064512
1361,340.25,36.69512085553956,35.52936003295995,1.0243904092541545,33.48057921445164,37.57814085146826
1362,340.5,32.13226474180941,33.65373193401457,1.0243904092541545,31.604951115506264,35.70251275252288
1363,340.75,35.56030394037559,34.44789287909331,1.0243904092541545,32.399112060585,36.49667369760162
1364,341.0,33.58564700213802,33.84461360834424,1.0243904092541545,31.79583278983593,35.89339442685255
1365,341.25,35.12488967699152,34.83605309149823,1.0243904092541545,32.787272272989924,36.884833910006535
1366,341.5,34.68678268297825,35.77562242653288,1.0243904092541545,33.72684160802457,37.82440324504118
1367,341.75,41.645250107507515,40.00339860799381,1.0243904092541545,37.954617789485496,42.05217942650212
1368,342.0,43.8440194314878,42.3481555303817,1.0243904092541545,40.2993747118734,44.39693634889001
1369,342.25,45.52627812763949,44.59976162682251,1.0243904092541545,42.55098080831421,46.64854244533082
1370,342.5,42.35365642968291,43.75036486431868,1.0243904092541545,41.70158404581038,45.79914568282699
1371,342.75,49.76359331688842,48.71544761016373,1.0243904092541545,46.666666791655416,50.76422842867204
1372,343.0,52.40715214734109,51.981885906251954,1.0243904092541545,49.93310508774364,54.030666724760266
1373,343.25,53.02048776034797,54.77050637755805,1.0243904092541545,52.721725559049744,56.819287196066355
1374,343.5,54.80350273482833,54.95029692710836,1.0243904092541545,52.90151610860005,56.999077745616674
1375,343.75,59.00351955214384,58.66728454498302,1.0243904092541545,56.618503726474714,60.716065363491325
1376,344.0,60.926353184769944,60.4807470852908,1.0243904092541545,58.431966266782496,62.52952790379911
1377,344.25,83.30187276279567,82.77648980217052,1.0243904092541545,80.72770898366221,84.82527062067882
1378,344.5,85.87787104424807,85.63802716423666,1.0243904092541545,83.58924634572836,87.68680798274497
1379,344.75,84.52832158954368,83.26811095804224,1.0243904092541545,81.21933013953394,85.31689177655055
1380,345.0,85.30964746295147,84.35148284952561,1.0243904092541545,82.3027020310173,86.40026366803392
1381,345.25,82.46423787829274,85.18311467677763,1.0243904092541545,83.13433385826933,87.23189549528594
1382,345.5,83.10615142332635,83.04149846179067,1.0243904092541545,80.99271764328236,85.09027928029897
1383,345.75,84.0006326148766,84.19769150049898,1.0243904092541545,82.14891068199067,86.24647231900728
1384,346.0,82.88457276528598,84.60799815994876,1.0243904092541545,82.55921734144046,86.65677897845707
1385,346.25,84.92007570322356,84.95902650089,1.0243904092541545,82.9102456823817,87.00780731939831
1386,346.5,84.69133781975577,83.55910878374372,1.0243904092541545,81.51032796523542,85.60788960225203
1387,346.75,84.54478261614355,85.85918566377211,1.0243904092541545,83.8104048452638,87.90796648228041
1388,347.0,88.24291864492497,87.85652986223803,1.0243904092541545,85.80774904372973,89.90531068074634
1389,347.25,83.76992486040423,84.68708216243297,1.0243904092541545,82.63830134392467,86.73586298094128
1390,347.5,88.02012125671233,88.81111991347171,1.0243904092541545,86.76233909496341,90.85990073198002
1391,347.75,90.06099882681613,88.46664008936602,1.0243904092541545,86.41785927085772,90.51542090787433
1392,348.0,87.9844666012542,88.26988409679021,1.0243904092541545,86.2211032782819,90.31866491529851
1393,348.25,93.54082404725665,92.94114130589824,1.0243904092541545,90.89236048738994,94.98992212440655
1394,348.5,90.57471218432713,92.12479954578662,1.0243904092541545,90.07601872727831,94.17358036429492
1395,348.75,92.67535959836479,90.87220943608075,1.0243904092541545,88.82342861757245,92.92099025458906
1396,349.0,94.03717898355886,93.31784241057719,1.0243904092541545,91.26906159206888,95.36662322908549
1397,349.25,94.71237833822414,94.86720774465985,1.0243904092541545,92.81842692615155,96.91598856316816
1398,349.5,95.06033557436628,94.42544744539582,1.0243904092541545,92.37666662688751,96.47422826390412
1399,349.75,94.64764155057235,95.72508550365936,1.0243904092541545,93.67630468515105,97.77386632216766
1400,350.0,96.40418015222907,95.24730935004033,1.0243904092541545,93.19852853153202,97.29609016854863
1401,350.25,95.79769994789005,95.95594339649176,1.0243904092541545,93.90716257798346,98.00472421500007
1402,350.5,96.61789306191703,96.72737322182748,1.0243904092541545,94.67859240331917,98.77615404033578
1403,350.75,92.93096788556392,93.25190795093914,1.0243904092541545,91.20312713243084,95.30068876944745
1404,351.0,93.24526180471918,93.49795873510658,1.0243904092541545,91.44917791659827,95.54673955361488
1405,351.25,92.68664006797329,91.80450657417313,1.0243904092541545,89.75572575566483,93.85328739268144
1406,351.5,91.97608042506434,91.69045768614717,1.0243904092541545,89.64167686763886,93.73923850465548
1407,351.75,89.47591510318506,88.7850521412294,1.0243904092541545,86.7362713227211,90.8338329597377
1408,352.0,88.4701277318062,88.18362755937602,1.0243904092541545,86.13484674086772,90.23240837788433
1409,352.25,65.86326448495085,65.55614546890017,1.0243904092541545,63.507364650391864,67.60492628740847
1410,352.5,63.30718437682191,63.571851699467594,1.0243904092541545,61.52307088095928,65.6206325179759
1411,352.75,63.282232957048315,60.93922592635461,1.0243904092541545,58.890445107846304,62.988006744862915
1412,353.0,53.281310449605996,55.07148133517403,1.0243904092541545,53.02270051666572,57.12026215368233
1413,353.25,54.04046539064569,53.12058420675016,1.0243904092541545,51.07180338824185,55.16936502525847
1414,353.5,53.42180658835027,52.093909087234934,1.0243904092541545,50.04512826872663,54.14268990574324
1415,353.75,45.12831702506076,45.65419459159809,1.0243904092541545,43.60541377308978,47.702975410106404
1416,354.0,47.830013452387014,45.524421075695784,1.0243904092541545,43.47564025718748,47.57320189420409
1417,354.25,44.75691933206499,43.885700258700766,1.0243904092541545,41.83691944019246,45.93448107720907
1418,354.5,44.30281227173723,43.540732464478644,1.0243904092541545,41.49195164597033,45.58951328298696
1419,354.75,40.42780648554303,40.35661704440243,1.0243904092541545,38.30783622589412,42.40539786291073
1420,355.0,36.708544792172006,36.95759601943111,1.0243904092541545,34.9088152009228,39.00637683793941
1421,355.25,38.346747132687696,38.637028297398885,1.0243904092541545,36.58824747889058,40.68580911590719
1422,355.5,39.08732311880004,38.62401846151377,1.0243904092541545,36.575237643005465,40.672799280022076
1423,355.75,42.485030758553414,41.26653601013993,1.0243904092541545,39.217755191631625,43.315316828648236
1424,356.0,38.68479995746081,38.534075478168106,1.0243904092541545,36.4852946596598,40.58285629667641
1425,356.25,37.80933804555709,38.57922860878043,1.0243904092541545,36.53044779027212,40.628009427288745
1426,356.5,40.48802613738205,39.70429817250676,1.0243904092541545,37.65551735399845,41.75307899101507
1427,356.75,40.024468587627965,39.17799701485296,1.0243904092541545,37.12921619634466,41.22677783336127
1428,357.0,39.73695209941341,39.21755590988781,1.0243904092541545,37.1687750913795,41.26633672839611
1429,357.25,38.687278266981096,37.86102560816554,1.0243904092541545,35.81224478965723,39.90980642667385
1430,357.5,39.239854870591614,39.299714472560645,1.0243904092541545,37.25093365405233,41.34849529106896
1431,357.75,38.09902715066969,39.34405906179869,1.0243904092541545,37.29527824329038,41.392839880306994
1432,358.0,40.41486457530305,41.53347847334979,1.0243904092541545,39.48469765484148,43.582259291858094
1433,358.25,39.06164013962292,40.437509064111445,1.0243904092541545,38.38872824560313,42.48628988261976
1434,358.5,40.12990759594037,40.006618596403015,1.0243904092541545,37.95783777789471,42.05539941491132
1435,358.75,40.84129546965813,40.82950948497308,1.0243904092541545,38.78072866646477,42.87829030348139
1436,359.0,39.23916270967552,39.59084491122708,1.0243904092541545,37.542064092718775,41.639625729735386
1437,359.25,33.335360827441605,36.199967986588135,1.0243904092541545,34.15118716807983,38.24874880509644
1438,359.5,33.73210313259219,34.79009906228775,1.0243904092541545,32.741318243779446,36.83887988079606
1439,359.75,36.99315440471087,35.98681288304859,1.0243904092539327,33.93803206454073,38.03559370155646
1440,360.0,34.531040935505736,35.13468836251521,1.0243904092539327,33.08590754400735,37.18346918102308
1441,360.25,36.056302184175266,35.68958337550273,1.0243904092541545,33.640802556994416,37.73836419401104
1442,360.5,33.637203426224026,35.023045860213614,1.0243904092541545,32.97426504170531,37.07182667872192
1443,360.75,35.73797366393108,34.62640248097045,1.0243904092541545,32.577621662462136,36.67518329947876
1444,361.0,34.83336596033906,34.950705305362256,1.0243904092541545,32.90192448685394,36.99948612387057
1445,361.25,34.63915811338442,34.23044815251619,1.0243904092541545,32.181667334007884,36.279228971024494
1446,361.5,38.17104170280148,35.760662707442506,1.0243904092541545,33.7118818889342,37.80944352595081
1447,361.75,39.15959580497971,37.70793615635533,1.0243904092541545,35.659155337847025,39.756716974863636
1448,362.0,34.961086466065005,35.08991210253183,1.0243904092541545,33.04113128402352,37.13869292104013
1449,362.25,34.57683508546777,35.32624204185687,1.0243904092541545,33.27746122334857,37.37502286036518
1450,362.5,36.40089881499224,36.575653971679294,1.0243904092541545,34.52687315317098,38.62443479018761
1451,362.75,37.122103897782374,36.430920108720926,1.0243904092541545,34.38213929021262,38.47970092722923
1452,363.0,36.228391739301756,36.39338066672527,1.0243904092541545,34.34459984821696,38.442161485233584
1453,363.25,34.60325429913454,34.881621128552524,1.0243904092541545,32.83284031004422,36.93040194706083
1454,363.5,37.719125610999086,36.625890307794094,1.0243904092541545,34.57710948928579,38.6746711263024
1455,363.75,37.148276821069054,37.284515665799915,1.0243904092541545,35.23573484729161,39.33329648430822
1456,364.0,36.86384327317876,34.58731358213681,1.0243904092541545,32.538532763628496,36.63609440064512
1457,364.25,35.86955197821716,35.52936003295995,1.0243904092541545,33.48057921445164,37.57814085146826
1458,364.5,35.65079223924312,33.65373193401458,1.0243904092541545,31.60495111550627,35.70251275252289
1459,364.75,35.05562331267408,34.4478928790933,1.0243904092541545,32.399112060585,36.49667369760161
1460,365.0,34.928294100530024,33.84461360834424,1.0243904092541545,31.79583278983593,35.89339442685255
1461,365.25,34.023330839778424,34.83605309149823,1.0243904092541545,32.787272272989924,36.884833910006535
1462,365.5,34.960011370591694,35.77562242653288,1.0243904092541545,33.72684160802457,37.82440324504118
1463,365.75,40.776324995673065,40.003398607993816,1.0243904092541545,37.95461778948551,42.05217942650212
1464,366.0,43.586937713781246,42.3481555303817,1.0243904092541545,40.2993747118734,44.39693634889001
1465,366.25,44.60694410388988,44.59976162682252,1.0243904092541545,42.55098080831421,46.64854244533083
1466,366.5,42.582017870392754,43.75036486431868,1.0243904092541545,41.70158404581038,45.79914568282699
1467,366.75,47.57421387953303,48.71544761016373,1.0243904092541545,46.666666791655416,50.76422842867204
1468,367.0,50.575160657519135,51.981885906251954,1.0243904092541545,49.93310508774364,54.030666724760266
1469,367.25,52.85813689454116,54.77050637755805,1.0243904092541545,52.721725559049744,56.819287196066355
1470,367.5,54.93728547804623,54.95029692710836,1.0243904092541545,52.90151610860005,56.999077745616674
1471,367.75,59.76402898481861,58.66728454498302,1.0243904092541545,56.618503726474714,60.716065363491325
1472,368.0,60.35686212402198,60.4807470852908,1.0243904092541545,58.431966266782496,62.52952790379911
1473,368.25,80.86419663850896,82.77648980217053,1.0243904092541545,80.72770898366223,84.82527062067884
1474,368.5,85.39587916706614,85.63802716423666,1.0243904092541545,83.58924634572836,87.68680798274497
1475,368.75,82.89191120065799,83.26811095804224,1.0243904092541545,81.21933013953394,85.31689177655055
1476,369.0,86.17961230326623,84.35148284952561,1.0243904092541545,82.3027020310173,86.40026366803392
1477,369.25,83.87415491915593,85.18311467677763,1.0243904092541545,83.13433385826933,87.23189549528594
1478,369.5,83.03291237556483,83.04149846179067,1.0243904092541545,80.99271764328236,85.09027928029897
1479,369.75,85.87113632296511,84.19769150049898,1.0243904092541545,82.14891068199067,86.24647231900728
1480,370.0,85.0866496793595,84.60799815994876,1.0243904092541545,82.55921734144046,86.65677897845707
1481,370.25,85.38920571850767,84.95902650089,1.0243904092541545,82.9102456823817,87.00780731939831
1482,370.5,83.55716448436914,83.55910878374374,1.0243904092541545,81.51032796523543,85.60788960225204
1483,370.75,85.9612940143914,85.85918566377211,1.0243904092541545,83.8104048452638,87.90796648228041
1484,371.0,88.68412723651363,87.85652986223803,1.0243904092541545,85.80774904372973,89.90531068074634
1485,371.25,83.8762620188079,84.68708216243297,1.0243904092541545,82.63830134392467,86.73586298094128
1486,371.5,89.5700918593002,88.81111991347171,1.0243904092541545,86.76233909496341,90.85990073198002
1487,371.75,87.21060217576056,88.46664008936602,1.0243904092541545,86.41785927085772,90.51542090787433
1488,372.0,88.85539239419757,88.26988409679022,1.0243904092541545,86.22110327828192,90.31866491529853
1489,372.25,93.25735252153235,92.94114130589824,1.0243904092541545,90.89236048738994,94.98992212440655
1490,372.5,91.829637212196,92.12479954578662,1.0243904092541545,90.07601872727831,94.17358036429492
1491,372.75,90.79035676164428,90.87220943608075,1.0243904092541545,88.82342861757245,92.92099025458906
1492,373.0,92.81198638458682,93.31784241057719,1.0243904092541545,91.26906159206888,95.36662322908549
1493,373.25,93.82317685401266,94.86720774465985,1.0243904092541545,92.81842692615155,96.91598856316816
1494,373.5,94.13117432275274,94.42544744539582,1.0243904092541545,92.37666662688751,96.47422826390412
1495,373.75,94.9534723441485,95.72508550365937,1.0243904092541545,93.67630468515107,97.77386632216768
1496,374.0,95.54444687456966,95.24730935004033,1.0243904092541545,93.19852853153202,97.29609016854863
1497,374.25,94.97159922923412,95.95594339649176,1.0243904092541545,93.90716257798346,98.00472421500007
1498,374.5,97.53393959995651,96.72737322182748,1.0243904092541545,94.67859240331917,98.77615404033578
1499,374.75,92.24114443260058,93.25190795093914,1.0243904092541545,91.20312713243084,95.30068876944745
1500,375.0,93.25961829188375,93.49795873510658,1.0243904092541545,91.44917791659827,95.54673955361488
1501,375.25,91.3673660481297,91.80450657417313,1.0243904092541545,89.75572575566483,93.85328739268144
1502,375.5,93.04532030383496,91.69045768614716,1.0243904092541545,89.64167686763885,93.73923850465546
1503,375.75,89.15445690739861,88.7850521412294,1.0243904092541545,86.7362713227211,90.8338329597377
1504,376.0,88.26718861874737,88.18362755937602,1.0243904092541545,86.13484674086772,90.23240837788433
1505,376.25,65.84878411494338,65.55614546890017,1.0243904092541545,63.507364650391864,67.60492628740847
1506,376.5,61.61884077341726,63.571851699467594,1.0243904092541545,61.52307088095928,65.6206325179759
1507,376.75,61.00936752599786,60.93922592635461,1.0243904092541545,58.890445107846304,62.988006744862915
1508,377.0,56.846755043841256,55.07148133517403,1.0243904092541545,53.02270051666572,57.12026215368233
1509,377.25,52.91187457348538,53.12058420675016,1.0243904092541545,51.07180338824185,55.16936502525847
1510,377.5,52.12181230679864,52.093909087234934,1.0243904092541545,50.04512826872663,54.14268990574324
1511,377.75,46.52860421066855,45.65419459159809,1.0243904092541545,43.60541377308978,47.702975410106404
1512,378.0,46.496345085145386,45.524421075695784,1.0243904092541545,43.47564025718748,47.57320189420409
1513,378.25,41.76396235622981,43.885700258700766,1.0243904092541545,41.83691944019246,45.93448107720907
1514,378.5,41.64934678312329,43.540732464478644,1.0243904092541545,41.49195164597033,45.58951328298696
1515,378.75,40.6100755896033,40.35661704440243,1.0243904092541545,38.30783622589412,42.40539786291073
1516,379.0,36.21089438849317,36.95759601943111,1.0243904092541545,34.9088152009228,39.00637683793941
1517,379.25,39.86818122194722,38.637028297398885,1.0243904092541545,36.58824747889058,40.68580911590719
1518,379.5,38.38161813259531,38.62401846151377,1.0243904092541545,36.575237643005465,40.672799280022076
1519,379.75,39.1493137478064,41.26653601013993,1.0243904092541545,39.217755191631625,43.315316828648236
1520,380.0,37.23547182275539,38.534075478168106,1.0243904092541545,36.4852946596598,40.58285629667641
1521,380.25,35.9711056490638,38.57922860878043,1.0243904092541545,36.53044779027212,40.628009427288745
1522,380.5,39.42947353771416,39.70429817250676,1.0243904092541545,37.65551735399845,41.75307899101507
1523,380.75,38.914933713968786,39.17799701485296,1.0243904092541545,37.12921619634466,41.22677783336127
1524,381.0,38.65782986118372,39.21755590988781,1.0243904092541545,37.1687750913795,41.26633672839611
1525,381.25,39.02065839948585,37.86102560816554,1.0243904092541545,35.81224478965723,39.90980642667385
1526,381.5,40.709302837266115,39.299714472560645,1.0243904092541545,37.25093365405233,41.34849529106896
1527,381.75,38.857627894444164,39.34405906179869,1.0243904092541545,37.29527824329038,41.392839880306994
1528,382.0,39.148364338466976,41.53347847334979,1.0243904092541545,39.48469765484148,43.582259291858094
1529,382.25,41.31438496857304,40.43750906411144,1.0243904092541545,38.38872824560313,42.486289882619744
1530,382.5,40.448319212902994,40.006618596403015,1.0243904092541545,37.95783777789471,42.05539941491132
1531,382.75,41.23413582304167,40.82950948497308,1.0243904092541545,38.78072866646477,42.87829030348139
1532,383.0,40.66063016351334,39.59084491122707,1.0243904092541545,37.54206409271876,41.639625729735386
1533,383.25,35.126151555325634,36.199967986588135,1.0243904092541545,34.15118716807983,38.24874880509644
1534,383.5,36.98817598847149,34.790099062287744,1.0243904092541545,32.74131824377943,36.83887988079606
1535,383.75,34.91288600016584,35.98681288304859,1.0243904092539327,33.93803206454073,38.03559370155646
1536,384.0,35.94488986276972,35.134688362515206,1.0243904092539327,33.08590754400734,37.18346918102307
1537,384.25,34.00836281210507,35.68958337550273,1.0243904092541545,33.640802556994416,37.73836419401104
1538,384.5,34.09762416892923,35.023045860213614,1.0243904092541545,32.97426504170531,37.07182667872192
1539,384.75,35.81563682829718,34.62640248097045,1.0243904092541545,32.577621662462136,36.67518329947876
1540,385.0,34.716493797392886,34.95070530536225,1.0243904092541545,32.90192448685394,36.999486123870554
1541,385.25,35.189040322033684,34.230448152516196,1.0243904092541545,32.181667334007884,36.27922897102451
1542,385.5,36.08221729963904,35.760662707442506,1.0243904092541545,33.7118818889342,37.80944352595081
1543,385.75,37.53819754839013,37.70793615635534,1.0243904092541545,35.659155337847025,39.75671697486365
1544,386.0,36.63150241228475,35.08991210253183,1.0243904092541545,33.04113128402352,37.13869292104013
1545,386.25,34.933396445686235,35.32624204185687,1.0243904092541545,33.27746122334857,37.37502286036518
1546,386.5,34.9457057189483,36.575653971679294,1.0243904092541545,34.52687315317098,38.62443479018761
1547,386.75,35.80896555735413,36.430920108720926,1.0243904092541545,34.38213929021262,38.47970092722923
1548,387.0,36.88480760225432,36.39338066672527,1.0243904092541545,34.34459984821696,38.442161485233584
1549,387.25,35.394007550500525,34.881621128552524,1.0243904092541545,32.83284031004422,36.93040194706083
1550,387.5,34.684886110054606,36.625890307794094,1.0243904092541545,34.57710948928579,38.6746711263024
1551,387.75,36.53814419343869,37.284515665799915,1.0243904092541545,35.23573484729161,39.33329648430822
1552,388.0,33.98253283093919,34.58731358213681,1.0243904092541545,32.538532763628496,36.63609440064512
1553,388.25,35.413339820350764,35.52936003295995,1.0243904092541545,33.48057921445164,37.57814085146826
1554,388.5,32.489560256416844,33.65373193401457,1.0243904092541545,31.604951115506264,35.70251275252288
1555,388.75,34.069932781843974,34.4478928790933,1.0243904092541545,32.399112060585,36.49667369760161
1556,389.0,33.23672304202105,33.84461360834424,1.0243904092541545,31.79583278983593,35.89339442685255
1557,389.25,35.51947515105807,34.83605309149823,1.0243904092541545,32.787272272989924,36.884833910006535
1558,389.5,36.62289190416935,35.77562242653288,1.0243904092541545,33.72684160802457,37.82440324504118
1559,389.75,40.17080858256926,40.00339860799381,1.0243904092541545,37.954617789485496,42.05217942650212
1560,390.0,42.2063446754452,42.3481555303817,1.0243904092541545,40.2993747118734,44.39693634889001
1561,390.25,44.70661191392853,44.59976162682251,1.0243904092541545,42.55098080831421,46.64854244533082
1562,390.5,43.05183609802087,43.75036486431868,1.0243904092541545,41.70158404581038,45.79914568282699
1563,390.75,47.78764016365492,48.71544761016373,1.0243904092541545,46.666666791655416,50.76422842867204
1564,391.0,51.062075850779664,51.981885906251954,1.0243904092541545,49.93310508774364,54.030666724760266
1565,391.25,53.99094584350908,54.77050637755805,1.0243904092541545,52.721725559049744,56.819287196066355
1566,391.5,53.66432631880687,54.95029692710836,1.0243904092541545,52.90151610860005,56.999077745616674
1567,391.75,58.80104462217346,58.66728454498302,1.0243904092541545,56.618503726474714,60.716065363491325
1568,392.0,61.0999935847305,60.4807470852908,1.0243904092541545,58.431966266782496,62.52952790379911
1569,392.25,81.53751309504857,82.77648980217052,1.0243904092541545,80.72770898366221,84.82527062067882
1570,392.5,85.61176833861671,85.63802716423666,1.0243904092541545,83.58924634572836,87.68680798274497
1571,392.75,82.83477440202425,83.26811095804224,1.0243904092541545,81.21933013953394,85.31689177655055
1572,393.0,84.4251222385776,84.35148284952561,1.0243904092541545,82.3027020310173,86.40026366803392
1573,393.25,85.31835406397188,85.18311467677763,1.0243904092541545,83.13433385826933,87.23189549528594
1574,393.5,81.9699906982324,83.04149846179067,1.0243904092541545,80.99271764328236,85.09027928029897
1575,393.75,82.90289434356339,84.19769150049898,1.0243904092541545,82.14891068199067,86.24647231900728
1576,394.0,84.66609491359792,84.60799815994876,1.0243904092541545,82.55921734144046,86.65677897845707
1577,394.25,85.85467356473676,84.95902650089,1.0243904092541545,82.9102456823817,87.00780731939831
1578,394.5,81.22839267630226,83.55910878374372,1.0243904092541545,81.51032796523542,85.60788960225203
1579,394.75,85.97707705553572,85.85918566377211,1.0243904092541545,83.8104048452638,87.90796648228041
1580,395.0,89.09613971152274,87.85652986223803,1.0243904092541545,85.80774904372973,89.90531068074634
1581,395.25,84.53272246149446,84.68708216243297,1.0243904092541545,82.63830134392467,86.73586298094128
1582,395.5,89.24223577641845,88.81111991347171,1.0243904092541545,86.76233909496341,90.85990073198002
1583,395.75,87.88053611174828,88.46664008936602,1.0243904092541545,86.41785927085772,90.51542090787433
1584,396.0,88.40765822208914,88.26988409679021,1.0243904092541545,86.2211032782819,90.31866491529851
1585,396.25,91.45769803993787,92.94114130589824,1.0243904092541545,90.89236048738994,94.98992212440655
1586,396.5,90.10158699196924,92.12479954578662,1.0243904092541545,90.07601872727831,94.17358036429492
1587,396.75,91.7558078381952,90.87220943608075,1.0243904092541545,88.82342861757245,92.92099025458906
1588,397.0,92.44953160952792,93.31784241057717,1.0243904092541545,91.26906159206887,95.36662322908548
1589,397.25,94.43935033587097,94.86720774465985,1.0243904092541545,92.81842692615155,96.91598856316816
1590,397.5,93.09834681109619,94.42544744539582,1.0243904092541545,92.37666662688751,96.47422826390412
1591,397.75,94.64749127643628,95.72508550365936,1.0243904092541545,93.67630468515105,97.77386632216766
1592,398.0,95.0478117103818,95.24730935004033,1.0243904092541545,93.19852853153202,97.29609016854863
1593,398.25,95.39210752925084,95.95594339649178,1.0243904092541545,93.90716257798347,98.00472421500008
1594,398.5,97.19993357496016,96.72737322182748,1.0243904092541545,94.67859240331917,98.77615404033578
1595,398.75,93.87516191950898,93.25190795093914,1.0243904092541545,91.20312713243084,95.30068876944745
1596,399.0,94.14676285378937,93.49795873510658,1.0243904092541545,91.44917791659827,95.54673955361488
1597,399.25,92.23057024727332,91.80450657417313,1.0243904092541545,89.75572575566483,93.85328739268144
1598,399.5,93.297941779892,91.69045768614717,1.0243904092541545,89.64167686763886,93.73923850465548
1599,399.75,87.75657319273712,88.7850521412294,1.0243904092541545,86.7362713227211,90.8338329597377
1600,400.0,88.42398755508886,88.18362755937602,1.0243904092541545,86.13484674086772,90.23240837788433
1601,400.25,66.48275449439325,65.55614546890017,1.0243904092541545,63.507364650391864,67.60492628740847
1602,400.5,64.99057293008498,63.571851699467594,1.0243904092541545,61.52307088095928,65.6206325179759
1603,400.75,59.6307374662942,60.93922592635461,1.0243904092541545,58.890445107846304,62.988006744862915
1604,401.0,54.53688542438063,55.07148133517403,1.0243904092541545,53.02270051666572,57.12026215368233
1605,401.25,54.13764916294997,53.12058420675016,1.0243904092541545,51.07180338824185,55.16936502525847
1606,401.5,52.56197824282837,52.093909087234934,1.0243904092541545,50.04512826872663,54.14268990574324
1607,401.75,46.17573886250613,45.65419459159809,1.0243904092541545,43.60541377308978,47.702975410106404
1608,402.0,45.38305514839639,45.524421075695784,1.0243904092541545,43.47564025718748,47.57320189420409
1609,402.25,43.377628123411924,43.885700258700766,1.0243904092541545,41.83691944019246,45.93448107720907
1610,402.5,43.619892328004646,43.540732464478644,1.0243904092541545,41.49195164597033,45.58951328298696
1611,402.75,40.14741017353267,40.35661704440243,1.0243904092541545,38.30783622589412,42.40539786291073
1612,403.0,36.883192329346244,36.95759601943111,1.0243904092541545,34.9088152009228,39.00637683793941
1613,403.25,38.634754665842344,38.637028297398885,1.0243904092541545,36.58824747889058,40.68580911590719
1614,403.5,38.01872099398703,38.62401846151377,1.0243904092541545,36.575237643005465,40.672799280022076
1615,403.75,41.61597385740096,41.26653601013993,1.0243904092541545,39.217755191631625,43.315316828648236
1616,404.0,41.41773038801481,38.534075478168106,1.0243904092541545,36.4852946596598,40.58285629667641
1617,404.25,36.9437950293683,38.57922860878043,1.0243904092541545,36.53044779027212,40.628009427288745
1618,404.5,39.987611599187055,39.70429817250676,1.0243904092541545,37.65551735399845,41.75307899101507
1619,404.75,38.343127752614265,39.17799701485296,1.0243904092541545,37.12921619634466,41.22677783336127
1620,405.0,39.65969514848487,39.21755590988781,1.0243904092541545,37.1687750913795,41.26633672839611
1621,405.25,37.988336833783976,37.86102560816554,1.0243904092541545,35.81224478965723,39.90980642667385
1622,405.5,40.27263777479188,39.299714472560645,1.0243904092541545,37.25093365405233,41.34849529106896
1623,405.75,40.20352289430905,39.34405906179869,1.0243904092541545,37.29527824329038,41.392839880306994
1624,406.0,41.47547912371201,41.53347847334979,1.0243904092541545,39.48469765484148,43.582259291858094
1625,406.25,41.829155676494956,40.437509064111445,1.0243904092541545,38.38872824560313,42.48628988261976
1626,406.5,37.54866109060574,40.006618596403015,1.0243904092541545,37.95783777789471,42.05539941491132
1627,406.75,42.515196550800745,40.82950948497308,1.0243904092541545,38.78072866646477,42.87829030348139
1628,407.0,40.05421256609756,39.59084491122708,1.0243904092541545,37.542064092718775,41.639625729735386
1629,407.25,37.36882300753186,36.199967986588135,1.0243904092541545,34.15118716807983,38.24874880509644
1630,407.5,33.75954485744483,34.79009906228775,1.0243904092541545,32.741318243779446,36.83887988079606
1631,407.75,35.04154387170237,35.98681288304859,1.0243904092539327,33.93803206454073,38.03559370155646
1632,408.0,35.34160522971364,35.134688362515206,1.0243904092539327,33.08590754400734,37.18346918102307
1633,408.25,35.67867261718096,35.689583375502735,1.0243904092541545,33.64080255699443,37.73836419401104
1634,408.5,35.31095744420927,35.023045860213614,1.0243904092541545,32.97426504170531,37.07182667872192
1635,408.75,35.383783342501815,34.62640248097045,1.0243904092541545,32.577621662462136,36.67518329947876
1636,409.0,33.212173305090886,34.950705305362256,1.0243904092541545,32.90192448685394,36.99948612387057
1637,409.25,35.32293678861819,34.230448152516196,1.0243904092541545,32.181667334007884,36.27922897102451
1638,409.5,35.853543820877725,35.760662707442506,1.0243904092541545,33.7118818889342,37.80944352595081
1639,409.75,37.439373843265756,37.70793615635533,1.0243904092541545,35.659155337847025,39.756716974863636
1640,410.0,33.79653685296717,35.08991210253183,1.0243904092541545,33.04113128402352,37.13869292104013
1641,410.25,35.673103938714995,35.32624204185687,1.0243904092541545,33.27746122334857,37.37502286036518
1642,410.5,34.312335975480735,36.575653971679294,1.0243904092541545,34.52687315317098,38.62443479018761
1643,410.75,37.26059966054455,36.430920108720926,1.0243904092541545,34.38213929021262,38.47970092722923
1644,411.0,34.84151003807963,36.39338066672527,1.0243904092541545,34.34459984821696,38.442161485233584
1645,411.25,35.05195635675549,34.881621128552524,1.0243904092541545,32.83284031004422,36.93040194706083
1646,411.5,36.13277552296213,36.625890307794094,1.0243904092541545,34.57710948928579,38.6746711263024
1647,411.75,38.43202486014078,37.284515665799915,1.0243904092541545,35.23573484729161,39.33329648430822
1648,412.0,34.385599011127546,34.58731358213681,1.0243904092541545,32.538532763628496,36.63609440064512
1649,412.25,35.084670853319324,35.52936003295995,1.0243904092541545,33.48057921445164,37.57814085146826
1650,412.5,33.35887114904719,33.65373193401458,1.0243904092541545,31.60495111550627,35.70251275252289
1651,412.75,35.97118665871812,34.4478928790933,1.0243904092541545,32.399112060585,36.49667369760161
1652,413.0,34.50163049646147,33.84461360834424,1.0243904092541545,31.79583278983593,35.89339442685255
1653,413.25,34.36231190977299,34.83605309149823,1.0243904092541545,32.787272272989924,36.884833910006535
1654,413.5,35.57732417321459,35.77562242653288,1.0243904092541545,33.72684160802457,37.82440324504118
1655,413.75,38.74944195007263,40.00339860799381,1.0243904092541545,37.954617789485496,42.05217942650212
1656,414.0,42.98685867216747,42.3481555303817,1.0243904092541545,40.2993747118734,44.39693634889001
1657,414.25,42.806871894193954,44.59976162682251,1.0243904092541545,42.55098080831421,46.64854244533082
1658,414.5,44.6202076713119,43.75036486431868,1.0243904092541545,41.70158404581038,45.79914568282699
1659,414.75,49.06309383831363,48.71544761016373,1.0243904092541545,46.666666791655416,50.76422842867204
1660,415.0,54.3892488592793,51.981885906251954,1.0243904092541545,49.93310508774364,54.030666724760266
1661,415.25,53.52562345375623,54.77050637755805,1.0243904092541545,52.721725559049744,56.819287196066355
1662,415.5,54.72513802755851,54.95029692710836,1.0243904092541545,52.90151610860005,56.999077745616674
1663,415.75,60.437272764033644,58.66728454498302,1.0243904092541545,56.618503726474714,60.716065363491325
1664,416.0,61.5616675512382,60.4807470852908,1.0243904092541545,58.431966266782496,62.52952790379911
1665,416.25,82.42839934426691,82.77648980217053,1.0243904092541545,80.72770898366223,84.82527062067884
1666,416.5,85.81060705577413,85.63802716423666,1.0243904092541545,83.58924634572836,87.68680798274497
1667,416.75,83.05670955370567,83.26811095804224,1.0243904092541545,81.21933013953394,85.31689177655055
1668,417.0,84.36556942043495,84.35148284952561,1.0243904092541545,82.3027020310173,86.40026366803392
1669,417.25,84.63261239609065,85.18311467677763,1.0243904092541545,83.13433385826933,87.23189549528594
1670,417.5,83.3342695754633,83.04149846179067,1.0243904092541545,80.99271764328236,85.09027928029897
1671,417.75,82.56723126714384,84.19769150049898,1.0243904092541545,82.14891068199067,86.24647231900728
1672,418.0,84.77179478988103,84.60799815994876,1.0243904092541545,82.55921734144046,86.65677897845707
1673,418.25,85.27591331841307,84.95902650089,1.0243904092541545,82.9102456823817,87.00780731939831
1674,418.5,83.21516063470138,83.55910878374372,1.0243904092541545,81.51032796523542,85.60788960225203
1675,418.75,84.01629958514935,85.85918566377211,1.0243904092541545,83.8104048452638,87.90796648228041
1676,419.0,88.89504956908655,87.85652986223805,1.0243904092541545,85.80774904372974,89.90531068074635
1677,419.25,85.05027337569348,84.68708216243297,1.0243904092541545,82.63830134392467,86.73586298094128
1678,419.5,87.96601818269103,88.81111991347171,1.0243904092541545,86.76233909496341,90.85990073198002
1679,419.75,88.30300474580802,88.46664008936602,1.0243904092541545,86.41785927085772,90.51542090787433
1680,420.0,87.02635501858418,88.26988409679022,1.0243904092541545,86.22110327828192,90.31866491529853
1681,420.25,92.05320143046812,92.94114130589824,1.0243904092541545,90.89236048738994,94.98992212440655
1682,420.5,91.90811895403097,92.12479954578662,1.0243904092541545,90.07601872727831,94.17358036429492
1683,420.75,92.04146284925007,90.87220943608075,1.0243904092541545,88.82342861757245,92.92099025458906
1684,421.0,92.7950231463649,93.31784241057719,1.0243904092541545,91.26906159206888,95.36662322908549
1685,421.25,95.53509184020317,94.86720774465985,1.0243904092541545,92.81842692615155,96.91598856316816
1686,421.5,93.9464728615048,94.42544744539582,1.0243904092541545,92.37666662688751,96.47422826390412
1687,421.75,96.30540854037203,95.72508550365937,1.0243904092541545,93.67630468515107,97.77386632216768
1688,422.0,95.08025390833261,95.24730935004033,1.0243904092541545,93.19852853153202,97.29609016854863
1689,422.25,96.99474132347922,95.95594339649176,1.0243904092541545,93.90716257798346,98.00472421500007
1690,422.5,96.2871512387469,96.72737322182749,1.0243904092541545,94.67859240331919,98.7761540403358
1691,422.75,91.85009525052696,93.25190795093914,1.0243904092541545,91.20312713243084,95.30068876944745
1692,423.0,92.44396417610113,93.49795873510658,1.0243904092541545,91.44917791659827,95.54673955361488
1693,423.25,91.46009196240212,91.80450657417313,1.0243904092541545,89.75572575566483,93.85328739268144
1694,423.5,90.47111360428207,91.69045768614716,1.0243904092541545,89.64167686763885,93.73923850465546
1695,423.75,89.23437897746156,88.7850521412294,1.0243904092541545,86.7362713227211,90.8338329597377
1696,424.0,88.0131542564337,88.18362755937602,1.0243904092541545,86.13484674086772,90.23240837788433
1697,424.25,67.72467122390009,65.55614546890017,1.0243904092541545,63.507364650391864,67.60492628740847
1698,424.5,61.98831852560981,63.571851699467594,1.0243904092541545,61.52307088095928,65.6206325179759
1699,424.75,61.25613429434857,60.93922592635461,1.0243904092541545,58.890445107846304,62.988006744862915
1700,425.0,53.72128784253083,55.07148133517403,1.0243904092541545,53.02270051666572,57.12026215368233
1701,425.25,52.28612672670003,53.12058420675016,1.0243904092541545,51.07180338824185,55.16936502525847
1702,425.5,52.19531861096984,52.093909087234934,1.0243904092541545,50.04512826872663,54.14268990574324
1703,425.75,43.65510445615207,45.65419459159809,1.0243904092541545,43.60541377308978,47.702975410106404
1704,426.0,45.837565958619074,45.524421075695784,1.0243904092541545,43.47564025718748,47.57320189420409
1705,426.25,45.664336511393834,43.885700258700766,1.0243904092541545,41.83691944019246,45.93448107720907
1706,426.5,42.878234966545726,43.540732464478644,1.0243904092541545,41.49195164597033,45.58951328298696
1707,426.75,40.65959215532266,40.35661704440242,1.0243904092541545,38.30783622589411,42.40539786291073
1708,427.0,37.950692643516085,36.95759601943111,1.0243904092541545,34.9088152009228,39.00637683793941
1709,427.25,38.39220245970031,38.637028297398885,1.0243904092541545,36.58824747889058,40.68580911590719
1710,427.5,38.115832333949044,38.62401846151377,1.0243904092541545,36.575237643005465,40.672799280022076
1711,427.75,38.80810807979777,41.26653601013993,1.0243904092541545,39.217755191631625,43.315316828648236
1712,428.0,39.14447645899436,38.534075478168106,1.0243904092541545,36.4852946596598,40.58285629667641
1713,428.25,38.60761325896548,38.57922860878043,1.0243904092541545,36.53044779027212,40.628009427288745
1714,428.5,38.65091522360891,39.70429817250676,1.0243904092541545,37.65551735399845,41.75307899101507
1715,428.75,39.229914551510866,39.17799701485296,1.0243904092541545,37.12921619634466,41.22677783336127
1716,429.0,38.49861221415944,39.21755590988781,1.0243904092541545,37.1687750913795,41.26633672839611
1717,429.25,37.41335322934059,37.86102560816554,1.0243904092541545,35.81224478965723,39.90980642667385
1718,429.5,40.11707415685813,39.299714472560645,1.0243904092541545,37.25093365405233,41.34849529106896
1719,429.75,37.68963390647643,39.34405906179869,1.0243904092541545,37.29527824329038,41.392839880306994
1720,430.0,42.33037329201759,41.53347847334979,1.0243904092541545,39.48469765484148,43.582259291858094
1721,430.25,39.299417224962376,40.43750906411144,1.0243904092541545,38.38872824560313,42.486289882619744
1722,430.5,39.23025757603916,40.006618596403015,1.0243904092541545,37.95783777789471,42.05539941491132
1723,430.75,42.8476904469513,40.82950948497308,1.0243904092541545,38.78072866646477,42.87829030348139
1724,431.0,40.80650517584765,39.59084491122707,1.0243904092541545,37.54206409271876,41.639625729735386
1725,431.25,36.38858364428212,36.199967986588135,1.0243904092541545,34.15118716807983,38.24874880509644
1726,431.5,34.038890386785134,34.790099062287744,1.0243904092541545,32.74131824377943,36.83887988079606
1727,431.75,35.34304144660781,35.98681288304859,1.0243904092539327,33.93803206454073,38.03559370155646
1728,432.0,35.26894225015456,35.13468836251521,1.0243904092539327,33.08590754400735,37.18346918102308
1729,432.25,35.73323373885802,35.68958337550273,1.0243904092541545,33.640802556994416,37.73836419401104
1730,432.5,34.93701792657332,35.023045860213614,1.0243904092541545,32.97426504170531,37.07182667872192
1731,432.75,34.268435667487665,34.62640248097045,1.0243904092541545,32.577621662462136,36.67518329947876
1732,433.0,34.76301851068862,34.95070530536225,1.0243904092541545,32.90192448685394,36.999486123870554
1733,433.25,32.90713898126087,34.23044815251619,1.0243904092541545,32.181667334007884,36.279228971024494
1734,433.5,35.32875116875896,35.760662707442506,1.0243904092541545,33.7118818889342,37.80944352595081
1735,433.75,38.55777975837715,37.70793615635533,1.0243904092541545,35.659155337847025,39.756716974863636
1736,434.0,33.899317789800946,35.08991210253183,1.0243904092541545,33.04113128402352,37.13869292104013
1737,434.25,34.98049975879886,35.32624204185687,1.0243904092541545,33.27746122334857,37.37502286036518
1738,434.5,35.906689897740925,36.575653971679294,1.0243904092541545,34.52687315317098,38.62443479018761
1739,434.75,36.72355607870394,36.430920108720926,1.0243904092541545,34.38213929021262,38.47970092722923
1740,435.0,35.94498269248581,36.39338066672527,1.0243904092541545,34.34459984821696,38.442161485233584
1741,435.25,36.475892109112685,34.881621128552524,1.0243904092541545,32.83284031004422,36.93040194706083
1742,435.5,36.7585275144803,36.625890307794094,1.0243904092541545,34.57710948928579,38.6746711263024
1743,435.75,35.95068354706968,37.284515665799915,1.0243904092541545,35.23573484729161,39.33329648430822
1744,436.0,35.23548219175514,34.58731358213681,1.0243904092541545,32.538532763628496,36.63609440064512
1745,436.25,35.00415755820293,35.52936003295995,1.0243904092541545,33.48057921445164,37.57814085146826
1746,436.5,33.28847747364086,33.65373193401457,1.0243904092541545,31.604951115506264,35.70251275252288
1747,436.75,35.01212291007057,34.4478928790933,1.0243904092541545,32.399112060585,36.49667369760161
1748,437.0,33.473586107550446,33.84461360834424,1.0243904092541545,31.79583278983593,35.89339442685255
1749,437.25,35.64079770761911,34.83605309149823,1.0243904092541545,32.787272272989924,36.884833910006535
1750,437.5,35.03926053166571,35.77562242653288,1.0243904092541545,33.72684160802457,37.82440324504118
1751,437.75,39.697672488066715,40.00339860799381,1.0243904092541545,37.954617789485496,42.05217942650212
1752,438.0,41.942013577767824,42.3481555303817,1.0243904092541545,40.2993747118734,44.39693634889001
1753,438.25,44.00104885353438,44.59976162682251,1.0243904092541545,42.55098080831421,46.64854244533082
1754,438.5,44.96760276102426,43.75036486431868,1.0243904092541545,41.70158404581038,45.79914568282699
1755,438.75,49.56326853943266,48.71544761016373,1.0243904092541545,46.666666791655416,50.76422842867204
1756,439.0,53.712241013717446,51.981885906251954,1.0243904092541545,49.93310508774364,54.030666724760266
1757,439.25,56.89340321137979,54.77050637755805,1.0243904092541545,52.721725559049744,56.819287196066355
1758,439.5,53.7970830866668,54.95029692710836,1.0243904092541545,52.90151610860005,56.999077745616674
1759,439.75,58.70940419043787,58.66728454498302,1.0243904092541545,56.618503726474714,60.716065363491325
1760,440.0,59.19407759430336,60.4807470852908,1.0243904092541545,58.431966266782496,62.52952790379911
1761,440.25,82.34700546809854,82.77648980217053,1.0243904092541545,80.72770898366223,84.82527062067884
1762,440.5,84.95655711714501,85.63802716423666,1.0243904092541545,83.58924634572836,87.68680798274497
1763,440.75,81.99755532315231,83.26811095804224,1.0243904092541545,81.21933013953394,85.31689177655055
1764,441.0,83.03172628014238,84.35148284952561,1.0243904092541545,82.3027020310173,86.40026366803392
1765,441.25,85.18700845355522,85.18311467677763,1.0243904092541545,83.13433385826933,87.23189549528594
1766,441.5,82.20687155977762,83.04149846179067,1.0243904092541545,80.99271764328236,85.09027928029897
1767,441.75,85.00741060155818,84.19769150049898,1.0243904092541545,82.14891068199067,86.24647231900728
1768,442.0,83.71891780059543,84.60799815994876,1.0243904092541545,82.55921734144046,86.65677897845707
1769,442.25,87.63546161508764,84.95902650089,1.0243904092541545,82.9102456823817,87.00780731939831
1770,442.5,82.99119559638086,83.55910878374372,1.0243904092541545,81.51032796523542,85.60788960225203
1771,442.75,85.7033681176512,85.85918566377211,1.0243904092541545,83.8104048452638,87.90796648228041
1772,443.0,86.61117652176905,87.85652986223805,1.0243904092541545,85.80774904372974,89.90531068074635
1773,443.25,86.39184009582831,84.68708216243297,1.0243904092541545,82.63830134392467,86.73586298094128
1774,443.5,89.81153396119493,88.81111991347171,1.0243904092541545,86.76233909496341,90.85990073198002
1775,443.75,88.8805210633822,88.46664008936602,1.0243904092541545,86.41785927085772,90.51542090787433
1776,444.0,87.18022187258646,88.26988409679021,1.0243904092541545,86.2211032782819,90.31866491529851
1777,444.25,93.28927843597064,92.94114130589824,1.0243904092541545,90.89236048738994,94.98992212440655
1778,444.5,91.32449925437086,92.12479954578662,1.0243904092541545,90.07601872727831,94.17358036429492
1779,444.75,92.27539730044327,90.87220943608075,1.0243904092541545,88.82342861757245,92.92099025458906
1780,445.0,94.24372126910554,93.31784241057717,1.0243904092541545,91.26906159206887,95.36662322908548
1781,445.25,94.99031721936214,94.86720774465985,1.0243904092541545,92.81842692615155,96.91598856316816
1782,445.5,92.04841340111906,94.42544744539583,1.0243904092541545,92.37666662688753,96.47422826390414
1783,445.75,95.07404500086113,95.72508550365937,1.0243904092541545,93.67630468515107,97.77386632216768
1784,446.0,95.90941054207629,95.24730935004033,1.0243904092541545,93.19852853153202,97.29609016854863
1785,446.25,97.33456841510963,95.95594339649178,1.0243904092541545,93.90716257798347,98.00472421500008
1786,446.5,97.9311323884576,96.72737322182749,1.0243904092541545,94.67859240331919,98.7761540403358
1787,446.75,91.83061049828794,93.25190795093914,1.0243904092541545,91.20312713243084,95.30068876944745
1788,447.0,94.12746551427767,93.49795873510658,1.0243904092541545,91.44917791659827,95.54673955361488
1789,447.25,93.0074846728278,91.80450657417313,1.0243904092541545,89.75572575566483,93.85328739268144
1790,447.5,90.06183800937787,91.69045768614717,1.0243904092541545,89.64167686763886,93.73923850465548
1791,447.75,88.81626244640877,88.7850521412294,1.0243904092541545,86.7362713227211,90.8338329597377
1792,448.0,88.75276481960023,88.18362755937602,1.0243904092541545,86.13484674086772,90.23240837788433
1793,448.25,65.04930008902693,65.55614546890017,1.0243904092541545,63.507364650391864,67.60492628740847
1794,448.5,61.87387126534575,63.571851699467594,1.0243904092541545,61.52307088095928,65.6206325179759
1795,448.75,60.72680300556504,60.93922592635461,1.0243904092541545,58.890445107846304,62.988006744862915
1796,449.0,54.52193543578147,55.07148133517403,1.0243904092541545,53.02270051666572,57.12026215368233
1797,449.25,52.631455662534954,53.12058420675016,1.0243904092541545,51.07180338824185,55.16936502525847
1798,449.5,51.49042771220423,52.093909087234934,1.0243904092541545,50.04512826872663,54.14268990574324
1799,449.75,45.537463677784885,45.65419459159809,1.0243904092541545,43.60541377308978,47.702975410106404
1800,450.0,45.561033559484066,45.524421075695784,1.0243904092541545,43.47564025718748,47.57320189420409
1801,450.25,44.20388365408938,43.885700258700766,1.0243904092541545,41.83691944019246,45.93448107720907
1802,450.5,43.02724650205766,43.540732464478644,1.0243904092541545,41.49195164597033,45.58951328298696
1803,450.75,39.990135370149154,40.35661704440243,1.0243904092541545,38.30783622589412,42.40539786291073
1804,451.0,37.01812498864514,36.95759601943111,1.0243904092541545,34.9088152009228,39.00637683793941
1805,451.25,36.635240033832126,38.637028297398885,1.0243904092541545,36.58824747889058,40.68580911590719
1806,451.5,39.173827649706986,38.62401846151377,1.0243904092541545,36.575237643005465,40.672799280022076
1807,451.75,41.083281386396564,41.26653601013993,1.0243904092541545,39.217755191631625,43.315316828648236
1808,452.0,38.54317926619695,38.534075478168106,1.0243904092541545,36.4852946596598,40.58285629667641
1809,452.25,39.68151597628884,38.57922860878043,1.0243904092541545,36.53044779027212,40.628009427288745
1810,452.5,37.710783544948825,39.70429817250676,1.0243904092541545,37.65551735399845,41.75307899101507
1811,452.75,37.129483971374206,39.17799701485296,1.0243904092541545,37.12921619634466,41.22677783336127
1812,453.0,39.35609641628914,39.21755590988781,1.0243904092541545,37.1687750913795,41.26633672839611
1813,453.25,37.9346625053276,37.86102560816554,1.0243904092541545,35.81224478965723,39.90980642667385
1814,453.5,39.68095994394135,39.299714472560645,1.0243904092541545,37.25093365405233,41.34849529106896
1815,453.75,38.565889242627826,39.34405906179869,1.0243904092541545,37.29527824329038,41.392839880306994
1816,454.0,41.94741168018376,41.53347847334979,1.0243904092541545,39.48469765484148,43.582259291858094
1817,454.25,41.629742231071894,40.437509064111445,1.0243904092541545,38.38872824560313,42.48628988261976
1818,454.5,40.376941278345946,40.006618596403015,1.0243904092541545,37.95783777789471,42.05539941491132
1819,454.75,40.66391579448014,40.82950948497308,1.0243904092541545,38.78072866646477,42.87829030348139
1820,455.0,37.571461026590825,39.59084491122708,1.0243904092541545,37.542064092718775,41.639625729735386
1821,455.25,37.060215859823806,36.199967986588135,1.0243904092541545,34.15118716807983,38.24874880509644
1822,455.5,36.20114926850395,34.79009906228775,1.0243904092541545,32.741318243779446,36.83887988079606
1823,455.75,36.51687216529169,35.98681288304859,1.0243904092539327,33.93803206454073,38.03559370155646
1824,456.0,34.31602450820136,35.134688362515206,1.0243904092539327,33.08590754400734,37.18346918102307
1825,456.25,36.36950490018618,35.68958337550273,1.0243904092541545,33.640802556994416,37.73836419401104
1826,456.5,35.88841856416073,35.023045860213614,1.0243904092541545,32.97426504170531,37.07182667872192
1827,456.75,35.85808442937093,34.62640248097045,1.0243904092541545,32.577621662462136,36.67518329947876
1828,457.0,34.10128369616578,34.95070530536225,1.0243904092541545,32.90192448685394,36.999486123870554
1829,457.25,34.12266313235675,34.23044815251619,1.0243904092541545,32.181667334007884,36.279228971024494
1830,457.5,36.59253396206325,35.760662707442506,1.0243904092541545,33.7118818889342,37.80944352595081
1831,457.75,37.70056577582846,37.70793615635533,1.0243904092541545,35.659155337847025,39.756716974863636
1832,458.0,34.150324485300786,35.08991210253183,1.0243904092541545,33.04113128402352,37.13869292104013
1833,458.25,35.584671555364835,35.32624204185687,1.0243904092541545,33.27746122334857,37.37502286036518
1834,458.5,37.305105460326935,36.575653971679294,1.0243904092541545,34.52687315317098,38.62443479018761
1835,458.75,36.700168545636835,36.430920108720926,1.0243904092541545,34.38213929021262,38.47970092722923
1836,459.0,36.55320080073257,36.39338066672527,1.0243904092541545,34.34459984821696,38.442161485233584
1837,459.25,34.739792542452285,34.881621128552524,1.0243904092541545,32.83284031004422,36.93040194706083
1838,459.5,37.73022329600611,36.625890307794094,1.0243904092541545,34.57710948928579,38.6746711263024
1839,459.75,36.361794529134215,37.284515665799915,1.0243904092541545,35.23573484729161,39.33329648430822
1840,460.0,33.97693341737766,34.58731358213681,1.0243904092541545,32.538532763628496,36.63609440064512
1841,460.25,35.78979492799251,35.52936003295995,1.0243904092541545,33.48057921445164,37.57814085146826
1842,460.5,34.744427872719285,33.65373193401458,1.0243904092541545,31.60495111550627,35.70251275252289
1843,460.75,33.20093071986892,34.4478928790933,1.0243904092541545,32.399112060585,36.49667369760161
1844,461.0,32.655036777515136,33.84461360834424,1.0243904092541545,31.79583278983593,35.89339442685255
1845,461.25,32.71021338356143,34.83605309149823,1.0243904092541545,32.787272272989924,36.884833910006535
1846,461.5,35.84646581843238,35.77562242653288,1.0243904092541545,33.72684160802457,37.82440324504118
1847,461.75,39.19831322345153,40.00339860799381,1.0243904092541545,37.954617789485496,42.05217942650212
1848,462.0,42.21383436129801,42.3481555303817,1.0243904092541545,40.2993747118734,44.39693634889001
1849,462.25,45.22806579178113,44.59976162682252,1.0243904092541545,42.55098080831421,46.64854244533083
1850,462.5,43.226868484693604,43.75036486431868,1.0243904092541545,41.70158404581038,45.79914568282699
1851,462.75,49.16575426856573,48.71544761016373,1.0243904092541545,46.666666791655416,50.76422842867204
1852,463.0,51.70295915195366,51.981885906251954,1.0243904092541545,49.93310508774364,54.030666724760266
1853,463.25,55.297873322576976,54.77050637755805,1.0243904092541545,52.721725559049744,56.819287196066355
1854,463.5,55.30292818594715,54.95029692710836,1.0243904092541545,52.90151610860005,56.999077745616674
1855,463.75,57.94705136693597,58.66728454498302,1.0243904092541545,56.618503726474714,60.716065363491325
1856,464.0,60.201626157546336,60.4807470852908,1.0243904092541545,58.431966266782496,62.52952790379911
1857,464.25,84.1683547935673,82.77648980217052,1.0243904092541545,80.72770898366221,84.82527062067882
1858,464.5,85.98001649765479,85.63802716423666,1.0243904092541545,83.58924634572836,87.68680798274497
1859,464.75,81.65774813953946,83.26811095804224,1.0243904092541545,81.21933013953394,85.31689177655055
1860,465.0,84.73923161421217,84.35148284952561,1.0243904092541545,82.3027020310173,86.40026366803392
1861,465.25,84.24668220963923,85.18311467677763,1.0243904092541545,83.13433385826933,87.23189549528594
1862,465.5,84.83610304812504,83.04149846179067,1.0243904092541545,80.99271764328236,85.09027928029897
1863,465.75,85.18938248226158,84.19769150049898,1.0243904092541545,82.14891068199067,86.24647231900728
1864,466.0,84.92655681393134,84.60799815994876,1.0243904092541545,82.55921734144046,86.65677897845707
1865,466.25,84.98312548842743,84.95902650089,1.0243904092541545,82.9102456823817,87.00780731939831
1866,466.5,83.23354779131785,83.55910878374372,1.0243904092541545,81.51032796523542,85.60788960225203
1867,466.75,86.30987442713416,85.85918566377211,1.0243904092541545,83.8104048452638,87.90796648228041
1868,467.0,87.53573953677304,87.85652986223803,1.0243904092541545,85.80774904372973,89.90531068074634
1869,467.25,84.92131820834057,84.68708216243297,1.0243904092541545,82.63830134392467,86.73586298094128
1870,467.5,89.56396764691146,88.81111991347171,1.0243904092541545,86.76233909496341,90.85990073198002
1871,467.75,88.0217986491205,88.46664008936602,1.0243904092541545,86.41785927085772,90.51542090787433
1872,468.0,87.91083168137533,88.26988409679022,1.0243904092541545,86.22110327828192,90.31866491529853
1873,468.25,91.88424607752157,92.94114130589824,1.0243904092541545,90.89236048738994,94.98992212440655
1874,468.5,91.38145755426194,92.12479954578662,1.0243904092541545,90.07601872727831,94.17358036429492
1875,468.75,88.98464672552842,90.87220943608075,1.0243904092541545,88.82342861757245,92.92099025458906
1876,469.0,94.1643553262679,93.31784241057719,1.0243904092541545,91.26906159206888,95.36662322908549
1877,469.25,96.70379272295717,94.86720774465985,1.0243904092541545,92.81842692615155,96.91598856316816
1878,469.5,95.91011800783669,94.42544744539582,1.0243904092541545,92.37666662688751,96.47422826390412
1879,469.75,94.43137649089364,95.72508550365937,1.0243904092541545,93.67630468515107,97.77386632216768
1880,470.0,95.94650408203262,95.24730935004033,1.0243904092541545,93.19852853153202,97.29609016854863
1881,470.25,97.54379107331003,95.95594339649176,1.0243904092541545,93.90716257798346,98.00472421500007
1882,470.5,96.36515259622679,96.72737322182748,1.0243904092541545,94.67859240331917,98.77615404033578
1883,470.75,93.52407093117945,93.25190795093914,1.0243904092541545,91.20312713243084,95.30068876944745
1884,471.0,91.8180201566601,93.4979587351066,1.0243904092541545,91.44917791659829,95.5467395536149
1885,471.25,92.25870562432152,91.80450657417313,1.0243904092541545,89.75572575566483,93.85328739268144
1886,471.5,90.6566138455254,91.69045768614716,1.0243904092541545,89.64167686763885,93.73923850465546
1887,471.75,89.02380197969353,88.7850521412294,1.0243904092541545,86.7362713227211,90.8338329597377
1888,472.0,86.91771949910289,88.18362755937602,1.0243904092541545,86.13484674086772,90.23240837788433
1889,472.25,65.89292289835126,65.55614546890017,1.0243904092541545,63.507364650391864,67.60492628740847
1890,472.5,64.75054579617364,63.571851699467594,1.0243904092541545,61.52307088095928,65.6206325179759
1891,472.75,60.2693212539236,60.93922592635461,1.0243904092541545,58.890445107846304,62.988006744862915
1892,473.0,53.712318284626065,55.07148133517402,1.0243904092541545,53.02270051666571,57.12026215368233
1893,473.25,50.623505024532726,53.12058420675016,1.0243904092541545,51.07180338824185,55.16936502525847
1894,473.5,51.787485603554124,52.093909087234934,1.0243904092541545,50.04512826872663,54.14268990574324
1895,473.75,45.39888189674475,45.65419459159809,1.0243904092541545,43.60541377308978,47.702975410106404
1896,474.0,44.04972042948299,45.524421075695784,1.0243904092541545,43.47564025718748,47.57320189420409
1897,474.25,44.21444780543184,43.885700258700766,1.0243904092541545,41.83691944019246,45.93448107720907
1898,474.5,42.88170288304967,43.540732464478644,1.0243904092541545,41.49195164597033,45.58951328298696
1899,474.75,39.32404833987192,40.35661704440242,1.0243904092541545,38.30783622589411,42.40539786291073
1900,475.0,36.371198544750236,36.95759601943111,1.0243904092541545,34.9088152009228,39.00637683793941
1901,475.25,39.62746049865692,38.637028297398885,1.0243904092541545,36.58824747889058,40.68580911590719
1902,475.5,39.29972946623575,38.62401846151377,1.0243904092541545,36.575237643005465,40.672799280022076
1903,475.75,40.95381842202103,41.26653601013993,1.0243904092541545,39.217755191631625,43.315316828648236
1904,476.0,39.12259075806424,38.534075478168106,1.0243904092541545,36.4852946596598,40.58285629667641
1905,476.25,37.55986971230764,38.57922860878043,1.0243904092541545,36.53044779027212,40.628009427288745
1906,476.5,39.6959691757241,39.70429817250676,1.0243904092541545,37.65551735399845,41.75307899101507
1907,476.75,39.25064017171964,39.17799701485296,1.0243904092541545,37.12921619634466,41.22677783336127
1908,477.0,38.61245606246689,39.21755590988781,1.0243904092541545,37.1687750913795,41.26633672839611
1909,477.25,38.37723769641354,37.86102560816554,1.0243904092541545,35.81224478965723,39.90980642667385
1910,477.5,38.73034954610497,39.299714472560645,1.0243904092541545,37.25093365405233,41.34849529106896
1911,477.75,39.53783702557639,39.34405906179869,1.0243904092541545,37.29527824329038,41.392839880306994
1912,478.0,41.83491677747512,41.53347847334979,1.0243904092541545,39.48469765484148,43.582259291858094
1913,478.25,37.77994350738371,40.437509064111445,1.0243904092541545,38.38872824560313,42.48628988261976
1914,478.5,41.08326468790454,40.006618596403015,1.0243904092541545,37.95783777789471,42.05539941491132
1915,478.75,37.877111687531965,40.82950948497308,1.0243904092541545,38.78072866646477,42.87829030348139
1916,479.0,39.0631013886491,39.59084491122707,1.0243904092541545,37.54206409271876,41.639625729735386
1917,479.25,37.31632768604443,36.199967986588135,1.0243904092541545,34.15118716807983,38.24874880509644
1918,479.5,34.66213387703391,34.79009906228775,1.0243904092541545,32.741318243779446,36.83887988079606
1919,479.75,34.40612777083817,35.98681288304859,1.0243904092539327,33.93803206454073,38.03559370155646
1920,480.0,34.10192987385219,35.13468836251521,1.0243904092539327,33.08590754400735,37.18346918102308
1921,480.25,36.722616252839046,35.68958337550273,1.0243904092541545,33.640802556994416,37.73836419401104
1922,480.5,33.106384325650644,35.023045860213614,1.0243904092541545,32.97426504170531,37.07182667872192
1923,480.75,35.428259282533865,34.62640248097045,1.0243904092541545,32.577621662462136,36.67518329947876
1924,481.0,34.92229152135145,34.95070530536225,1.0243904092541545,32.90192448685394,36.999486123870554
1925,481.25,33.156722386458455,34.23044815251619,1.0243904092541545,32.181667334007884,36.279228971024494
1926,481.5,35.262146838617106,35.760662707442506,1.0243904092541545,33.7118818889342,37.80944352595081
1927,481.75,36.625931363288664,37.70793615635533,1.0243904092541545,35.659155337847025,39.756716974863636
1928,482.0,36.13387728821059,35.08991210253183,1.0243904092541545,33.04113128402352,37.13869292104013
1929,482.25,35.90248308010097,35.32624204185687,1.0243904092541545,33.27746122334857,37.37502286036518
1930,482.5,35.00728269263572,36.575653971679294,1.0243904092541545,34.52687315317098,38.62443479018761
1931,482.75,36.2086135307865,36.430920108720926,1.0243904092541545,34.38213929021262,38.47970092722923
1932,483.0,35.470430211208345,36.39338066672527,1.0243904092541545,34.34459984821696,38.442161485233584
1933,483.25,36.29200841259738,34.881621128552524,1.0243904092541545,32.83284031004422,36.93040194706083
1934,483.5,34.901845242163624,36.625890307794094,1.0243904092541545,34.57710948928579,38.6746711263024
1935,483.75,38.866715817531905,37.284515665799915,1.0243904092541545,35.23573484729161,39.33329648430822
1936,484.0,34.5309594406245,34.58731358213681,1.0243904092541545,32.538532763628496,36.63609440064512
1937,484.25,34.6168750080849,35.52936003295995,1.0243904092541545,33.48057921445164,37.57814085146826
1938,484.5,33.188199661009115,33.65373193401458,1.0243904092541545,31.60495111550627,35.70251275252289
1939,484.75,33.89668504919501,34.4478928790933,1.0243904092541545,32.399112060585,36.49667369760161
1940,485.0,32.69071512526507,33.84461360834424,1.0243904092541545,31.79583278983593,35.89339442685255
1941,485.25,34.842768751026526,34.83605309149823,1.0243904092541545,32.787272272989924,36.884833910006535
1942,485.5,34.58585504248727,35.77562242653288,1.0243904092541545,33.72684160802457,37.82440324504118
1943,485.75,38.13625283191989,40.003398607993816,1.0243904092541545,37.95461778948551,42.05217942650212
1944,486.0,42.21870800046776,42.3481555303817,1.0243904092541545,40.2993747118734,44.39693634889001
1945,486.25,42.763831405471535,44.59976162682252,1.0243904092541545,42.55098080831421,46.64854244533083
1946,486.5,43.11625033740893,43.75036486431868,1.0243904092541545,41.70158404581038,45.79914568282699
1947,486.75,48.025369357219006,48.71544761016373,1.0243904092541545,46.666666791655416,50.76422842867204
1948,487.0,51.13108098767956,51.981885906251954,1.0243904092541545,49.93310508774364,54.030666724760266
1949,487.25,56.62672210907069,54.77050637755805,1.0243904092541545,52.721725559049744,56.819287196066355
1950,487.5,54.88421168576871,54.95029692710836,1.0243904092541545,52.90151610860005,56.999077745616674
1951,487.75,58.884356072105916,58.66728454498302,1.0243904092541545,56.618503726474714,60.716065363491325
1952,488.0,58.5938796146045,60.4807470852908,1.0243904092541545,58.431966266782496,62.52952790379911
1953,488.25,82.47064826220989,82.77648980217053,1.0243904092541545,80.72770898366223,84.82527062067884
1954,488.5,85.8019422573422,85.63802716423666,1.0243904092541545,83.58924634572836,87.68680798274497
1955,488.75,82.03018128437758,83.26811095804224,1.0243904092541545,81.21933013953394,85.31689177655055
1956,489.0,84.99167639655877,84.35148284952561,1.0243904092541545,82.3027020310173,86.40026366803392
1957,489.25,84.12859624617445,85.18311467677763,1.0243904092541545,83.13433385826933,87.23189549528594
1958,489.5,83.13722384229885,83.04149846179067,1.0243904092541545,80.99271764328236,85.09027928029897
1959,489.75,83.57923200244498,84.19769150049898,1.0243904092541545,82.14891068199067,86.24647231900728
1960,490.0,84.80099199739486,84.60799815994876,1.0243904092541545,82.55921734144046,86.65677897845707
1961,490.25,84.18540257313582,84.95902650089,1.0243904092541545,82.9102456823817,87.00780731939831
1962,490.5,83.17168642027433,83.55910878374374,1.0243904092541545,81.51032796523543,85.60788960225204
1963,490.75,85.39522038395616,85.85918566377211,1.0243904092541545,83.8104048452638,87.90796648228041
1964,491.0,87.17212994884379,87.85652986223805,1.0243904092541545,85.80774904372974,89.90531068074635
1965,491.25,85.17084220619779,84.68708216243297,1.0243904092541545,82.63830134392467,86.73586298094128
1966,491.5,88.93042165522944,88.81111991347171,1.0243904092541545,86.76233909496341,90.85990073198002
1967,491.75,88.49499124739292,88.46664008936602,1.0243904092541545,86.41785927085772,90.51542090787433
1968,492.0,88.09656608790407,88.26988409679021,1.0243904092541545,86.2211032782819,90.31866491529851
1969,492.25,93.87515558876602,92.94114130589824,1.0243904092541545,90.89236048738994,94.98992212440655
1970,492.5,92.21009605657393,92.12479954578662,1.0243904092541545,90.07601872727831,94.17358036429492
1971,492.75,90.50634474914398,90.87220943608075,1.0243904092541545,88.82342861757245,92.92099025458906
1972,493.0,93.5392165671405,93.31784241057717,1.0243904092541545,91.26906159206887,95.36662322908548
1973,493.25,96.59146486384525,94.86720774465985,1.0243904092541545,92.81842692615155,96.91598856316816
1974,493.5,93.14443285634518,94.42544744539583,1.0243904092541545,92.37666662688753,96.47422826390414
1975,493.75,96.8273178725755,95.72508550365937,1.0243904092541545,93.67630468515107,97.77386632216768
1976,494.0,93.32847824923832,95.24730935004033,1.0243904092541545,93.19852853153202,97.29609016854863
1977,494.25,96.3389578816151,95.95594339649176,1.0243904092541545,93.90716257798346,98.00472421500007
1978,494.5,98.39704540457419,96.7273732218275,1.0243904092541545,94.6785924033192,98.77615404033581
1979,494.75,93.9112920249967,93.25190795093914,1.0243904092541545,91.20312713243084,95.30068876944745
1980,495.0,93.99653828600457,93.49795873510658,1.0243904092541545,91.44917791659827,95.54673955361488
1981,495.25,91.4315199875418,91.80450657417313,1.0243904092541545,89.75572575566483,93.85328739268144
1982,495.5,91.75122077544867,91.69045768614717,1.0243904092541545,89.64167686763886,93.73923850465548
1983,495.75,88.57210414637865,88.7850521412294,1.0243904092541545,86.7362713227211,90.8338329597377
1984,496.0,87.69294581336041,88.18362755937602,1.0243904092541545,86.13484674086772,90.23240837788433
1985,496.25,65.06018905839879,65.55614546890017,1.0243904092541545,63.507364650391864,67.60492628740847
1986,496.5,63.92441428137339,63.571851699467594,1.0243904092541545,61.52307088095928,65.6206325179759
1987,496.75,60.28528404710813,60.93922592635461,1.0243904092541545,58.890445107846304,62.988006744862915
1988,497.0,54.042959045351814,55.071481335174035,1.0243904092541545,53.02270051666572,57.12026215368235
1989,497.25,51.419284629490534,53.12058420675016,1.0243904092541545,51.07180338824185,55.16936502525847
1990,497.5,52.444624163718196,52.093909087234934,1.0243904092541545,50.04512826872663,54.14268990574324
1991,497.75,46.52579909299342,45.65419459159809,1.0243904092541545,43.60541377308978,47.702975410106404
1992,498.0,45.83240028606756,45.524421075695784,1.0243904092541545,43.47564025718748,47.57320189420409
1993,498.25,44.72659954184834,43.885700258700766,1.0243904092541545,41.83691944019246,45.93448107720907
1994,498.5,43.41954090199505,43.540732464478644,1.0243904092541545,41.49195164597033,45.58951328298696
1995,498.75,40.79179523588291,40.35661704440243,1.0243904092541545,38.30783622589412,42.40539786291073
1996,499.0,37.229608376028246,36.95759601943111,1.0243904092541545,34.9088152009228,39.00637683793941
1997,499.25,38.464615940309095,38.637028297398885,1.0243904092541545,36.58824747889058,40.68580911590719
1998,499.5,38.16597069435088,38.62401846151377,1.0243904092541545,36.575237643005465,40.672799280022076
1999,499.75,43.29799709931143,41.26653601013993,1.0243904092541545,39.217755191631625,43.315316828648236
2000,500.0,38.051534759745884,38.534075478168106,1.0243904092541545,36.4852946596598,40.58285629667641
2001,500.25,38.05490395757394,38.57922860878043,1.0243904092541545,36.53044779027212,40.628009427288745
2002,500.5,40.09760889844718,39.70429817250676,1.0243904092541545,37.65551735399845,41.75307899101507
2003,500.75,39.35517225652818,39.17799701485296,1.0243904092541545,37.12921619634466,41.22677783336127
2004,501.0,37.67750102335529,39.21755590988781,1.0243904092541545,37.1687750913795,41.26633672839611
2005,501.25,39.064457615019855,37.86102560816554,1.0243904092541545,35.81224478965723,39.90980642667385
2006,501.5,39.41658842539859,39.299714472560645,1.0243904092541545,37.25093365405233,41.34849529106896
2007,501.75,37.917085222584554,39.34405906179869,1.0243904092541545,37.29527824329038,41.392839880306994
2008,502.0,42.4718421202977,41.53347847334979,1.0243904092541545,39.48469765484148,43.582259291858094
2009,502.25,41.32277895967693,40.43750906411144,1.0243904092541545,38.38872824560313,42.486289882619744
2010,502.5,38.6284169924465,40.006618596403015,1.0243904092541545,37.95783777789471,42.05539941491132
2011,502.75,42.701927093142444,40.82950948497308,1.0243904092541545,38.78072866646477,42.87829030348139
2012,503.0,40.33794778257142,39.59084491122708,1.0243904092541545,37.542064092718775,41.639625729735386
2013,503.25,36.28078353616163,36.199967986588135,1.0243904092541545,34.15118716807983,38.24874880509644
2014,503.5,36.569639407908134,34.79009906228775,1.0243904092541545,32.741318243779446,36.83887988079606
2015,503.75,36.03161153713735,35.98681288304859,1.0243904092539327,33.93803206454073,38.03559370155646
2016,504.0,35.16758386046483,35.134688362515206,1.0243904092539327,33.08590754400734,37.18346918102307
2017,504.25,35.03541039049644,35.68958337550273,1.0243904092541545,33.640802556994416,37.73836419401104
2018,504.5,35.60973929550636,35.023045860213614,1.0243904092541545,32.97426504170531,37.07182667872192
2019,504.75,34.775871148895824,34.62640248097045,1.0243904092541545,32.577621662462136,36.67518329947876
2020,505.0,34.992073760283446,34.950705305362256,1.0243904092541545,32.90192448685394,36.99948612387057
2021,505.25,33.55913136303328,34.23044815251619,1.0243904092541545,32.181667334007884,36.279228971024494
2022,505.5,35.97519176508587,35.760662707442506,1.0243904092541545,33.7118818889342,37.80944352595081
2023,505.75,37.573356918628164,37.70793615635534,1.0243904092541545,35.659155337847025,39.75671697486365
2024,506.0,33.93417776861786,35.08991210253183,1.0243904092541545,33.04113128402352,37.13869292104013
2025,506.25,33.69824291901395,35.32624204185687,1.0243904092541545,33.27746122334857,37.37502286036518
2026,506.5,37.29159720532154,36.575653971679294,1.0243904092541545,34.52687315317098,38.62443479018761
2027,506.75,34.01031733425415,36.430920108720926,1.0243904092541545,34.38213929021262,38.47970092722923
2028,507.0,36.53902640051388,36.39338066672527,1.0243904092541545,34.34459984821696,38.442161485233584
2029,507.25,34.520415386384194,34.881621128552524,1.0243904092541545,32.83284031004422,36.93040194706083
2030,507.5,37.56019096716996,36.625890307794094,1.0243904092541545,34.57710948928579,38.6746711263024
2031,507.75,36.76901850369302,37.284515665799915,1.0243904092541545,35.23573484729161,39.33329648430822
2032,508.0,35.22373839439334,34.58731358213681,1.0243904092541545,32.538532763628496,36.63609440064512
2033,508.25,35.3818955732272,35.52936003295995,1.0243904092541545,33.48057921445164,37.57814085146826
2034,508.5,33.979221998504535,33.65373193401458,1.0243904092541545,31.60495111550627,35.70251275252289
2035,508.75,35.435140420883506,34.4478928790933,1.0243904092541545,32.399112060585,36.49667369760161
2036,509.0,33.502777810956,33.84461360834424,1.0243904092541545,31.79583278983593,35.89339442685255
2037,509.25,35.74449677579455,34.83605309149823,1.0243904092541545,32.787272272989924,36.884833910006535
2038,509.5,34.82007271607262,35.77562242653288,1.0243904092541545,33.72684160802457,37.82440324504118
2039,509.75,40.611211883216455,40.00339860799381,1.0243904092541545,37.954617789485496,42.05217942650212
2040,510.0,43.52102419410378,42.3481555303817,1.0243904092541545,40.2993747118734,44.39693634889001
2041,510.25,45.226725093679754,44.59976162682252,1.0243904092541545,42.55098080831421,46.64854244533083
2042,510.5,45.78485608221186,43.75036486431868,1.0243904092541545,41.70158404581038,45.79914568282699
2043,510.75,48.1710329285117,48.71544761016373,1.0243904092541545,46.666666791655416,50.76422842867204
2044,511.0,50.62314780835679,51.981885906251954,1.0243904092541545,49.93310508774364,54.030666724760266
2045,511.25,53.63142389898542,54.77050637755805,1.0243904092541545,52.721725559049744,56.819287196066355
2046,511.5,55.48824268514758,54.95029692710836,1.0243904092541545,52.90151610860005,56.999077745616674
2047,511.75,59.13690799737996,58.66728454498302,1.0243904092541545,56.618503726474714,60.716065363491325
2048,512.0,60.472534570594206,60.4807470852908,1.0243904092541545,58.431966266782496,62.52952790379911
2049,512.25,82.00165434673968,82.77648980217052,1.0243904092541545,80.72770898366221,84.82527062067882
2050,512.5,86.35350692072974,85.63802716423666,1.0243904092541545,83.58924634572836,87.68680798274497
2051,512.75,81.83000541964005,83.26811095804224,1.0243904092541545,81.21933013953394,85.31689177655055
2052,513.0,85.2425631354177,84.35148284952561,1.0243904092541545,82.3027020310173,86.40026366803392
2053,513.25,88.18873125521534,85.18311467677763,1.0243904092541545,83.13433385826933,87.23189549528594
2054,513.5,83.79004112473558,83.04149846179067,1.0243904092541545,80.99271764328236,85.09027928029897
2055,513.75,84.74839177807829,84.19769150049898,1.0243904092541545,82.14891068199067,86.24647231900728
2056,514.0,84.14381156911739,84.60799815994876,1.0243904092541545,82.55921734144046,86.65677897845707
2057,514.25,83.01567932390442,84.95902650089,1.0243904092541545,82.9102456823817,87.00780731939831
2058,514.5,82.83986068431504,83.55910878374372,1.0243904092541545,81.51032796523542,85.60788960225203
2059,514.75,84.53845523463539,85.85918566377211,1.0243904092541545,83.8104048452638,87.90796648228041
2060,515.0,86.45951312982008,87.85652986223803,1.0243904092541545,85.80774904372973,89.90531068074634
2061,515.25,86.40810827969632,84.68708216243297,1.0243904092541545,82.63830134392467,86.73586298094128
2062,515.5,88.96489579841779,88.81111991347171,1.0243904092541545,86.76233909496341,90.85990073198002
2063,515.75,88.96329277326008,88.46664008936602,1.0243904092541545,86.41785927085772,90.51542090787433
2064,516.0,88.21800205616977,88.26988409679022,1.0243904092541545,86.22110327828192,90.31866491529853
2065,516.25,92.90574047580259,92.94114130589824,1.0243904092541545,90.89236048738994,94.98992212440655
2066,516.5,93.41048098262745,92.12479954578662,1.0243904092541545,90.07601872727831,94.17358036429492
2067,516.75,90.78070491827471,90.87220943608075,1.0243904092541545,88.82342861757245,92.92099025458906
2068,517.0,93.96522047527709,93.31784241057719,1.0243904092541545,91.26906159206888,95.36662322908549
2069,517.25,94.69887388302938,94.86720774465985,1.0243904092541545,92.81842692615155,96.91598856316816
2070,517.5,94.14263617363433,94.42544744539582,1.0243904092541545,92.37666662688751,96.47422826390412
2071,517.75,94.6505468139183,95.72508550365937,1.0243904092541545,93.67630468515107,97.77386632216768
2072,518.0,93.24390034810929,95.24730935004033,1.0243904092541545,93.19852853153202,97.29609016854863
2073,518.25,95.86012282232008,95.95594339649176,1.0243904092541545,93.90716257798346,98.00472421500007
2074,518.5,96.8784592689587,96.72737322182749,1.0243904092541545,94.67859240331919,98.7761540403358
2075,518.75,92.1364934638206,93.25190795093914,1.0243904092541545,91.20312713243084,95.30068876944745
2076,519.0,93.79143834243013,93.49795873510658,1.0243904092541545,91.44917791659827,95.54673955361488
2077,519.25,92.04572201933537,91.80450657417313,1.0243904092541545,89.75572575566483,93.85328739268144
2078,519.5,89.56416556890073,91.69045768614716,1.0243904092541545,89.64167686763885,93.73923850465546
2079,519.75,87.90904230230251,88.7850521412294,1.0243904092541545,86.7362713227211,90.8338329597377
2080,520.0,88.88618631502725,88.18362755937602,1.0243904092541545,86.13484674086772,90.23240837788433
2081,520.25,65.73712340326941,65.55614546890017,1.0243904092541545,63.507364650391864,67.60492628740847
2082,520.5,62.57235820434719,63.571851699467594,1.0243904092541545,61.52307088095928,65.6206325179759
2083,520.75,61.210949166138505,60.93922592635461,1.0243904092541545,58.890445107846304,62.988006744862915
2084,521.0,55.87164809139697,55.07148133517403,1.0243904092541545,53.02270051666572,57.12026215368233
2085,521.25,53.55660102607361,53.12058420675016,1.0243904092541545,51.07180338824185,55.16936502525847
2086,521.5,51.958613350615366,52.093909087234934,1.0243904092541545,50.04512826872663,54.14268990574324
2087,521.75,45.51249951770206,45.65419459159809,1.0243904092541545,43.60541377308978,47.702975410106404
2088,522.0,44.97139535749654,45.524421075695784,1.0243904092541545,43.47564025718748,47.57320189420409
2089,522.25,44.22924883202933,43.885700258700766,1.0243904092541545,41.83691944019246,45.93448107720907
2090,522.5,43.52677723805721,43.540732464478644,1.0243904092541545,41.49195164597033,45.58951328298696
2091,522.75,41.02918830461935,40.35661704440242,1.0243904092541545,38.30783622589411,42.40539786291073
2092,523.0,37.05764476351184,36.95759601943111,1.0243904092541545,34.9088152009228,39.00637683793941
2093,523.25,39.374919910074745,38.637028297398885,1.0243904092541545,36.58824747889058,40.68580911590719
2094,523.5,38.79138505543823,38.62401846151377,1.0243904092541545,36.575237643005465,40.672799280022076
2095,523.75,41.86853319965121,41.26653601013993,1.0243904092541545,39.217755191631625,43.315316828648236
2096,524.0,39.37430850996603,38.534075478168106,1.0243904092541545,36.4852946596598,40.58285629667641
2097,524.25,37.916255038469565,38.57922860878043,1.0243904092541545,36.53044779027212,40.628009427288745
2098,524.5,37.85545502812633,39.70429817250676,1.0243904092541545,37.65551735399845,41.75307899101507
2099,524.75,40.64681069724772,39.17799701485296,1.0243904092541545,37.12921619634466,41.22677783336127
2100,525.0,39.33895130167788,39.21755590988781,1.0243904092541545,37.1687750913795,41.26633672839611
2101,525.25,36.22729346496,37.86102560816554,1.0243904092541545,35.81224478965723,39.90980642667385
2102,525.5,38.79696350353071,39.299714472560645,1.0243904092541545,37.25093365405233,41.34849529106896
2103,525.75,39.7998906101701,39.34405906179869,1.0243904092541545,37.29527824329038,41.392839880306994
2104,526.0,41.00338117481093,41.53347847334979,1.0243904092541545,39.48469765484148,43.582259291858094
2105,526.25,40.18504196876165,40.437509064111445,1.0243904092541545,38.38872824560313,42.48628988261976
2106,526.5,41.29384084470738,40.006618596403015,1.0243904092541545,37.95783777789471,42.05539941491132
2107,526.75,39.87745710650091,40.82950948497308,1.0243904092541545,38.78072866646477,42.87829030348139
2108,527.0,38.88099705645039,39.59084491122708,1.0243904092541545,37.542064092718775,41.639625729735386
2109,527.25,36.50236612683494,36.199967986588135,1.0243904092541545,34.15118716807983,38.24874880509644
2110,527.5,35.36987553434024,34.790099062287744,1.0243904092541545,32.74131824377943,36.83887988079606
2111,527.75,36.36865678764844,35.98681288304859,1.0243904092539327,33.93803206454073,38.03559370155646
2112,528.0,36.10690498013781,35.13468836251521,1.0243904092539327,33.08590754400735,37.18346918102308
2113,528.25,35.89428912719994,35.689583375502735,1.0243904092541545,33.64080255699443,37.73836419401104
2114,528.5,35.51727279513769,35.023045860213614,1.0243904092541545,32.97426504170531,37.07182667872192
2115,528.75,34.04005892225676,34.62640248097045,1.0243904092541545,32.577621662462136,36.67518329947876
2116,529.0,35.04009192363045,34.95070530536225,1.0243904092541545,32.90192448685394,36.999486123870554
2117,529.25,34.45665189695452,34.23044815251619,1.0243904092541545,32.181667334007884,36.279228971024494
2118,529.5,36.06036004673883,35.760662707442506,1.0243904092541545,33.7118818889342,37.80944352595081
2119,529.75,38.41569551197306,37.70793615635534,1.0243904092541545,35.659155337847025,39.75671697486365
2120,530.0,35.82279776929689,35.08991210253183,1.0243904092541545,33.04113128402352,37.13869292104013
2121,530.25,35.214272273238315,35.32624204185687,1.0243904092541545,33.27746122334857,37.37502286036518
2122,530.5,35.91731784157073,36.575653971679294,1.0243904092541545,34.52687315317098,38.62443479018761
2123,530.75,36.679876907368545,36.430920108720926,1.0243904092541545,34.38213929021262,38.47970092722923
2124,531.0,36.30559808865688,36.39338066672527,1.0243904092541545,34.34459984821696,38.442161485233584
2125,531.25,35.191680023951214,34.881621128552524,1.0243904092541545,32.83284031004422,36.93040194706083
2126,531.5,38.45846966743045,36.625890307794094,1.0243904092541545,34.57710948928579,38.6746711263024
2127,531.75,36.73871393430566,37.284515665799915,1.0243904092541545,35.23573484729161,39.33329648430822
2128,532.0,34.9865431992668,34.58731358213681,1.0243904092541545,32.538532763628496,36.63609440064512
2129,532.25,36.847271481709285,35.52936003295995,1.0243904092541545,33.48057921445164,37.57814085146826
2130,532.5,33.96347575911778,33.65373193401457,1.0243904092541545,31.604951115506264,35.70251275252288
2131,532.75,37.03614900913562,34.4478928790933,1.0243904092541545,32.399112060585,36.49667369760161
2132,533.0,33.5872942355491,33.84461360834424,1.0243904092541545,31.79583278983593,35.89339442685255
2133,533.25,35.0720311136162,34.83605309149823,1.0243904092541545,32.787272272989924,36.884833910006535
2134,533.5,35.01496484828613,35.77562242653288,1.0243904092541545,33.72684160802457,37.82440324504118
2135,533.75,39.96509430551478,40.00339860799381,1.0243904092541545,37.954617789485496,42.05217942650212
2136,534.0,42.84731838171259,42.3481555303817,1.0243904092541545,40.2993747118734,44.39693634889001
2137,534.25,45.41299166419715,44.59976162682252,1.0243904092541545,42.55098080831421,46.64854244533083
2138,534.5,44.18750603950002,43.75036486431868,1.0243904092541545,41.70158404581038,45.79914568282699
2139,534.75,50.1935870951571,48.71544761016373,1.0243904092541545,46.666666791655416,50.76422842867204
2140,535.0,51.90733174911271,51.981885906251954,1.0243904092541545,49.93310508774364,54.030666724760266
2141,535.25,54.29359047764154,54.77050637755805,1.0243904092541545,52.721725559049744,56.819287196066355
2142,535.5,57.53178522587853,54.95029692710836,1.0243904092541545,52.90151610860005,56.999077745616674
2143,535.75,59.033222712552615,58.66728454498302,1.0243904092541545,56.618503726474714,60.716065363491325
2144,536.0,59.650796364968244,60.4807470852908,1.0243904092541545,58.431966266782496,62.52952790379911
2145,536.25,82.43034763359874,82.77648980217053,1.0243904092541545,80.72770898366223,84.82527062067884
2146,536.5,84.64395971286935,85.63802716423666,1.0243904092541545,83.58924634572836,87.68680798274497
2147,536.75,83.99127955314738,83.26811095804224,1.0243904092541545,81.21933013953394,85.31689177655055
2148,537.0,83.71923626014755,84.35148284952561,1.0243904092541545,82.3027020310173,86.40026366803392
2149,537.25,85.45865530773196,85.18311467677763,1.0243904092541545,83.13433385826933,87.23189549528594
2150,537.5,83.36008130372576,83.04149846179067,1.0243904092541545,80.99271764328236,85.09027928029897
2151,537.75,84.89677605036148,84.19769150049898,1.0243904092541545,82.14891068199067,86.24647231900728
2152,538.0,83.78992724512892,84.60799815994876,1.0243904092541545,82.55921734144046,86.65677897845707
2153,538.25,83.75032035884823,84.95902650089,1.0243904092541545,82.9102456823817,87.00780731939831
2154,538.5,83.66687735452686,83.55910878374372,1.0243904092541545,81.51032796523542,85.60788960225203
2155,538.75,86.23230976043403,85.85918566377211,1.0243904092541545,83.8104048452638,87.90796648228041
2156,539.0,88.23905001933274,87.85652986223803,1.0243904092541545,85.80774904372973,89.90531068074634
2157,539.25,83.87629460860335,84.68708216243297,1.0243904092541545,82.63830134392467,86.73586298094128
2158,539.5,89.3695181224834,88.81111991347171,1.0243904092541545,86.76233909496341,90.85990073198002
2159,539.75,87.83974426555045,88.46664008936602,1.0243904092541545,86.41785927085772,90.51542090787433
2160,540.0,88.00548577657963,88.26988409679021,1.0243904092541545,86.2211032782819,90.31866491529851
2161,540.25,92.13465803352402,92.94114130589824,1.0243904092541545,90.89236048738994,94.98992212440655
2162,540.5,93.74708864904014,92.12479954578662,1.0243904092541545,90.07601872727831,94.17358036429492
2163,540.75,91.44646357799726,90.87220943608075,1.0243904092541545,88.82342861757245,92.92099025458906
2164,541.0,94.03951991293124,93.31784241057717,1.0243904092541545,91.26906159206887,95.36662322908548
2165,541.25,96.14208960201685,94.86720774465985,1.0243904092541545,92.81842692615155,96.91598856316816
2166,541.5,97.29743831260511,94.42544744539583,1.0243904092541545,92.37666662688753,96.47422826390414
2167,541.75,94.34823487561,95.72508550365937,1.0243904092541545,93.67630468515107,97.77386632216768
2168,542.0,94.48327282959931,95.24730935004033,1.0243904092541545,93.19852853153202,97.29609016854863
2169,542.25,95.50550963921195,95.95594339649176,1.0243904092541545,93.90716257798346,98.00472421500007
2170,542.5,95.97114295458277,96.72737322182749,1.0243904092541545,94.67859240331919,98.7761540403358
2171,542.75,92.34504025292568,93.25190795093914,1.0243904092541545,91.20312713243084,95.30068876944745
2172,543.0,93.5262601434094,93.49795873510658,1.0243904092541545,91.44917791659827,95.54673955361488
2173,543.25,90.77536574105547,91.80450657417313,1.0243904092541545,89.75572575566483,93.85328739268144
2174,543.5,92.05521594249753,91.69045768614717,1.0243904092541545,89.64167686763886,93.73923850465548
2175,543.75,88.87586528321063,88.7850521412294,1.0243904092541545,86.7362713227211,90.8338329597377
2176,544.0,88.95995108605543,88.18362755937602,1.0243904092541545,86.13484674086772,90.23240837788433
2177,544.25,65.85779312551192,65.55614546890017,1.0243904092541545,63.507364650391864,67.60492628740847
2178,544.5,64.32903997417363,63.571851699467594,1.0243904092541545,61.52307088095928,65.6206325179759
2179,544.75,60.679092178814884,60.93922592635461,1.0243904092541545,58.890445107846304,62.988006744862915
2180,545.0,56.970384268670166,55.07148133517403,1.0243904092541545,53.02270051666572,57.12026215368233
2181,545.25,53.01395918356481,53.12058420675016,1.0243904092541545,51.07180338824185,55.16936502525847
2182,545.5,50.19141438500451,52.093909087234934,1.0243904092541545,50.04512826872663,54.14268990574324
2183,545.75,44.97810008526014,45.65419459159809,1.0243904092541545,43.60541377308978,47.702975410106404
2184,546.0,43.860236852803226,45.524421075695784,1.0243904092541545,43.47564025718748,47.57320189420409
2185,546.25,43.77876367827098,43.885700258700766,1.0243904092541545,41.83691944019246,45.93448107720907
2186,546.5,43.20986804086099,43.540732464478644,1.0243904092541545,41.49195164597033,45.58951328298696
2187,546.75,39.9313586006177,40.35661704440243,1.0243904092541545,38.30783622589412,42.40539786291073
2188,547.0,38.9366970627912,36.95759601943111,1.0243904092541545,34.9088152009228,39.00637683793941
2189,547.25,39.10513883380422,38.637028297398885,1.0243904092541545,36.58824747889058,40.68580911590719
2190,547.5,39.42289088392686,38.62401846151377,1.0243904092541545,36.575237643005465,40.672799280022076
2191,547.75,40.15277099557742,41.26653601013993,1.0243904092541545,39.217755191631625,43.315316828648236
2192,548.0,37.50434084826838,38.53407547816811,1.0243904092541545,36.4852946596598,40.582856296676425
2193,548.25,38.757587167791336,38.57922860878043,1.0243904092541545,36.53044779027212,40.628009427288745
2194,548.5,39.8366062146493,39.70429817250676,1.0243904092541545,37.65551735399845,41.75307899101507
2195,548.75,37.24700627411871,39.17799701485296,1.0243904092541545,37.12921619634466,41.22677783336127
2196,549.0,38.90198554811609,39.21755590988781,1.0243904092541545,37.1687750913795,41.26633672839611
2197,549.25,37.95585144332962,37.86102560816554,1.0243904092541545,35.81224478965723,39.90980642667385
2198,549.5,39.29563383497829,39.299714472560645,1.0243904092541545,37.25093365405233,41.34849529106896
2199,549.75,38.214625905453595,39.34405906179869,1.0243904092541545,37.29527824329038,41.392839880306994
2200,550.0,40.74352282402269,41.53347847334979,1.0243904092541545,39.48469765484148,43.582259291858094
2201,550.25,40.52024419450798,40.43750906411144,1.0243904092541545,38.38872824560313,42.486289882619744
2202,550.5,39.98375900800447,40.006618596403015,1.0243904092541545,37.95783777789471,42.05539941491132
2203,550.75,41.52953583543529,40.82950948497308,1.0243904092541545,38.78072866646477,42.87829030348139
2204,551.0,40.760006619156094,39.59084491122708,1.0243904092541545,37.542064092718775,41.639625729735386
2205,551.25,35.996631928259426,36.199967986588135,1.0243904092541545,34.15118716807983,38.24874880509644
2206,551.5,34.523264406170995,34.79009906228775,1.0243904092541545,32.741318243779446,36.83887988079606
2207,551.75,36.30996942684202,35.98681288304859,1.0243904092539327,33.93803206454073,38.03559370155646
2208,552.0,35.80651185197972,35.13468836251521,1.0243904092539327,33.08590754400735,37.18346918102308
2209,552.25,35.26151007325954,35.68958337550273,1.0243904092541545,33.640802556994416,37.73836419401104
2210,552.5,35.818282333165456,35.023045860213614,1.0243904092541545,32.97426504170531,37.07182667872192
2211,552.75,35.27885352272782,34.62640248097045,1.0243904092541545,32.577621662462136,36.67518329947876
2212,553.0,36.269080086052405,34.950705305362256,1.0243904092541545,32.90192448685394,36.99948612387057
2213,553.25,36.127438623620705,34.230448152516196,1.0243904092541545,32.181667334007884,36.27922897102451
2214,553.5,34.97884577226036,35.760662707442506,1.0243904092541545,33.7118818889342,37.80944352595081
2215,553.75,37.65705391372281,37.70793615635534,1.0243904092541545,35.659155337847025,39.75671697486365
2216,554.0,35.278929783970725,35.08991210253183,1.0243904092541545,33.04113128402352,37.13869292104013
2217,554.25,35.071981701805626,35.32624204185687,1.0243904092541545,33.27746122334857,37.37502286036518
2218,554.5,36.07718090690163,36.575653971679294,1.0243904092541545,34.52687315317098,38.62443479018761
2219,554.75,35.12664364607476,36.430920108720926,1.0243904092541545,34.38213929021262,38.47970092722923
2220,555.0,36.42629531958163,36.39338066672527,1.0243904092541545,34.34459984821696,38.442161485233584
2221,555.25,34.2301427845901,34.881621128552524,1.0243904092541545,32.83284031004422,36.93040194706083
2222,555.5,36.33793784103767,36.625890307794094,1.0243904092541545,34.57710948928579,38.6746711263024
2223,555.75,36.46844317114804,37.284515665799915,1.0243904092541545,35.23573484729161,39.33329648430822
2224,556.0,33.4645958342971,34.58731358213681,1.0243904092541545,32.538532763628496,36.63609440064512
2225,556.25,36.013107774841885,35.52936003295995,1.0243904092541545,33.48057921445164,37.57814085146826
2226,556.5,34.01639537182489,33.65373193401458,1.0243904092541545,31.60495111550627,35.70251275252289
2227,556.75,35.277585861284386,34.4478928790933,1.0243904092541545,32.399112060585,36.49667369760161
2228,557.0,36.1511972936982,33.84461360834424,1.0243904092541545,31.79583278983593,35.89339442685255
2229,557.25,35.025231422507,34.83605309149823,1.0243904092541545,32.787272272989924,36.884833910006535
2230,557.5,36.29885236024324,35.77562242653288,1.0243904092541545,33.72684160802457,37.82440324504118
2231,557.75,39.23905771179075,40.00339860799381,1.0243904092541545,37.954617789485496,42.05217942650212
2232,558.0,41.31147703077956,42.3481555303817,1.0243904092541545,40.2993747118734,44.39693634889001
2233,558.25,46.14951704866275,44.59976162682251,1.0243904092541545,42.55098080831421,46.64854244533082
2234,558.5,42.944931425543146,43.75036486431868,1.0243904092541545,41.70158404581038,45.79914568282699
2235,558.75,47.89052817435372,48.71544761016373,1.0243904092541545,46.666666791655416,50.76422842867204
2236,559.0,51.96319813848882,51.981885906251954,1.0243904092541545,49.93310508774364,54.030666724760266
2237,559.25,54.53556659410315,54.77050637755805,1.0243904092541545,52.721725559049744,56.819287196066355
2238,559.5,53.92529361215585,54.95029692710836,1.0243904092541545,52.90151610860005,56.999077745616674
2239,559.75,58.33401184439748,58.66728454498302,1.0243904092541545,56.618503726474714,60.716065363491325
2240,560.0,61.5996536285969,60.4807470852908,1.0243904092541545,58.431966266782496,62.52952790379911
2241,560.25,82.31861778701501,82.77648980217052,1.0243904092541545,80.72770898366221,84.82527062067882
2242,560.5,84.19296714303451,85.63802716423666,1.0243904092541545,83.58924634572836,87.68680798274497
2243,560.75,83.99730381819037,83.26811095804224,1.0243904092541545,81.21933013953394,85.31689177655055
2244,561.0,84.57591046497883,84.35148284952561,1.0243904092541545,82.3027020310173,86.40026366803392
2245,561.25,84.71077421142681,85.18311467677763,1.0243904092541545,83.13433385826933,87.23189549528594
2246,561.5,81.84142296203711,83.04149846179067,1.0243904092541545,80.99271764328236,85.09027928029897
2247,561.75,83.42066028598198,84.19769150049898,1.0243904092541545,82.14891068199067,86.24647231900728
2248,562.0,84.58196690116367,84.60799815994876,1.0243904092541545,82.55921734144046,86.65677897845707
2249,562.25,85.99156473487506,84.95902650089,1.0243904092541545,82.9102456823817,87.00780731939831
2250,562.5,82.4059980724756,83.55910878374372,1.0243904092541545,81.51032796523542,85.60788960225203
2251,562.75,85.54683059422267,85.85918566377211,1.0243904092541545,83.8104048452638,87.90796648228041
2252,563.0,88.58166236612999,87.85652986223802,1.0243904092541545,85.80774904372971,89.90531068074633
2253,563.25,82.30448099757875,84.68708216243297,1.0243904092541545,82.63830134392467,86.73586298094128
2254,563.5,89.72581944833091,88.81111991347171,1.0243904092541545,86.76233909496341,90.85990073198002
2255,563.75,87.40115462043966,88.46664008936602,1.0243904092541545,86.41785927085772,90.51542090787433
2256,564.0,88.85901991482295,88.26988409679022,1.0243904092541545,86.22110327828192,90.31866491529853
2257,564.25,93.32529470785677,92.94114130589824,1.0243904092541545,90.89236048738994,94.98992212440655
2258,564.5,93.53051669185196,92.12479954578662,1.0243904092541545,90.07601872727831,94.17358036429492
2259,564.75,91.36396641786345,90.87220943608075,1.0243904092541545,88.82342861757245,92.92099025458906
2260,565.0,91.05723604552239,93.31784241057719,1.0243904092541545,91.26906159206888,95.36662322908549
2261,565.25,94.1100989337184,94.86720774465985,1.0243904092541545,92.81842692615155,96.91598856316816
2262,565.5,94.62299419371966,94.42544744539583,1.0243904092541545,92.37666662688753,96.47422826390414
2263,565.75,95.86248109340038,95.72508550365937,1.0243904092541545,93.67630468515107,97.77386632216768
2264,566.0,95.69926014023319,95.24730935004033,1.0243904092541545,93.19852853153202,97.29609016854863
2265,566.25,96.91105127905618,95.95594339649176,1.0243904092541545,93.90716257798346,98.00472421500007
2266,566.5,97.43041431339515,96.72737322182749,1.0243904092541545,94.67859240331919,98.7761540403358
2267,566.75,93.20834855797493,93.25190795093914,1.0243904092541545,91.20312713243084,95.30068876944745
2268,567.0,91.97957619634428,93.4979587351066,1.0243904092541545,91.44917791659829,95.5467395536149
2269,567.25,91.53648820749005,91.80450657417313,1.0243904092541545,89.75572575566483,93.85328739268144
2270,567.5,92.13654172309907,91.69045768614716,1.0243904092541545,89.64167686763885,93.73923850465546
2271,567.75,87.73371970923154,88.7850521412294,1.0243904092541545,86.7362713227211,90.8338329597377
2272,568.0,89.11019715141335,88.18362755937602,1.0243904092541545,86.13484674086772,90.23240837788433
2273,568.25,66.25845797114097,65.55614546890017,1.0243904092541545,63.507364650391864,67.60492628740847
2274,568.5,63.85290009704279,63.571851699467594,1.0243904092541545,61.52307088095928,65.6206325179759
2275,568.75,57.988721249326375,60.93922592635461,1.0243904092541545,58.890445107846304,62.988006744862915
2276,569.0,53.57115250332469,55.07148133517403,1.0243904092541545,53.02270051666572,57.12026215368233
2277,569.25,54.66571722563879,53.12058420675016,1.0243904092541545,51.07180338824185,55.16936502525847
2278,569.5,51.50736134460092,52.093909087234934,1.0243904092541545,50.04512826872663,54.14268990574324
2279,569.75,43.99633260789736,45.65419459159809,1.0243904092541545,43.60541377308978,47.702975410106404
2280,570.0,46.83598723014131,45.524421075695784,1.0243904092541545,43.47564025718748,47.57320189420409
2281,570.25,43.77478464066334,43.885700258700766,1.0243904092541545,41.83691944019246,45.93448107720907
2282,570.5,44.436613753872045,43.540732464478644,1.0243904092541545,41.49195164597033,45.58951328298696
2283,570.75,40.676742973736516,40.35661704440242,1.0243904092541545,38.30783622589411,42.40539786291073
2284,571.0,37.38433008660285,36.95759601943111,1.0243904092541545,34.9088152009228,39.00637683793941
2285,571.25,38.91916520744182,38.637028297398885,1.0243904092541545,36.58824747889058,40.68580911590719
2286,571.5,39.39428083440153,38.62401846151377,1.0243904092541545,36.575237643005465,40.672799280022076
2287,571.75,43.36127493207562,41.26653601013993,1.0243904092541545,39.217755191631625,43.315316828648236
2288,572.0,39.47449207555858,38.534075478168106,1.0243904092541545,36.4852946596598,40.58285629667641
2289,572.25,37.14044235084884,38.57922860878043,1.0243904092541545,36.53044779027212,40.628009427288745
2290,572.5,40.11026059027598,39.70429817250676,1.0243904092541545,37.65551735399845,41.75307899101507
2291,572.75,40.244798609336385,39.17799701485296,1.0243904092541545,37.12921619634466,41.22677783336127
2292,573.0,40.28499337750176,39.21755590988781,1.0243904092541545,37.1687750913795,41.26633672839611
2293,573.25,37.51517437739702,37.86102560816554,1.0243904092541545,35.81224478965723,39.90980642667385
2294,573.5,40.67572744593755,39.299714472560645,1.0243904092541545,37.25093365405233,41.34849529106896
2295,573.75,39.95575871735148,39.34405906179869,1.0243904092541545,37.29527824329038,41.392839880306994
2296,574.0,43.85557544291356,41.53347847334979,1.0243904092541545,39.48469765484148,43.582259291858094
2297,574.25,39.94710165183226,40.437509064111445,1.0243904092541545,38.38872824560313,42.48628988261976
2298,574.5,39.38555840799399,40.006618596403015,1.0243904092541545,37.95783777789471,42.05539941491132
2299,574.75,40.61862520442477,40.82950948497308,1.0243904092541545,38.78072866646477,42.87829030348139
2300,575.0,39.18892826416645,39.59084491122708,1.0243904092541545,37.542064092718775,41.639625729735386
2301,575.25,35.40095890202308,36.199967986588135,1.0243904092541545,34.15118716807983,38.24874880509644
2302,575.5,32.21674509661261,34.79009906228775,1.0243904092541545,32.741318243779446,36.83887988079606
2303,575.75,35.43761427958457,35.98681288304859,1.0243904092539327,33.93803206454073,38.03559370155646
2304,576.0,35.56502499526877,35.13468836251521,1.0243904092539327,33.08590754400735,37.18346918102308
2305,576.25,35.20248866101252,35.68958337550273,1.0243904092541545,33.640802556994416,37.73836419401104
2306,576.5,36.96327003972839,35.023045860213614,1.0243904092541545,32.97426504170531,37.07182667872192
2307,576.75,34.31264399428771,34.62640248097045,1.0243904092541545,32.577621662462136,36.67518329947876
2308,577.0,36.26842267557787,34.95070530536225,1.0243904092541545,32.90192448685394,36.999486123870554
2309,577.25,34.610538129630854,34.23044815251619,1.0243904092541545,32.181667334007884,36.279228971024494
2310,577.5,36.67166922081305,35.760662707442506,1.0243904092541545,33.7118818889342,37.80944352595081
2311,577.75,37.92239725832386,37.70793615635533,1.0243904092541545,35.659155337847025,39.756716974863636
2312,578.0,36.63643671925563,35.08991210253183,1.0243904092541545,33.04113128402352,37.13869292104013
2313,578.25,35.22599462047053,35.326242041856865,1.0243904092541545,33.27746122334855,37.37502286036518
2314,578.5,37.22256453460056,36.575653971679294,1.0243904092541545,34.52687315317098,38.62443479018761
2315,578.75,36.97853858295588,36.430920108720926,1.0243904092541545,34.38213929021262,38.47970092722923
2316,579.0,36.045330415425305,36.39338066672527,1.0243904092541545,34.34459984821696,38.442161485233584
2317,579.25,35.40348076306269,34.881621128552524,1.0243904092541545,32.83284031004422,36.93040194706083
2318,579.5,38.486330606487726,36.625890307794094,1.0243904092541545,34.57710948928579,38.6746711263024
2319,579.75,36.99208977075145,37.284515665799915,1.0243904092541545,35.23573484729161,39.33329648430822
2320,580.0,34.98371907299469,34.58731358213681,1.0243904092541545,32.538532763628496,36.63609440064512
2321,580.25,37.03658836533443,35.52936003295995,1.0243904092541545,33.48057921445164,37.57814085146826
2322,580.5,35.00572712596267,33.65373193401458,1.0243904092541545,31.60495111550627,35.70251275252289
2323,580.75,34.71002030768282,34.4478928790933,1.0243904092541545,32.399112060585,36.49667369760161
2324,581.0,31.581944824323216,33.84461360834424,1.0243904092541545,31.79583278983593,35.89339442685255
2325,581.25,35.26464470994462,34.83605309149823,1.0243904092541545,32.787272272989924,36.884833910006535
2326,581.5,33.594296334556056,35.77562242653288,1.0243904092541545,33.72684160802457,37.82440324504118
2327,581.75,41.78655627159931,40.003398607993816,1.0243904092541545,37.95461778948551,42.05217942650212
2328,582.0,42.76785834250919,42.3481555303817,1.0243904092541545,40.2993747118734,44.39693634889001
2329,582.25,45.56636162176141,44.59976162682251,1.0243904092541545,42.55098080831421,46.64854244533082
2330,582.5,42.9663000672954,43.750364864318676,1.0243904092541545,41.701584045810364,45.79914568282699
2331,582.75,47.38196477252231,48.71544761016373,1.0243904092541545,46.666666791655416,50.76422842867204
2332,583.0,52.26305144384654,51.981885906251954,1.0243904092541545,49.93310508774364,54.030666724760266
2333,583.25,54.5921555675244,54.77050637755805,1.0243904092541545,52.721725559049744,56.819287196066355
2334,583.5,54.33625929244198,54.95029692710837,1.0243904092541545,52.90151610860006,56.999077745616674
2335,583.75,58.72364634384334,58.66728454498302,1.0243904092541545,56.618503726474714,60.716065363491325
2336,584.0,63.13771380297905,60.4807470852908,1.0243904092541545,58.431966266782496,62.52952790379911
2337,584.25,83.95913694321587,82.77648980217053,1.0243904092541545,80.72770898366223,84.82527062067884
2338,584.5,86.636138233264,85.63802716423666,1.0243904092541545,83.58924634572836,87.68680798274497
2339,584.75,83.89864708884394,83.26811095804224,1.0243904092541545,81.21933013953394,85.31689177655055
2340,585.0,85.56307569689298,84.35148284952561,1.0243904092541545,82.3027020310173,86.40026366803392
2341,585.25,85.14122115917473,85.18311467677763,1.0243904092541545,83.13433385826933,87.23189549528594
2342,585.5,81.36882867048874,83.04149846179067,1.0243904092541545,80.99271764328236,85.09027928029897
2343,585.75,83.97669750941454,84.19769150049898,1.0243904092541545,82.14891068199067,86.24647231900728
2344,586.0,85.44840704800944,84.60799815994876,1.0243904092541545,82.55921734144046,86.65677897845707
2345,586.25,83.85609224987617,84.95902650089,1.0243904092541545,82.9102456823817,87.00780731939831
2346,586.5,83.26621409685593,83.55910878374372,1.0243904092541545,81.51032796523542,85.60788960225203
2347,586.75,84.93958073273183,85.85918566377211,1.0243904092541545,83.8104048452638,87.90796648228041
2348,587.0,89.40854695807822,87.85652986223805,1.0243904092541545,85.80774904372974,89.90531068074635
2349,587.25,85.43520535310724,84.68708216243297,1.0243904092541545,82.63830134392467,86.73586298094128
2350,587.5,89.34357390103597,88.81111991347171,1.0243904092541545,86.76233909496341,90.85990073198002
2351,587.75,89.20520650576707,88.46664008936602,1.0243904092541545,86.41785927085772,90.51542090787433
2352,588.0,88.48977516881389,88.26988409679021,1.0243904092541545,86.2211032782819,90.31866491529851
2353,588.25,93.27616784077352,92.94114130589824,1.0243904092541545,90.89236048738994,94.98992212440655
2354,588.5,91.26074571985579,92.12479954578662,1.0243904092541545,90.07601872727831,94.17358036429492
2355,588.75,88.62660005821935,90.87220943608075,1.0243904092541545,88.82342861757245,92.92099025458906
2356,589.0,93.5846076675974,93.31784241057719,1.0243904092541545,91.26906159206888,95.36662322908549
2357,589.25,95.21886843714654,94.86720774465985,1.0243904092541545,92.81842692615155,96.91598856316816
2358,589.5,95.69405363279176,94.42544744539583,1.0243904092541545,92.37666662688753,96.47422826390414
2359,589.75,97.62879679560253,95.72508550365937,1.0243904092541545,93.67630468515107,97.77386632216768
2360,590.0,96.79164789547536,95.24730935004033,1.0243904092541545,93.19852853153202,97.29609016854863
2361,590.25,95.1236611300926,95.95594339649176,1.0243904092541545,93.90716257798346,98.00472421500007
2362,590.5,96.4696975420157,96.72737322182749,1.0243904092541545,94.67859240331919,98.7761540403358
2363,590.75,93.90295779641077,93.25190795093914,1.0243904092541545,91.20312713243084,95.30068876944745
2364,591.0,96.35781788520694,93.49795873510658,1.0243904092541545,91.44917791659827,95.54673955361488
2365,591.25,93.4720686600588,91.80450657417313,1.0243904092541545,89.75572575566483,93.85328739268144
2366,591.5,92.83957073695849,91.69045768614717,1.0243904092541545,89.64167686763886,93.73923850465548
2367,591.75,88.43637900623273,88.7850521412294,1.0243904092541545,86.7362713227211,90.8338329597377
2368,592.0,87.59572279013665,88.18362755937602,1.0243904092541545,86.13484674086772,90.23240837788433
2369,592.25,66.1389725572569,65.55614546890016,1.0243904092541545,63.50736465039185,67.60492628740846
2370,592.5,62.62537185651259,63.571851699467594,1.0243904092541545,61.52307088095928,65.6206325179759
2371,592.75,60.81406476465847,60.93922592635461,1.0243904092541545,58.890445107846304,62.988006744862915
2372,593.0,54.73446291703457,55.071481335174035,1.0243904092541545,53.02270051666572,57.12026215368235
2373,593.25,54.37244015620551,53.12058420675016,1.0243904092541545,51.07180338824185,55.16936502525847
2374,593.5,51.69920183466962,52.093909087234934,1.0243904092541545,50.04512826872663,54.14268990574324
2375,593.75,43.541226192453735,45.6541945915981,1.0243904092541545,43.60541377308979,47.702975410106404
2376,594.0,46.10518448949351,45.524421075695784,1.0243904092541545,43.47564025718748,47.57320189420409
2377,594.25,43.06240719601574,43.885700258700766,1.0243904092541545,41.83691944019246,45.93448107720907
2378,594.5,43.37430428935207,43.540732464478644,1.0243904092541545,41.49195164597033,45.58951328298696
2379,594.75,40.31307959767503,40.35661704440243,1.0243904092541545,38.30783622589412,42.40539786291073
2380,595.0,36.652066954572916,36.95759601943111,1.0243904092541545,34.9088152009228,39.00637683793941
2381,595.25,39.34649654151201,38.637028297398885,1.0243904092541545,36.58824747889058,40.68580911590719
2382,595.5,37.163927644127824,38.62401846151377,1.0243904092541545,36.575237643005465,40.672799280022076
2383,595.75,40.56683025856516,41.26653601013993,1.0243904092541545,39.217755191631625,43.315316828648236
2384,596.0,39.18752365271677,38.534075478168106,1.0243904092541545,36.4852946596598,40.58285629667641
2385,596.25,38.10669689335001,38.57922860878043,1.0243904092541545,36.53044779027212,40.628009427288745
2386,596.5,38.0547923657271,39.70429817250676,1.0243904092541545,37.65551735399845,41.75307899101507
2387,596.75,39.771873184489905,39.17799701485296,1.0243904092541545,37.12921619634466,41.22677783336127
2388,597.0,40.20538720140716,39.21755590988781,1.0243904092541545,37.1687750913795,41.26633672839611
2389,597.25,37.89678415281311,37.86102560816555,1.0243904092541545,35.81224478965724,39.90980642667385
2390,597.5,37.54993740227989,39.299714472560645,1.0243904092541545,37.25093365405233,41.34849529106896
2391,597.75,39.73398606449909,39.34405906179869,1.0243904092541545,37.29527824329038,41.392839880306994
2392,598.0,39.623170124524144,41.53347847334979,1.0243904092541545,39.48469765484148,43.582259291858094
2393,598.25,41.00590266492894,40.43750906411144,1.0243904092541545,38.38872824560313,42.486289882619744
2394,598.5,39.005495159652256,40.006618596403015,1.0243904092541545,37.95783777789471,42.05539941491132
2395,598.75,39.76490496711776,40.82950948497308,1.0243904092541545,38.78072866646477,42.87829030348139
2396,599.0,39.23724039712553,39.59084491122707,1.0243904092541545,37.54206409271876,41.639625729735386
2397,599.25,36.107682095359415,36.199967986588135,1.0243904092541545,34.15118716807983,38.24874880509644
2398,599.5,34.335212351899905,34.79009906228775,1.0243904092541545,32.741318243779446,36.83887988079606
2399,599.75,36.46101703152286,35.98681288304859,1.0243904092539327,33.93803206454073,38.03559370155646
2400,600.0,34.74959755711003,35.134688362515206,1.0243904092539327,33.08590754400734,37.18346918102307
2401,600.25,36.67590137819025,35.689583375502735,1.0243904092541545,33.64080255699443,37.73836419401104
2402,600.5,35.30906202184276,35.023045860213614,1.0243904092541545,32.97426504170531,37.07182667872192
2403,600.75,33.60171097497554,34.62640248097045,1.0243904092541545,32.577621662462136,36.67518329947876
2404,601.0,34.11145373656145,34.95070530536225,1.0243904092541545,32.90192448685394,36.999486123870554
2405,601.25,32.701621417853445,34.230448152516196,1.0243904092541545,32.181667334007884,36.27922897102451
2406,601.5,36.135995088786615,35.76066270744251,1.0243904092541545,33.7118818889342,37.809443525950826
2407,601.75,37.28856815713895,37.70793615635534,1.0243904092541545,35.659155337847025,39.75671697486365
2408,602.0,32.89545655928855,35.08991210253183,1.0243904092541545,33.04113128402352,37.13869292104013
2409,602.25,34.634340397568735,35.32624204185687,1.0243904092541545,33.27746122334857,37.37502286036518
2410,602.5,35.82540979725682,36.575653971679294,1.0243904092541545,34.52687315317098,38.62443479018761
2411,602.75,38.1878832414765,36.430920108720926,1.0243904092541545,34.38213929021262,38.47970092722923
2412,603.0,34.630837261659316,36.39338066672527,1.0243904092541545,34.34459984821696,38.442161485233584
2413,603.25,33.55714764440396,34.881621128552524,1.0243904092541545,32.83284031004422,36.93040194706083
2414,603.5,37.361914003395746,36.625890307794094,1.0243904092541545,34.57710948928579,38.6746711263024
2415,603.75,38.61924987031086,37.284515665799915,1.0243904092541545,35.23573484729161,39.33329648430822
2416,604.0,33.8192712414158,34.58731358213681,1.0243904092541545,32.538532763628496,36.63609440064512
2417,604.25,35.14672359165608,35.52936003295995,1.0243904092541545,33.48057921445164,37.57814085146826
2418,604.5,34.48170924157171,33.65373193401458,1.0243904092541545,31.60495111550627,35.70251275252289
2419,604.75,32.37120409301814,34.4478928790933,1.0243904092541545,32.399112060585,36.49667369760161
2420,605.0,32.10413984277502,33.84461360834423,1.0243904092541545,31.795832789835924,35.89339442685254
2421,605.25,34.46720849044544,34.83605309149823,1.0243904092541545,32.787272272989924,36.884833910006535
2422,605.5,37.363661159308236,35.77562242653288,1.0243904092541545,33.72684160802457,37.82440324504118
2423,605.75,39.88088895249133,40.00339860799381,1.0243904092541545,37.954617789485496,42.05217942650212
2424,606.0,42.69932126305108,42.3481555303817,1.0243904092541545,40.2993747118734,44.39693634889001
2425,606.25,45.70047687445343,44.59976162682252,1.0243904092541545,42.55098080831421,46.64854244533083
2426,606.5,45.97529593875459,43.75036486431868,1.0243904092541545,41.70158404581038,45.79914568282699
2427,606.75,48.35762377267405,48.71544761016373,1.0243904092541545,46.666666791655416,50.76422842867204
2428,607.0,51.98546033597195,51.981885906251954,1.0243904092541545,49.93310508774364,54.030666724760266
2429,607.25,56.44781422882338,54.77050637755805,1.0243904092541545,52.721725559049744,56.819287196066355
2430,607.5,53.30560084340772,54.95029692710836,1.0243904092541545,52.90151610860005,56.999077745616674
2431,607.75,59.6665661336644,58.66728454498302,1.0243904092541545,56.618503726474714,60.716065363491325
2432,608.0,59.35196237858553,60.4807470852908,1.0243904092541545,58.431966266782496,62.52952790379911
2433,608.25,83.22708376294997,82.77648980217052,1.0243904092541545,80.72770898366221,84.82527062067882
2434,608.5,85.34402058000042,85.63802716423666,1.0243904092541545,83.58924634572836,87.68680798274497
2435,608.75,82.09669859658936,83.26811095804224,1.0243904092541545,81.21933013953394,85.31689177655055
2436,609.0,83.10051162538252,84.35148284952561,1.0243904092541545,82.3027020310173,86.40026366803392
2437,609.25,85.60770719632923,85.18311467677763,1.0243904092541545,83.13433385826933,87.23189549528594
2438,609.5,84.41912930632671,83.04149846179067,1.0243904092541545,80.99271764328236,85.09027928029897
2439,609.75,84.03554743923205,84.19769150049898,1.0243904092541545,82.14891068199067,86.24647231900728
2440,610.0,84.70678449674617,84.60799815994876,1.0243904092541545,82.55921734144046,86.65677897845707
2441,610.25,85.39706671128229,84.95902650089,1.0243904092541545,82.9102456823817,87.00780731939831
2442,610.5,82.4709612743323,83.55910878374372,1.0243904092541545,81.51032796523542,85.60788960225203
2443,610.75,86.37104298414707,85.85918566377211,1.0243904092541545,83.8104048452638,87.90796648228041
2444,611.0,88.72586080329484,87.85652986223802,1.0243904092541545,85.80774904372971,89.90531068074633
2445,611.25,87.28937463645109,84.68708216243297,1.0243904092541545,82.63830134392467,86.73586298094128
2446,611.5,88.31592908983242,88.81111991347171,1.0243904092541545,86.76233909496341,90.85990073198002
2447,611.75,88.12552339097796,88.46664008936602,1.0243904092541545,86.41785927085772,90.51542090787433
2448,612.0,89.29599029293976,88.26988409679022,1.0243904092541545,86.22110327828192,90.31866491529853
2449,612.25,93.89771572715816,92.94114130589824,1.0243904092541545,90.89236048738994,94.98992212440655
2450,612.5,91.9108431470114,92.12479954578662,1.0243904092541545,90.07601872727831,94.17358036429492
2451,612.75,90.40987936003987,90.87220943608075,1.0243904092541545,88.82342861757245,92.92099025458906
2452,613.0,93.9756573754704,93.31784241057719,1.0243904092541545,91.26906159206888,95.36662322908549
2453,613.25,94.06729394013973,94.86720774465985,1.0243904092541545,92.81842692615155,96.91598856316816
2454,613.5,94.07425507635136,94.42544744539582,1.0243904092541545,92.37666662688751,96.47422826390412
2455,613.75,96.14705374688859,95.72508550365936,1.0243904092541545,93.67630468515105,97.77386632216766
2456,614.0,96.21758809529868,95.24730935004033,1.0243904092541545,93.19852853153202,97.29609016854863
2457,614.25,95.51708610720694,95.95594339649176,1.0243904092541545,93.90716257798346,98.00472421500007
2458,614.5,94.9795781149348,96.72737322182748,1.0243904092541545,94.67859240331917,98.77615404033578
2459,614.75,91.50602603301118,93.25190795093914,1.0243904092541545,91.20312713243084,95.30068876944745
2460,615.0,92.56650014075863,93.49795873510658,1.0243904092541545,91.44917791659827,95.54673955361488
2461,615.25,90.67880173814494,91.80450657417313,1.0243904092541545,89.75572575566483,93.85328739268144
2462,615.5,91.5655628163402,91.69045768614717,1.0243904092541545,89.64167686763886,93.73923850465548
2463,615.75,87.6352868081844,88.7850521412294,1.0243904092541545,86.7362713227211,90.8338329597377
2464,616.0,87.77616746147056,88.18362755937602,1.0243904092541545,86.13484674086772,90.23240837788433
2465,616.25,64.5759787888916,65.55614546890016,1.0243904092541545,63.50736465039185,67.60492628740846
2466,616.5,63.285525259898954,63.571851699467594,1.0243904092541545,61.52307088095928,65.6206325179759
2467,616.75,62.37500544716189,60.93922592635461,1.0243904092541545,58.890445107846304,62.988006744862915
2468,617.0,55.511188455467014,55.07148133517403,1.0243904092541545,53.02270051666572,57.12026215368233
2469,617.25,52.79565748235871,53.12058420675016,1.0243904092541545,51.07180338824185,55.16936502525847
2470,617.5,51.59287285704846,52.093909087234934,1.0243904092541545,50.04512826872663,54.14268990574324
2471,617.75,45.547243174403334,45.65419459159809,1.0243904092541545,43.60541377308978,47.702975410106404
2472,618.0,45.92848631178299,45.524421075695784,1.0243904092541545,43.47564025718748,47.57320189420409
2473,618.25,44.34559812247196,43.885700258700766,1.0243904092541545,41.83691944019246,45.93448107720907
2474,618.5,42.42405575881372,43.540732464478644,1.0243904092541545,41.49195164597033,45.58951328298696
2475,618.75,40.43626505413138,40.35661704440242,1.0243904092541545,38.30783622589411,42.40539786291073
2476,619.0,34.89415138172766,36.95759601943111,1.0243904092541545,34.9088152009228,39.00637683793941
2477,619.25,38.767869743897904,38.637028297398885,1.0243904092541545,36.58824747889058,40.68580911590719
2478,619.5,39.45894176443922,38.62401846151377,1.0243904092541545,36.575237643005465,40.672799280022076
2479,619.75,40.803775856638644,41.26653601013993,1.0243904092541545,39.217755191631625,43.315316828648236
2480,620.0,40.320012735739496,38.534075478168106,1.0243904092541545,36.4852946596598,40.58285629667641
2481,620.25,37.83954322125833,38.57922860878043,1.0243904092541545,36.53044779027212,40.628009427288745
2482,620.5,39.88103949030033,39.70429817250676,1.0243904092541545,37.65551735399845,41.75307899101507
2483,620.75,39.06749309456722,39.17799701485296,1.0243904092541545,37.12921619634466,41.22677783336127
2484,621.0,38.981994903522214,39.21755590988781,1.0243904092541545,37.1687750913795,41.26633672839611
2485,621.25,37.82745719245137,37.86102560816554,1.0243904092541545,35.81224478965723,39.90980642667385
2486,621.5,39.61788803075889,39.29971447256064,1.0243904092541545,37.25093365405233,41.34849529106894
2487,621.75,39.87597506126397,39.34405906179869,1.0243904092541545,37.29527824329038,41.392839880306994
2488,622.0,42.66079424221857,41.53347847334979,1.0243904092541545,39.48469765484148,43.582259291858094
2489,622.25,40.69485314357662,40.437509064111445,1.0243904092541545,38.38872824560313,42.48628988261976
2490,622.5,40.70827505656605,40.006618596403015,1.0243904092541545,37.95783777789471,42.05539941491132
2491,622.75,40.22297730661794,40.82950948497308,1.0243904092541545,38.78072866646477,42.87829030348139
2492,623.0,40.445105866931456,39.59084491122708,1.0243904092541545,37.542064092718775,41.639625729735386
2493,623.25,35.528988127959686,36.199967986588135,1.0243904092541545,34.15118716807983,38.24874880509644
2494,623.5,36.070080538374484,34.790099062287744,1.0243904092541545,32.74131824377943,36.83887988079606
2495,623.75,38.08295463070095,35.98681288304859,1.0243904092539327,33.93803206454073,38.03559370155646
2496,624.0,35.073583047597474,35.13468836251521,1.0243904092539327,33.08590754400735,37.18346918102308
2497,624.25,33.503167015711014,35.689583375502735,1.0243904092541545,33.64080255699443,37.73836419401104
2498,624.5,34.47981592295446,35.023045860213614,1.0243904092541545,32.97426504170531,37.07182667872192
2499,624.75,35.53114331586115,34.62640248097045,1.0243904092541545,32.577621662462136,36.67518329947876
2500,625.0,35.53047040741898,34.950705305362256,1.0243904092541545,32.90192448685394,36.99948612387057
2501,625.25,34.598031315575916,34.23044815251619,1.0243904092541545,32.181667334007884,36.279228971024494
2502,625.5,36.853930266874634,35.760662707442506,1.0243904092541545,33.7118818889342,37.80944352595081
2503,625.75,38.12760914363872,37.70793615635533,1.0243904092541545,35.659155337847025,39.756716974863636
2504,626.0,36.4853772748032,35.08991210253183,1.0243904092541545,33.04113128402352,37.13869292104013
2505,626.25,36.08947894698512,35.32624204185687,1.0243904092541545,33.27746122334857,37.37502286036518
2506,626.5,38.24814427924873,36.575653971679294,1.0243904092541545,34.52687315317098,38.62443479018761
2507,626.75,36.97100173321209,36.430920108720926,1.0243904092541545,34.38213929021262,38.47970092722923
2508,627.0,37.23887527504658,36.39338066672527,1.0243904092541545,34.34459984821696,38.442161485233584
2509,627.25,34.69137137105223,34.881621128552524,1.0243904092541545,32.83284031004422,36.93040194706083
2510,627.5,35.65048354873104,36.625890307794094,1.0243904092541545,34.57710948928579,38.6746711263024
2511,627.75,38.96925435326587,37.284515665799915,1.0243904092541545,35.23573484729161,39.33329648430822
2512,628.0,34.78045885646413,34.58731358213681,1.0243904092541545,32.538532763628496,36.63609440064512
2513,628.25,36.583689980327364,35.52936003295995,1.0243904092541545,33.48057921445164,37.57814085146826
2514,628.5,33.98921385942978,33.65373193401457,1.0243904092541545,31.604951115506264,35.70251275252288
2515,628.75,34.11178823904349,34.4478928790933,1.0243904092541545,32.399112060585,36.49667369760161
2516,629.0,33.97631641986298,33.84461360834424,1.0243904092541545,31.79583278983593,35.89339442685255
2517,629.25,36.18393590906386,34.83605309149823,1.0243904092541545,32.787272272989924,36.884833910006535
2518,629.5,36.36901066745853,35.77562242653288,1.0243904092541545,33.72684160802457,37.82440324504118
2519,629.75,38.605145880927616,40.00339860799381,1.0243904092541545,37.954617789485496,42.05217942650212
2520,630.0,42.38314001473978,42.3481555303817,1.0243904092541545,40.2993747118734,44.39693634889001
2521,630.25,46.348981394594134,44.59976162682252,1.0243904092541545,42.55098080831421,46.64854244533083
2522,630.5,43.65461434362649,43.75036486431868,1.0243904092541545,41.70158404581038,45.79914568282699
2523,630.75,47.133993554088185,48.71544761016373,1.0243904092541545,46.666666791655416,50.76422842867204
2524,631.0,53.89534594512792,51.981885906251954,1.0243904092541545,49.93310508774364,54.030666724760266
2525,631.25,55.30815151729333,54.77050637755805,1.0243904092541545,52.721725559049744,56.819287196066355
2526,631.5,54.75778725978634,54.95029692710837,1.0243904092541545,52.90151610860006,56.999077745616674
2527,631.75,58.267567327028516,58.66728454498302,1.0243904092541545,56.618503726474714,60.716065363491325
2528,632.0,61.452629840738524,60.4807470852908,1.0243904092541545,58.431966266782496,62.52952790379911
2529,632.25,82.58262799562063,82.77648980217052,1.0243904092541545,80.72770898366221,84.82527062067882
2530,632.5,86.73489605191668,85.63802716423666,1.0243904092541545,83.58924634572836,87.68680798274497
2531,632.75,83.59690548301485,83.26811095804224,1.0243904092541545,81.21933013953394,85.31689177655055
2532,633.0,84.32829547852815,84.35148284952561,1.0243904092541545,82.3027020310173,86.40026366803392
2533,633.25,85.47680763741107,85.18311467677763,1.0243904092541545,83.13433385826933,87.23189549528594
2534,633.5,83.24862194144985,83.04149846179067,1.0243904092541545,80.99271764328236,85.09027928029897
2535,633.75,85.21092376262982,84.19769150049898,1.0243904092541545,82.14891068199067,86.24647231900728
2536,634.0,83.77132850591111,84.60799815994876,1.0243904092541545,82.55921734144046,86.65677897845707
2537,634.25,83.20396751816104,84.95902650089,1.0243904092541545,82.9102456823817,87.00780731939831
2538,634.5,84.05702017023773,83.55910878374374,1.0243904092541545,81.51032796523543,85.60788960225204
2539,634.75,86.26258880380128,85.85918566377211,1.0243904092541545,83.8104048452638,87.90796648228041
2540,635.0,88.38675885874686,87.85652986223805,1.0243904092541545,85.80774904372974,89.90531068074635
2541,635.25,85.09347670731871,84.68708216243297,1.0243904092541545,82.63830134392467,86.73586298094128
2542,635.5,88.37149290205446,88.81111991347171,1.0243904092541545,86.76233909496341,90.85990073198002
2543,635.75,89.37108789703161,88.46664008936602,1.0243904092541545,86.41785927085772,90.51542090787433
2544,636.0,88.48146629461148,88.26988409679021,1.0243904092541545,86.2211032782819,90.31866491529851
2545,636.25,92.59149799743085,92.94114130589824,1.0243904092541545,90.89236048738994,94.98992212440655
2546,636.5,92.13403898813272,92.12479954578662,1.0243904092541545,90.07601872727831,94.17358036429492
2547,636.75,92.83368173574576,90.87220943608075,1.0243904092541545,88.82342861757245,92.92099025458906
2548,637.0,91.69955045520693,93.31784241057719,1.0243904092541545,91.26906159206888,95.36662322908549
2549,637.25,95.3946662851702,94.86720774465985,1.0243904092541545,92.81842692615155,96.91598856316816
2550,637.5,92.80567863674267,94.42544744539582,1.0243904092541545,92.37666662688751,96.47422826390412
2551,637.75,95.94922764119718,95.72508550365936,1.0243904092541545,93.67630468515105,97.77386632216766
2552,638.0,94.78802192532223,95.24730935004033,1.0243904092541545,93.19852853153202,97.29609016854863
2553,638.25,94.0366564267066,95.95594339649178,1.0243904092541545,93.90716257798347,98.00472421500008
2554,638.5,97.21100016739922,96.72737322182749,1.0243904092541545,94.67859240331919,98.7761540403358
2555,638.75,93.0425854383372,93.25190795093914,1.0243904092541545,91.20312713243084,95.30068876944745
2556,639.0,91.72670686490352,93.49795873510658,1.0243904092541545,91.44917791659827,95.54673955361488
2557,639.25,92.83153754711913,91.80450657417313,1.0243904092541545,89.75572575566483,93.85328739268144
2558,639.5,93.15517975294905,91.69045768614717,1.0243904092541545,89.64167686763886,93.73923850465548
2559,639.75,90.31429130407858,88.7850521412294,1.0243904092541545,86.7362713227211,90.8338329597377
2560,640.0,88.83787886194324,88.18362755937602,1.0243904092541545,86.13484674086772,90.23240837788433
2561,640.25,65.39612281245077,65.55614546890016,1.0243904092541545,63.50736465039185,67.60492628740846
2562,640.5,65.05418974164274,63.571851699467594,1.0243904092541545,61.52307088095928,65.6206325179759
2563,640.75,62.73488470097887,60.93922592635461,1.0243904092541545,58.890445107846304,62.988006744862915
2564,641.0,55.982809568912124,55.071481335174035,1.0243904092541545,53.02270051666572,57.12026215368235
2565,641.25,51.83799046485291,53.12058420675016,1.0243904092541545,51.07180338824185,55.16936502525847
2566,641.5,52.25524399084422,52.093909087234934,1.0243904092541545,50.04512826872663,54.14268990574324
2567,641.75,46.419991975317785,45.65419459159809,1.0243904092541545,43.60541377308978,47.702975410106404
2568,642.0,43.79112287291382,45.524421075695784,1.0243904092541545,43.47564025718748,47.57320189420409
2569,642.25,44.230789708740446,43.885700258700766,1.0243904092541545,41.83691944019246,45.93448107720907
2570,642.5,45.60466509089371,43.540732464478644,1.0243904092541545,41.49195164597033,45.58951328298696
2571,642.75,41.039720464317945,40.35661704440243,1.0243904092541545,38.30783622589412,42.40539786291073
2572,643.0,38.39918403183244,36.95759601943111,1.0243904092541545,34.9088152009228,39.00637683793941
2573,643.25,38.739070689856014,38.637028297398885,1.0243904092541545,36.58824747889058,40.68580911590719
2574,643.5,38.623574198496705,38.62401846151377,1.0243904092541545,36.575237643005465,40.672799280022076
2575,643.75,41.465115873600496,41.26653601013993,1.0243904092541545,39.217755191631625,43.315316828648236
2576,644.0,37.68765909161496,38.53407547816811,1.0243904092541545,36.4852946596598,40.582856296676425
2577,644.25,37.75700648145999,38.57922860878043,1.0243904092541545,36.53044779027212,40.628009427288745
2578,644.5,40.929903632166436,39.70429817250676,1.0243904092541545,37.65551735399845,41.75307899101507
2579,644.75,40.47566018409969,39.17799701485296,1.0243904092541545,37.12921619634466,41.22677783336127
2580,645.0,38.09118625537827,39.21755590988781,1.0243904092541545,37.1687750913795,41.26633672839611
2581,645.25,38.90977816500998,37.86102560816554,1.0243904092541545,35.81224478965723,39.90980642667385
2582,645.5,39.4238230251434,39.299714472560645,1.0243904092541545,37.25093365405233,41.34849529106896
2583,645.75,39.367824892290706,39.34405906179869,1.0243904092541545,37.29527824329038,41.392839880306994
2584,646.0,41.74327664537889,41.53347847334979,1.0243904092541545,39.48469765484148,43.582259291858094
2585,646.25,41.691453856205094,40.43750906411144,1.0243904092541545,38.38872824560313,42.486289882619744
2586,646.5,39.975677186257606,40.006618596403015,1.0243904092541545,37.95783777789471,42.05539941491132
2587,646.75,42.334906248186655,40.82950948497308,1.0243904092541545,38.78072866646477,42.87829030348139
2588,647.0,39.98856325396515,39.59084491122708,1.0243904092541545,37.542064092718775,41.639625729735386
2589,647.25,36.91516392425621,36.199967986588135,1.0243904092541545,34.15118716807983,38.24874880509644
2590,647.5,34.146158010749105,34.79009906228775,1.0243904092541545,32.741318243779446,36.83887988079606
2591,647.75,38.03097276401254,35.98681288304859,1.0243904092539327,33.93803206454073,38.03559370155646
2592,648.0,35.665491858773834,35.13468836251521,1.0243904092539327,33.08590754400735,37.18346918102308
2593,648.25,36.408707931863525,35.68958337550273,1.0243904092541545,33.640802556994416,37.73836419401104
2594,648.5,33.41970304498774,35.023045860213614,1.0243904092541545,32.97426504170531,37.07182667872192
2595,648.75,33.476566158492744,34.62640248097045,1.0243904092541545,32.577621662462136,36.67518329947876
2596,649.0,36.215277308312466,34.950705305362256,1.0243904092541545,32.90192448685394,36.99948612387057
2597,649.25,34.636008835193486,34.230448152516196,1.0243904092541545,32.181667334007884,36.27922897102451
2598,649.5,33.93148217609087,35.760662707442506,1.0243904092541545,33.7118818889342,37.80944352595081
2599,649.75,38.681445633374125,37.70793615635534,1.0243904092541545,35.659155337847025,39.75671697486365
2600,650.0,34.72386928299934,35.08991210253183,1.0243904092541545,33.04113128402352,37.13869292104013
2601,650.25,36.58137225621484,35.32624204185687,1.0243904092541545,33.27746122334857,37.37502286036518
2602,650.5,36.638608147908066,36.575653971679294,1.0243904092541545,34.52687315317098,38.62443479018761
2603,650.75,36.816912335326364,36.430920108720926,1.0243904092541545,34.38213929021262,38.47970092722923
2604,651.0,37.512570452144274,36.39338066672527,1.0243904092541545,34.34459984821696,38.442161485233584
2605,651.25,34.10100547328335,34.881621128552524,1.0243904092541545,32.83284031004422,36.93040194706083
2606,651.5,35.259097552456105,36.625890307794094,1.0243904092541545,34.57710948928579,38.6746711263024
2607,651.75,37.065988292448786,37.284515665799915,1.0243904092541545,35.23573484729161,39.33329648430822
2608,652.0,35.39142697976266,34.58731358213681,1.0243904092541545,32.538532763628496,36.63609440064512
2609,652.25,34.4479321618515,35.52936003295996,1.0243904092541545,33.48057921445165,37.57814085146826
2610,652.5,32.197439245129296,33.65373193401457,1.0243904092541545,31.604951115506264,35.70251275252288
2611,652.75,35.52202481700725,34.44789287909331,1.0243904092541545,32.399112060585,36.49667369760162
2612,653.0,33.362355214713574,33.84461360834424,1.0243904092541545,31.79583278983593,35.89339442685255
2613,653.25,34.35571587837587,34.83605309149823,1.0243904092541545,32.787272272989924,36.884833910006535
2614,653.5,33.95696019123894,35.77562242653288,1.0243904092541545,33.72684160802457,37.82440324504118
2615,653.75,39.63763972630609,40.00339860799381,1.0243904092541545,37.954617789485496,42.05217942650212
2616,654.0,42.59081717468478,42.34815553038171,1.0243904092541545,40.2993747118734,44.39693634889002
2617,654.25,45.497065459512314,44.59976162682253,1.0243904092541545,42.55098080831422,46.64854244533083
2618,654.5,43.09718103924181,43.75036486431868,1.0243904092541545,41.70158404581038,45.79914568282699
2619,654.75,50.59184836605486,48.71544761016373,1.0243904092541545,46.666666791655416,50.76422842867204
2620,655.0,51.31774103552558,51.981885906251954,1.0243904092541545,49.93310508774364,54.030666724760266
2621,655.25,53.94266720589536,54.77050637755805,1.0243904092541545,52.721725559049744,56.819287196066355
2622,655.5,56.36515767049694,54.95029692710836,1.0243904092541545,52.90151610860005,56.999077745616674
2623,655.75,58.8504452154745,58.66728454498302,1.0243904092541545,56.618503726474714,60.716065363491325
2624,656.0,59.81825318193521,60.4807470852908,1.0243904092541545,58.431966266782496,62.52952790379911
2625,656.25,82.96947826466622,82.77648980217052,1.0243904092541545,80.72770898366221,84.82527062067882
2626,656.5,86.93971320494275,85.63802716423666,1.0243904092541545,83.58924634572836,87.68680798274497
2627,656.75,84.52091301691627,83.26811095804224,1.0243904092541545,81.21933013953394,85.31689177655055
2628,657.0,83.26682037377054,84.35148284952561,1.0243904092541545,82.3027020310173,86.40026366803392
2629,657.25,85.28885902199637,85.18311467677763,1.0243904092541545,83.13433385826933,87.23189549528594
2630,657.5,83.5137468058316,83.04149846179067,1.0243904092541545,80.99271764328236,85.09027928029897
2631,657.75,83.17904353190394,84.19769150049898,1.0243904092541545,82.14891068199067,86.24647231900728
2632,658.0,84.58098628536295,84.60799815994878,1.0243904092541545,82.55921734144047,86.65677897845708
2633,658.25,84.83121550544294,84.95902650089,1.0243904092541545,82.9102456823817,87.00780731939831
2634,658.5,84.582789526282,83.55910878374372,1.0243904092541545,81.51032796523542,85.60788960225203
2635,658.75,86.83877550404534,85.85918566377211,1.0243904092541545,83.8104048452638,87.90796648228041
2636,659.0,87.57730830787608,87.85652986223803,1.0243904092541545,85.80774904372973,89.90531068074634
2637,659.25,84.47179519383987,84.68708216243297,1.0243904092541545,82.63830134392467,86.73586298094128
2638,659.5,89.35632558244765,88.81111991347171,1.0243904092541545,86.76233909496341,90.85990073198002
2639,659.75,87.99841674371908,88.46664008936602,1.0243904092541545,86.41785927085772,90.51542090787433
2640,660.0,89.11566457310343,88.26988409679022,1.0243904092541545,86.22110327828192,90.31866491529853
2641,660.25,92.99070507087681,92.94114130589824,1.0243904092541545,90.89236048738994,94.98992212440655
2642,660.5,91.4765317226495,92.1247995457866,1.0243904092541545,90.0760187272783,94.1735803642949
2643,660.75,89.85620532409027,90.87220943608075,1.0243904092541545,88.82342861757245,92.92099025458906
2644,661.0,94.88158523328347,93.31784241057719,1.0243904092541545,91.26906159206888,95.36662322908549
2645,661.25,94.7384567017311,94.86720774465985,1.0243904092541545,92.81842692615155,96.91598856316816
2646,661.5,96.12514315826469,94.42544744539582,1.0243904092541545,92.37666662688751,96.47422826390412
2647,661.75,95.54382471880525,95.72508550365936,1.0243904092541545,93.67630468515105,97.77386632216766
2648,662.0,95.5128546116079,95.24730935004033,1.0243904092541545,93.19852853153202,97.29609016854863
2649,662.25,98.51436144640472,95.95594339649176,1.0243904092541545,93.90716257798346,98.00472421500007
2650,662.5,95.76457583230219,96.72737322182748,1.0243904092541545,94.67859240331917,98.77615404033578
2651,662.75,91.52480900062962,93.25190795093914,1.0243904092541545,91.20312713243084,95.30068876944745
2652,663.0,95.11250333875199,93.49795873510658,1.0243904092541545,91.44917791659827,95.54673955361488
2653,663.25,91.16516035095181,91.80450657417313,1.0243904092541545,89.75572575566483,93.85328739268144
2654,663.5,91.69946721085388,91.69045768614716,1.0243904092541545,89.64167686763885,93.73923850465546
2655,663.75,88.23824875133043,88.7850521412294,1.0243904092541545,86.7362713227211,90.8338329597377
2656,664.0,88.74708520224709,88.18362755937602,1.0243904092541545,86.13484674086772,90.23240837788433
2657,664.25,64.39952846668791,65.55614546890017,1.0243904092541545,63.507364650391864,67.60492628740847
2658,664.5,63.546093032863645,63.571851699467594,1.0243904092541545,61.52307088095928,65.6206325179759
2659,664.75,61.5023164421953,60.93922592635461,1.0243904092541545,58.890445107846304,62.988006744862915
2660,665.0,53.84093197976223,55.07148133517403,1.0243904092541545,53.02270051666572,57.12026215368233
2661,665.25,52.07944403743682,53.12058420675016,1.0243904092541545,51.07180338824185,55.16936502525847
2662,665.5,51.70651630403077,52.093909087234934,1.0243904092541545,50.04512826872663,54.14268990574324
2663,665.75,44.551660396800074,45.65419459159809,1.0243904092541545,43.60541377308978,47.702975410106404
2664,666.0,45.17817885903229,45.524421075695784,1.0243904092541545,43.47564025718748,47.57320189420409
2665,666.25,43.88022558902257,43.885700258700766,1.0243904092541545,41.83691944019246,45.93448107720907
2666,666.5,42.932124323325894,43.540732464478644,1.0243904092541545,41.49195164597033,45.58951328298696
2667,666.75,40.12840780558543,40.35661704440242,1.0243904092541545,38.30783622589411,42.40539786291073
2668,667.0,36.9058692794841,36.95759601943111,1.0243904092541545,34.9088152009228,39.00637683793941
2669,667.25,37.900412497294994,38.637028297398885,1.0243904092541545,36.58824747889058,40.68580911590719
2670,667.5,39.38785508834741,38.62401846151377,1.0243904092541545,36.575237643005465,40.672799280022076
2671,667.75,42.5198226083213,41.26653601013993,1.0243904092541545,39.217755191631625,43.315316828648236
2672,668.0,38.03910534740394,38.534075478168106,1.0243904092541545,36.4852946596598,40.58285629667641
2673,668.25,39.20597990017209,38.57922860878043,1.0243904092541545,36.53044779027212,40.628009427288745
2674,668.5,39.42398191956243,39.70429817250676,1.0243904092541545,37.65551735399845,41.75307899101507
2675,668.75,39.46880518627167,39.17799701485296,1.0243904092541545,37.12921619634466,41.22677783336127
2676,669.0,40.648072102168875,39.21755590988781,1.0243904092541545,37.1687750913795,41.26633672839611
2677,669.25,38.450438903474215,37.86102560816554,1.0243904092541545,35.81224478965723,39.90980642667385
2678,669.5,37.73736846193974,39.299714472560645,1.0243904092541545,37.25093365405233,41.34849529106896
2679,669.75,39.48201194924723,39.34405906179869,1.0243904092541545,37.29527824329038,41.392839880306994
2680,670.0,42.51592174925284,41.53347847334979,1.0243904092541545,39.48469765484148,43.582259291858094
2681,670.25,40.475507218082676,40.43750906411144,1.0243904092541545,38.38872824560313,42.486289882619744
2682,670.5,40.88859379051225,40.006618596403015,1.0243904092541545,37.95783777789471,42.05539941491132
2683,670.75,40.234628711732775,40.82950948497308,1.0243904092541545,38.78072866646477,42.87829030348139
2684,671.0,38.19361125468295,39.59084491122708,1.0243904092541545,37.542064092718775,41.639625729735386
2685,671.25,36.43214867061932,36.199967986588135,1.0243904092541545,34.15118716807983,38.24874880509644
2686,671.5,33.22294388154004,34.790099062287744,1.0243904092541545,32.74131824377943,36.83887988079606
2687,671.75,35.63254274041412,35.98681288304859,1.0243904092539327,33.93803206454073,38.03559370155646
2688,672.0,36.482509198214366,35.13468836251521,1.0243904092539327,33.08590754400735,37.18346918102308
2689,672.25,33.78594760077214,35.68958337550273,1.0243904092541545,33.640802556994416,37.73836419401104
2690,672.5,33.74839206028538,35.023045860213614,1.0243904092541545,32.97426504170531,37.07182667872192
2691,672.75,33.267235936410266,34.62640248097045,1.0243904092541545,32.577621662462136,36.67518329947876
2692,673.0,34.914073760682776,34.95070530536225,1.0243904092541545,32.90192448685394,36.999486123870554
2693,673.25,33.98340093125468,34.23044815251619,1.0243904092541545,32.181667334007884,36.279228971024494
2694,673.5,37.244398292615884,35.760662707442506,1.0243904092541545,33.7118818889342,37.80944352595081
2695,673.75,38.597504033482,37.70793615635534,1.0243904092541545,35.659155337847025,39.75671697486365
2696,674.0,35.76292503342066,35.08991210253183,1.0243904092541545,33.04113128402352,37.13869292104013
2697,674.25,35.315685584682015,35.326242041856865,1.0243904092541545,33.27746122334855,37.37502286036518
2698,674.5,37.119673603496594,36.575653971679294,1.0243904092541545,34.52687315317098,38.62443479018761
2699,674.75,35.75022329399246,36.430920108720926,1.0243904092541545,34.38213929021262,38.47970092722923
2700,675.0,37.190826227109234,36.39338066672527,1.0243904092541545,34.34459984821696,38.442161485233584
2701,675.25,33.88645418977882,34.881621128552524,1.0243904092541545,32.83284031004422,36.93040194706083
2702,675.5,37.08732135419228,36.625890307794094,1.0243904092541545,34.57710948928579,38.6746711263024
2703,675.75,38.44862921496573,37.284515665799915,1.0243904092541545,35.23573484729161,39.33329648430822
2704,676.0,34.77511878222953,34.58731358213681,1.0243904092541545,32.538532763628496,36.63609440064512
2705,676.25,35.60259635550301,35.52936003295995,1.0243904092541545,33.48057921445164,37.57814085146826
2706,676.5,34.265783753328066,33.65373193401458,1.0243904092541545,31.60495111550627,35.70251275252289
2707,676.75,31.836785519862783,34.4478928790933,1.0243904092541545,32.399112060585,36.49667369760161
2708,677.0,34.26759174576604,33.84461360834424,1.0243904092541545,31.79583278983593,35.89339442685255
2709,677.25,34.63458789345634,34.83605309149823,1.0243904092541545,32.787272272989924,36.884833910006535
2710,677.5,35.76314248012211,35.77562242653288,1.0243904092541545,33.72684160802457,37.82440324504118
2711,677.75,41.023151553555905,40.003398607993816,1.0243904092541545,37.95461778948551,42.05217942650212
2712,678.0,42.523615549751206,42.3481555303817,1.0243904092541545,40.2993747118734,44.39693634889001
2713,678.25,43.426480745238266,44.59976162682251,1.0243904092541545,42.55098080831421,46.64854244533082
2714,678.5,43.72700853465107,43.75036486431868,1.0243904092541545,41.70158404581038,45.79914568282699
2715,678.75,49.00202772990319,48.71544761016373,1.0243904092541545,46.666666791655416,50.76422842867204
2716,679.0,52.11723097128639,51.981885906251954,1.0243904092541545,49.93310508774364,54.030666724760266
2717,679.25,54.787678374765605,54.77050637755805,1.0243904092541545,52.721725559049744,56.819287196066355
2718,679.5,55.867169163517694,54.95029692710836,1.0243904092541545,52.90151610860005,56.999077745616674
2719,679.75,57.552950510076435,58.66728454498302,1.0243904092541545,56.618503726474714,60.716065363491325
2720,680.0,60.54597836711164,60.4807470852908,1.0243904092541545,58.431966266782496,62.52952790379911
2721,680.25,84.41454109446505,82.77648980217053,1.0243904092541545,80.72770898366223,84.82527062067884
2722,680.5,83.8520281304635,85.63802716423666,1.0243904092541545,83.58924634572836,87.68680798274497
2723,680.75,83.23435687807064,83.26811095804224,1.0243904092541545,81.21933013953394,85.31689177655055
2724,681.0,83.49823505106775,84.35148284952561,1.0243904092541545,82.3027020310173,86.40026366803392
2725,681.25,84.96058244760238,85.18311467677763,1.0243904092541545,83.13433385826933,87.23189549528594
2726,681.5,82.5187824749496,83.04149846179067,1.0243904092541545,80.99271764328236,85.09027928029897
2727,681.75,83.99573292672011,84.19769150049898,1.0243904092541545,82.14891068199067,86.24647231900728
2728,682.0,86.47792695243984,84.60799815994876,1.0243904092541545,82.55921734144046,86.65677897845707
2729,682.25,83.56146228381402,84.95902650089,1.0243904092541545,82.9102456823817,87.00780731939831
2730,682.5,82.27297004486643,83.55910878374372,1.0243904092541545,81.51032796523542,85.60788960225203
2731,682.75,84.32941590557063,85.85918566377211,1.0243904092541545,83.8104048452638,87.90796648228041
2732,683.0,89.6339359928632,87.85652986223805,1.0243904092541545,85.80774904372974,89.90531068074635
2733,683.25,84.22340863217939,84.68708216243297,1.0243904092541545,82.63830134392467,86.73586298094128
2734,683.5,88.66639422004434,88.81111991347171,1.0243904092541545,86.76233909496341,90.85990073198002
2735,683.75,88.18082225153985,88.46664008936602,1.0243904092541545,86.41785927085772,90.51542090787433
2736,684.0,87.58260154296293,88.26988409679021,1.0243904092541545,86.2211032782819,90.31866491529851
2737,684.25,92.8434609116316,92.94114130589824,1.0243904092541545,90.89236048738994,94.98992212440655
2738,684.5,94.90417390612467,92.12479954578662,1.0243904092541545,90.07601872727831,94.17358036429492
2739,684.75,92.20511295794417,90.87220943608075,1.0243904092541545,88.82342861757245,92.92099025458906
2740,685.0,92.5815887194601,93.31784241057717,1.0243904092541545,91.26906159206887,95.36662322908548
2741,685.25,95.54245228393609,94.86720774465985,1.0243904092541545,92.81842692615155,96.91598856316816
2742,685.5,93.6532662917,94.42544744539582,1.0243904092541545,92.37666662688751,96.47422826390412
2743,685.75,94.28109334067393,95.72508550365937,1.0243904092541545,93.67630468515107,97.77386632216768
2744,686.0,96.24116032814105,95.24730935004031,1.0243904092541545,93.198528531532,97.29609016854862
2745,686.25,97.28177757003003,95.95594339649176,1.0243904092541545,93.90716257798346,98.00472421500007
2746,686.5,97.86801482801336,96.72737322182749,1.0243904092541545,94.67859240331919,98.7761540403358
2747,686.75,92.95275825130983,93.25190795093914,1.0243904092541545,91.20312713243084,95.30068876944745
2748,687.0,93.65913747346278,93.49795873510658,1.0243904092541545,91.44917791659827,95.54673955361488
2749,687.25,92.741735010003,91.80450657417313,1.0243904092541545,89.75572575566483,93.85328739268144
2750,687.5,92.11166961230822,91.69045768614717,1.0243904092541545,89.64167686763886,93.73923850465548
2751,687.75,88.43052949048497,88.7850521412294,1.0243904092541545,86.7362713227211,90.8338329597377
2752,688.0,86.8598506011736,88.18362755937602,1.0243904092541545,86.13484674086772,90.23240837788433
2753,688.25,65.46393986801567,65.55614546890016,1.0243904092541545,63.50736465039185,67.60492628740846
2754,688.5,64.80504275998307,63.571851699467594,1.0243904092541545,61.52307088095928,65.6206325179759
2755,688.75,59.85491282660461,60.93922592635461,1.0243904092541545,58.890445107846304,62.988006744862915
2756,689.0,55.48800024771247,55.071481335174035,1.0243904092541545,53.02270051666572,57.12026215368235
2757,689.25,53.1110697622164,53.12058420675016,1.0243904092541545,51.07180338824185,55.16936502525847
2758,689.5,52.804047400861634,52.093909087234934,1.0243904092541545,50.04512826872663,54.14268990574324
2759,689.75,46.85245133074536,45.65419459159809,1.0243904092541545,43.60541377308978,47.702975410106404
2760,690.0,44.90627459990569,45.524421075695784,1.0243904092541545,43.47564025718748,47.57320189420409
2761,690.25,42.144469648954725,43.88570025870077,1.0243904092541545,41.83691944019246,45.934481077209085
2762,690.5,42.798153739231445,43.540732464478644,1.0243904092541545,41.49195164597033,45.58951328298696
2763,690.75,41.28891161604416,40.35661704440243,1.0243904092541545,38.30783622589412,42.40539786291073
2764,691.0,36.38376704686471,36.95759601943111,1.0243904092541545,34.9088152009228,39.00637683793941
2765,691.25,37.862112635869664,38.637028297398885,1.0243904092541545,36.58824747889058,40.68580911590719
2766,691.5,36.87544218055589,38.62401846151377,1.0243904092541545,36.575237643005465,40.672799280022076
2767,691.75,42.83649203807046,41.26653601013993,1.0243904092541545,39.217755191631625,43.315316828648236
2768,692.0,39.3291993810247,38.534075478168106,1.0243904092541545,36.4852946596598,40.58285629667641
2769,692.25,39.49067764996914,38.57922860878043,1.0243904092541545,36.53044779027212,40.628009427288745
2770,692.5,40.63132446177654,39.70429817250676,1.0243904092541545,37.65551735399845,41.75307899101507
2771,692.75,39.680026202776574,39.17799701485296,1.0243904092541545,37.12921619634466,41.22677783336127
2772,693.0,38.83796371578609,39.21755590988781,1.0243904092541545,37.1687750913795,41.26633672839611
2773,693.25,37.778015256333916,37.86102560816554,1.0243904092541545,35.81224478965723,39.90980642667385
2774,693.5,39.0832186361573,39.299714472560645,1.0243904092541545,37.25093365405233,41.34849529106896
2775,693.75,41.66275707221527,39.34405906179869,1.0243904092541545,37.29527824329038,41.392839880306994
2776,694.0,41.83897003724327,41.53347847334979,1.0243904092541545,39.48469765484148,43.582259291858094
2777,694.25,40.23330294672934,40.43750906411144,1.0243904092541545,38.38872824560313,42.486289882619744
2778,694.5,40.3584557585607,40.006618596403015,1.0243904092541545,37.95783777789471,42.05539941491132
2779,694.75,39.91387533502841,40.82950948497308,1.0243904092541545,38.78072866646477,42.87829030348139
2780,695.0,41.18365713279445,39.59084491122707,1.0243904092541545,37.54206409271876,41.639625729735386
2781,695.25,35.629910555979535,36.199967986588135,1.0243904092541545,34.15118716807983,38.24874880509644
2782,695.5,35.48050603490882,34.79009906228775,1.0243904092541545,32.741318243779446,36.83887988079606
2783,695.75,36.938291383050846,35.98681288304859,1.0243904092539327,33.93803206454073,38.03559370155646
2784,696.0,35.58043547977386,35.134688362515206,1.0243904092539327,33.08590754400734,37.18346918102307
2785,696.25,35.79018049833806,35.689583375502735,1.0243904092541545,33.64080255699443,37.73836419401104
2786,696.5,35.0386909410553,35.023045860213614,1.0243904092541545,32.97426504170531,37.07182667872192
2787,696.75,34.24282708468474,34.62640248097045,1.0243904092541545,32.577621662462136,36.67518329947876
2788,697.0,34.40069513146623,34.95070530536225,1.0243904092541545,32.90192448685394,36.999486123870554
2789,697.25,33.89963428713118,34.230448152516196,1.0243904092541545,32.181667334007884,36.27922897102451
2790,697.5,37.32485228457073,35.76066270744251,1.0243904092541545,33.7118818889342,37.809443525950826
2791,697.75,37.534619071705144,37.70793615635534,1.0243904092541545,35.659155337847025,39.75671697486365
2792,698.0,34.48185581796929,35.08991210253183,1.0243904092541545,33.04113128402352,37.13869292104013
2793,698.25,34.653757673476626,35.32624204185687,1.0243904092541545,33.27746122334857,37.37502286036518
2794,698.5,37.826814507208994,36.575653971679294,1.0243904092541545,34.52687315317098,38.62443479018761
2795,698.75,37.28781228247031,36.430920108720926,1.0243904092541545,34.38213929021262,38.47970092722923
2796,699.0,36.89394505178488,36.39338066672527,1.0243904092541545,34.34459984821696,38.442161485233584
2797,699.25,34.74097724522822,34.881621128552524,1.0243904092541545,32.83284031004422,36.93040194706083
2798,699.5,36.82530683046299,36.625890307794094,1.0243904092541545,34.57710948928579,38.6746711263024
2799,699.75,36.61892558789624,37.284515665799915,1.0243904092541545,35.23573484729161,39.33329648430822
2800,700.0,34.30464014879566,34.58731358213681,1.0243904092541545,32.538532763628496,36.63609440064512
2801,700.25,36.748613901856736,35.52936003295995,1.0243904092541545,33.48057921445164,37.57814085146826
2802,700.5,34.73975152393746,33.65373193401458,1.0243904092541545,31.60495111550627,35.70251275252289
2803,700.75,33.71639404401265,34.4478928790933,1.0243904092541545,32.399112060585,36.49667369760161
2804,701.0,33.109807074372,33.84461360834424,1.0243904092541545,31.79583278983593,35.89339442685255
2805,701.25,34.85664404410956,34.83605309149823,1.0243904092541545,32.787272272989924,36.884833910006535
2806,701.5,37.53990296784862,35.77562242653288,1.0243904092541545,33.72684160802457,37.82440324504118
2807,701.75,38.40105387618908,40.00339860799381,1.0243904092541545,37.954617789485496,42.05217942650212
2808,702.0,42.876717410886435,42.3481555303817,1.0243904092541545,40.2993747118734,44.39693634889001
2809,702.25,43.19064427031627,44.59976162682252,1.0243904092541545,42.55098080831421,46.64854244533083
2810,702.5,43.234080211950904,43.75036486431868,1.0243904092541545,41.70158404581038,45.79914568282699
2811,702.75,48.57004382775812,48.71544761016373,1.0243904092541545,46.666666791655416,50.76422842867204
2812,703.0,51.581788716268484,51.981885906251954,1.0243904092541545,49.93310508774364,54.030666724760266
2813,703.25,54.09196306782133,54.77050637755805,1.0243904092541545,52.721725559049744,56.819287196066355
2814,703.5,54.835007178975516,54.95029692710836,1.0243904092541545,52.90151610860005,56.999077745616674
2815,703.75,58.10372949648,58.66728454498302,1.0243904092541545,56.618503726474714,60.716065363491325
2816,704.0,58.907820526092635,60.4807470852908,1.0243904092541545,58.431966266782496,62.52952790379911
2817,704.25,83.90448100836959,82.77648980217052,1.0243904092541545,80.72770898366221,84.82527062067882
2818,704.5,86.33951179454957,85.63802716423666,1.0243904092541545,83.58924634572836,87.68680798274497
2819,704.75,83.89788450731326,83.26811095804224,1.0243904092541545,81.21933013953394,85.31689177655055
2820,705.0,82.54287905677671,84.35148284952561,1.0243904092541545,82.3027020310173,86.40026366803392
2821,705.25,85.63021098465963,85.18311467677763,1.0243904092541545,83.13433385826933,87.23189549528594
2822,705.5,84.09956883397095,83.04149846179067,1.0243904092541545,80.99271764328236,85.09027928029897
2823,705.75,83.13408157398096,84.19769150049898,1.0243904092541545,82.14891068199067,86.24647231900728
2824,706.0,84.64584458619507,84.60799815994876,1.0243904092541545,82.55921734144046,86.65677897845707
2825,706.25,84.70962599968088,84.95902650089,1.0243904092541545,82.9102456823817,87.00780731939831
2826,706.5,85.28473070591352,83.55910878374372,1.0243904092541545,81.51032796523542,85.60788960225203
2827,706.75,87.55584651274671,85.85918566377211,1.0243904092541545,83.8104048452638,87.90796648228041
2828,707.0,86.2421613129049,87.85652986223803,1.0243904092541545,85.80774904372973,89.90531068074634
2829,707.25,87.17967534342866,84.68708216243297,1.0243904092541545,82.63830134392467,86.73586298094128
2830,707.5,87.77680755923869,88.81111991347171,1.0243904092541545,86.76233909496341,90.85990073198002
2831,707.75,89.56427848697352,88.46664008936602,1.0243904092541545,86.41785927085772,90.51542090787433
2832,708.0,89.49752240222975,88.26988409679022,1.0243904092541545,86.22110327828192,90.31866491529853
2833,708.25,92.08292133140422,92.94114130589824,1.0243904092541545,90.89236048738994,94.98992212440655
2834,708.5,92.93919809422721,92.12479954578662,1.0243904092541545,90.07601872727831,94.17358036429492
2835,708.75,90.70550829270385,90.87220943608075,1.0243904092541545,88.82342861757245,92.92099025458906
2836,709.0,93.98885654188476,93.31784241057719,1.0243904092541545,91.26906159206888,95.36662322908549
2837,709.25,95.12555048325503,94.86720774465985,1.0243904092541545,92.81842692615155,96.91598856316816
2838,709.5,95.68112854973663,94.42544744539582,1.0243904092541545,92.37666662688751,96.47422826390412
2839,709.75,96.13286052266622,95.72508550365937,1.0243904092541545,93.67630468515107,97.77386632216768
2840,710.0,95.05377534105011,95.24730935004033,1.0243904092541545,93.19852853153202,97.29609016854863
2841,710.25,97.21774895644366,95.95594339649176,1.0243904092541545,93.90716257798346,98.00472421500007
2842,710.5,97.40235854182407,96.72737322182749,1.0243904092541545,94.67859240331919,98.7761540403358
2843,710.75,94.15443689485029,93.25190795093914,1.0243904092541545,91.20312713243084,95.30068876944745
2844,711.0,93.16132653520617,93.4979587351066,1.0243904092541545,91.44917791659829,95.5467395536149
2845,711.25,90.9467066749464,91.80450657417313,1.0243904092541545,89.75572575566483,93.85328739268144
2846,711.5,91.15245143170742,91.69045768614717,1.0243904092541545,89.64167686763886,93.73923850465548
2847,711.75,88.20334557610143,88.7850521412294,1.0243904092541545,86.7362713227211,90.8338329597377
2848,712.0,89.26512168994468,88.18362755937602,1.0243904092541545,86.13484674086772,90.23240837788433
2849,712.25,66.3260487241677,65.55614546890016,1.0243904092541545,63.50736465039185,67.60492628740846
2850,712.5,63.570902831214546,63.571851699467594,1.0243904092541545,61.52307088095928,65.6206325179759
2851,712.75,62.483420134463124,60.93922592635461,1.0243904092541545,58.890445107846304,62.988006744862915
2852,713.0,56.21771025980163,55.071481335174035,1.0243904092541545,53.02270051666572,57.12026215368235
2853,713.25,53.022926983483245,53.12058420675016,1.0243904092541545,51.07180338824185,55.16936502525847
2854,713.5,51.232007366086265,52.093909087234934,1.0243904092541545,50.04512826872663,54.14268990574324
2855,713.75,47.555852480461894,45.65419459159809,1.0243904092541545,43.60541377308978,47.702975410106404
2856,714.0,45.53972249080263,45.524421075695784,1.0243904092541545,43.47564025718748,47.57320189420409
2857,714.25,43.887594245550645,43.885700258700766,1.0243904092541545,41.83691944019246,45.93448107720907
2858,714.5,42.992068239307756,43.540732464478644,1.0243904092541545,41.49195164597033,45.58951328298696
2859,714.75,39.50999397221996,40.35661704440242,1.0243904092541545,38.30783622589411,42.40539786291073
2860,715.0,35.45713152007539,36.957596019431115,1.0243904092541545,34.9088152009228,39.00637683793943
2861,715.25,39.189024283284596,38.637028297398885,1.0243904092541545,36.58824747889058,40.68580911590719
2862,715.5,37.91339146858391,38.62401846151377,1.0243904092541545,36.575237643005465,40.672799280022076
2863,715.75,44.143375712516345,41.26653601013993,1.0243904092541545,39.217755191631625,43.315316828648236
2864,716.0,37.41741215698691,38.534075478168106,1.0243904092541545,36.4852946596598,40.58285629667641
2865,716.25,37.46339919371301,38.57922860878043,1.0243904092541545,36.53044779027212,40.628009427288745
2866,716.5,40.17373779061052,39.70429817250676,1.0243904092541545,37.65551735399845,41.75307899101507
2867,716.75,40.63263132020047,39.17799701485296,1.0243904092541545,37.12921619634466,41.22677783336127
2868,717.0,39.14688222790884,39.2175559098878,1.0243904092541545,37.16877509137949,41.26633672839611
2869,717.25,38.51402178064339,37.86102560816554,1.0243904092541545,35.81224478965723,39.90980642667385
2870,717.5,37.66723558329071,39.29971447256064,1.0243904092541545,37.25093365405233,41.34849529106894
2871,717.75,38.35050477210851,39.34405906179869,1.0243904092541545,37.29527824329038,41.392839880306994
2872,718.0,40.209442276806264,41.53347847334979,1.0243904092541545,39.48469765484148,43.582259291858094
2873,718.25,38.80205753813289,40.437509064111445,1.0243904092541545,38.38872824560313,42.48628988261976
2874,718.5,40.0099392184183,40.006618596403015,1.0243904092541545,37.95783777789471,42.05539941491132
2875,718.75,38.68191663127429,40.82950948497308,1.0243904092541545,38.78072866646477,42.87829030348139
2876,719.0,38.356954448117776,39.59084491122708,1.0243904092541545,37.542064092718775,41.639625729735386
2877,719.25,35.75378585777326,36.199967986588135,1.0243904092541545,34.15118716807983,38.24874880509644
2878,719.5,34.148134766335275,34.790099062287744,1.0243904092541545,32.74131824377943,36.83887988079606
2879,719.75,36.268722255514774,35.98681288304859,1.0243904092539327,33.93803206454073,38.03559370155646
