time_h,PV_kw,gp_mean,gp_std,gp_lower,gp_upper
0.0,2.556070667173803,2.1906666646650934,1.0243905674066214,0.14188552985185066,4.239447799478336
0.25,1.7817100429331463,2.8158587399529362,1.0243905674066214,0.7670776051396935,4.864639874766179
0.5,0.7504511958064572,-0.004535470901250993,1.0243905674066214,-2.053316605714494,2.0442456639119917
0.75,0.9405647163912139,0.3274357931888421,1.0243905674066214,-1.7213453416244007,2.376216928002085
1.0,-1.5675139791519803,0.35713700746677146,1.0243905674066214,-1.6916441273464713,2.405918142280014
1.25,-1.302179506862318,-0.11836812401358034,1.0243905674066214,-2.1671492588268233,1.9304130107996624
1.5,0.12784040316728537,-0.08428459004948606,1.0243905674066214,-2.1330657248627287,1.9644965447637568
1.75,-0.3162425923435822,0.06511101470919814,1.0243905674066214,-1.9836701201040445,2.113892149522441
2.0,2.6213927670841968,2.4607431232714894,1.0243905674066214,0.4119619884582466,4.509524258084732
2.25,1.4803318787132649,2.4898536126901174,1.0243905674066214,0.44107247787687465,4.538634747503361
2.5,1.0774900675464767,0.047622993816230974,1.0243905674066214,-2.0011581409970116,2.096404128629474
2.75,4.159515556333047,3.2007333556876105,1.0243905674066214,1.1519522208743678,5.249514490500854
3.0,1.468558724317353,1.4626011112630832,1.0243905674066214,-0.5861800235501595,3.5113822460763258
3.25,1.1272412069680329,-0.1165701719505176,1.0243905674066214,-2.1653513067637604,1.932210962862725
3.5,1.5737616944995418,1.4805084949541418,1.0243905674066214,-0.5682726398591009,3.5292896297673844
3.75,-0.8592924628832382,0.022356126489565857,1.0243905674066214,-2.026425008323677,2.0711372613028085
4.0,3.0041016880043165,2.658693556889717,1.0243905674066214,0.6099124220764742,4.707474691702959
4.25,-0.9588826008289989,-0.24913553309097003,1.0243905674066214,-2.2979166679042127,1.7996456017222728
4.5,0.8784503013072725,-0.21144481935532822,1.0243905674066214,-2.260225954168571,1.8373363154579145
4.75,1.7191772382255157,1.518982916058408,1.0243905674066214,-0.5297982187548347,3.567764050871651
5.0,14.429558086670884,14.493886389853733,1.0243905674066214,12.44510525504049,16.542667524666975
5.25,16.90228536195037,17.671496271636197,1.0243905674066214,15.622715136822954,19.72027740644944
5.5,25.02677583940494,23.766217952399924,1.0243905674066214,21.71743681758668,25.814999087213167
5.75,30.839659886135944,30.681084579266308,1.0243905674066214,28.632303444453065,32.72986571407955
6.0,40.07507154482691,40.25323316005342,1.0243905674066214,38.20445202524018,42.30201429486666
6.25,46.375339637684206,46.76057975138827,1.0243905674066214,44.71179861657503,48.80936088620151
6.5,53.96782219936791,53.31744140931416,1.0243905674066214,51.268660274500924,55.3662225441274
6.75,60.23380874898558,59.649309760641955,1.0243905674066214,57.600528625828716,61.698090895455195
7.0,71.57351802841774,71.14028442443583,1.0243905674066214,69.0915032896226,73.18906555924907
7.25,69.8557060998963,69.56957917118261,1.0243905674066214,67.52079803636937,71.61836030599585
7.5,76.87099433730206,74.85175127063754,1.0243905674066214,72.8029701358243,76.90053240545078
7.75,78.71817573346,79.1527975674207,1.0243905674066214,77.10401643260747,81.20157870223395
8.0,87.84348260453064,88.46604625720593,1.0243905674066214,86.41726512239269,90.51482739201917
8.25,93.63036187348848,94.09601727879975,1.0243905674066214,92.04723614398651,96.14479841361299
8.5,95.45703823035409,94.89246962343495,1.0243905674066214,92.84368848862171,96.94125075824819
8.75,97.46739116087197,96.55180936009728,1.0243905674066214,94.50302822528404,98.60059049491052
9.0,99.4795079577137,99.86129854410254,1.0243905674066214,97.8125174092893,101.91007967891578
9.25,105.91019276568339,106.60210046451151,1.0243905674066214,104.55331932969827,108.65088159932475
9.5,108.46263553576136,108.90491812832681,1.0243905674066214,106.85613699351357,110.95369926314005
9.75,111.13980735822295,110.52151306033323,1.0243905674066214,108.47273192552,112.57029419514647
10.0,108.98234231628896,108.21032694673875,1.0243905674066214,106.1615458119255,110.25910808155199
10.25,112.46693797797744,112.05680309358902,1.0243905674066214,110.00802195877579,114.10558422840226
10.5,111.57207937433947,112.35398877342693,1.0243905674066214,110.3052076386137,114.40276990824017
10.75,113.16433707265628,113.15989589906799,1.0243905674066214,111.11111476425475,115.20867703388123
11.0,115.18655523334077,115.01976979735304,1.0243905674066214,112.9709886625398,117.06855093216627
11.25,113.3757877059524,113.15830761693019,1.0243905674066214,111.10952648211695,115.20708875174343
11.5,115.32956552130149,114.57712337322873,1.0243905674066214,112.52834223841549,116.62590450804197
11.75,112.72833411659929,112.38768724763497,1.0243905674066214,110.33890611282173,114.43646838244821
12.0,113.69991239020047,112.76376767060974,1.0243905674066214,110.7149865357965,114.81254880542298
12.25,113.94527381772954,113.74016717909106,1.0243905674066214,111.69138604427782,115.7889483139043
12.5,107.69906911133015,107.08880554383639,1.0243905674066214,105.04002440902315,109.13758667864963
12.75,111.18993386920103,110.61776153528811,1.0243905674066214,108.56898040047487,112.66654267010135
13.0,108.28064864034853,109.62109795064423,1.0243905674066214,107.57231681583099,111.66987908545747
13.25,108.38437040971715,108.67636966357388,1.0243905674066214,106.62758852876064,110.72515079838712
13.5,108.57650909401836,108.98753233541768,1.0243905674066214,106.93875120060444,111.03631347023092
13.75,112.68818322846798,112.99465845021405,1.0243905674066214,110.94587731540081,115.04343958502729
14.0,104.60010580403863,104.90093879383072,1.0243905674066214,102.85215765901748,106.94971992864396
14.25,110.11385941819324,108.45318652612377,1.0243905674066214,106.40440539131053,110.50196766093701
14.5,97.61311826335628,98.38445385155833,1.0243905674066214,96.3356727167451,100.43323498637157
14.75,100.85093794608217,99.71199716317072,1.0243905674066214,97.66321602835748,101.76077829798396
15.0,96.58630066873452,97.94128484519291,1.0243905674066214,95.89250371037967,99.99006598000615
15.25,95.63254953467465,95.78004228599232,1.0243905674066214,93.73126115117908,97.82882342080556
15.5,92.4791570423975,92.2867845122459,1.0243905674066214,90.23800337743266,94.33556564705914
15.75,88.69028147642477,88.06504765472742,1.0243905674066214,86.01626651991418,90.11382878954066
16.0,80.52602093578884,79.51966315627759,1.0243905674066214,77.47088202146435,81.56844429109083
16.25,75.03296268433036,74.44570020323725,1.0243905674066214,72.39691906842401,76.49448133805049
16.5,72.28207089480829,72.47661620225703,1.0243905674066214,70.4278350674438,74.52539733707027
16.75,63.15194244707981,63.50106650853999,1.0243905674066214,61.45228537372675,65.54984764335323
17.0,55.087811948098285,54.452141955796826,1.0243905674066214,52.403360820983586,56.500923090610065
17.25,48.106630786559556,48.63908417592783,1.0243905674066214,46.59030304111459,50.68786531074107
17.5,41.109876545950435,42.42570443679833,1.0243905674066214,40.37692330198509,44.47448557161157
17.75,38.78441271830159,39.59151553348102,1.0243905674066214,37.54273439866778,41.64029666829426
18.0,31.08145471869059,31.924742806015505,1.0243905674066214,29.875961671202262,33.97352394082875
18.25,27.181888248710315,26.809178172092285,1.0243905674066214,24.76039703727904,28.857959306905528
18.5,16.431372371841036,16.498261432697692,1.0243905674066214,14.449480297884449,18.547042567510935
18.75,11.636334652880397,10.902952647954073,1.0243905674066214,8.85417151314083,12.951733782767317
19.0,4.784682281636943,5.244044207681721,1.0243905674066214,3.1952630728684785,7.2928253424949645
19.25,0.15853969107671423,0.08121093391119856,1.0243905674066214,-1.9675702009020442,2.1299920687244414
19.5,1.9959161066395872,1.297880792006662,1.0243905674066214,-0.7509003428065808,3.3466619268199045
19.75,-0.3093465397202384,0.18305242709266922,1.0243905674066214,-1.8657287077205735,2.231833561905912
20.0,0.45677523755741145,0.030927816991823044,1.0243905674066214,-2.0178533178214195,2.079708951805066
20.25,-0.6619259410666513,-0.14121326334941922,1.0243905674066214,-2.189994398162662,1.9075678714638236
20.5,-0.3630538465650718,0.041047372386154427,1.0243905674066214,-2.007733762427088,2.0898285071993974
20.75,1.0791795483584325,1.5359287922688518,1.0243905674066214,-0.5128523425443909,3.584709927082095
21.0,-1.1958396455890397,0.1356066143363467,1.0243905674066214,-1.913174520476896,2.1843877491495896
21.25,0.5244548369686602,-0.04293865966916194,1.0243905674066214,-2.0917197944824046,2.005842475144081
21.5,0.9728376365150193,1.2315070308457166,1.0243905674066214,-0.8172741039675262,3.280288165658959
21.75,1.3520876468175358,1.6559689846675545,1.0243905674066214,-0.39281215014568827,3.7047501194807975
22.0,2.476901985824284,2.2469231918468067,1.0243905674066214,0.1981420570335639,4.295704326660049
22.25,0.4465311760299441,-0.25923730614293256,1.0243905674066214,-2.3080184409561753,1.7895438286703103
22.5,0.6653851089727862,0.11400998094260076,1.0243905674066214,-1.934771153870642,2.1627911157558435
22.75,-0.09848548450942361,-0.09487557043389376,1.0243905674066214,-2.1436567052471367,1.953905564379349
23.0,-0.42329831204415375,-0.08795723366923543,1.0243905674066214,-2.136738368482478,1.9608239011440074
23.25,-0.07971821090639905,-0.09069314561841887,1.0243905674066214,-2.1394742804316618,1.958087989194824
23.5,-1.6873344339580298,-0.18901464365715606,1.0243905674066214,-2.237795778470399,1.8597664911560867
23.75,-1.4471124724230873,0.11481419999363054,1.0243905674066214,-1.9339669348196122,2.1635953348068733
24.0,0.9286539750649694,2.1906666646650934,1.0243905674066214,0.14188552985185066,4.239447799478336
24.25,1.8244473215721602,2.8158587399529362,1.0243905674066214,0.7670776051396935,4.864639874766179
24.5,0.3997742267234366,-0.004535470901250993,1.0243905674066214,-2.053316605714494,2.0442456639119917
24.75,-0.9054790553600608,0.3274357931888421,1.0243905674066214,-1.7213453416244007,2.376216928002085
25.0,0.0053586554624663885,0.35713700746677146,1.0243905674066214,-1.6916441273464713,2.405918142280014
25.25,1.2992282977860654,-0.11836812401358034,1.0243905674066214,-2.1671492588268233,1.9304130107996624
25.5,-0.35626397106142593,-0.08428459004948606,1.0243905674066214,-2.1330657248627287,1.9644965447637568
25.75,0.7375155684670865,0.06511101470919814,1.0243905674066214,-1.9836701201040445,2.113892149522441
26.0,1.7045762445786086,2.4607431232714894,1.0243905674066214,0.4119619884582466,4.509524258084732
26.25,2.127938248419215,2.4898536126901174,1.0243905674066214,0.44107247787687465,4.538634747503361
26.5,-0.7519299622269331,0.047622993816230974,1.0243905674066214,-2.0011581409970116,2.096404128629474
26.75,3.0426905450035364,3.2007333556876105,1.0243905674066214,1.1519522208743678,5.249514490500854
27.0,2.242836164213532,1.4626011112630832,1.0243905674066214,-0.5861800235501595,3.5113822460763258
27.25,-1.7273204231923487,-0.1165701719505176,1.0243905674066214,-2.1653513067637604,1.932210962862725
27.5,1.5406759957933536,1.4805084949541418,1.0243905674066214,-0.5682726398591009,3.5292896297673844
27.75,0.2377356023322779,0.022356126489565857,1.0243905674066214,-2.026425008323677,2.0711372613028085
28.0,2.0412009482250233,2.658693556889717,1.0243905674066214,0.6099124220764742,4.707474691702959
28.25,-1.4460578543884546,-0.24913553309097003,1.0243905674066214,-2.2979166679042127,1.7996456017222728
28.5,0.07212950771386951,-0.21144481935532822,1.0243905674066214,-2.260225954168571,1.8373363154579145
28.75,1.2396104401479662,1.518982916058408,1.0243905674066214,-0.5297982187548347,3.567764050871651
29.0,14.847096661570848,14.493886389853733,1.0243905674066214,12.44510525504049,16.542667524666975
29.25,17.605067051877754,17.671496271636197,1.0243905674066214,15.622715136822954,19.72027740644944
29.5,25.406013392051825,23.766217952399924,1.0243905674066214,21.71743681758668,25.814999087213167
29.75,30.754833740731723,30.681084579266308,1.0243905674066214,28.632303444453065,32.72986571407955
30.0,39.47990187436815,40.25323316005342,1.0243905674066214,38.20445202524018,42.30201429486666
30.25,46.90674882312876,46.76057975138827,1.0243905674066214,44.71179861657503,48.80936088620151
30.5,53.65550969778632,53.31744140931416,1.0243905674066214,51.268660274500924,55.3662225441274
30.75,61.22755225986194,59.649309760641955,1.0243905674066214,57.600528625828716,61.698090895455195
31.0,71.99589666273633,71.14028442443583,1.0243905674066214,69.0915032896226,73.18906555924907
31.25,69.78175615603793,69.56957917118261,1.0243905674066214,67.52079803636937,71.61836030599585
31.5,76.19264962765116,74.85175127063754,1.0243905674066214,72.8029701358243,76.90053240545078
31.75,77.93582769552177,79.1527975674207,1.0243905674066214,77.10401643260747,81.20157870223395
32.0,87.71597380085242,88.46604625720593,1.0243905674066214,86.41726512239269,90.51482739201917
32.25,93.51755866033083,94.09601727879975,1.0243905674066214,92.04723614398651,96.14479841361299
32.5,94.45124900462282,94.89246962343495,1.0243905674066214,92.84368848862171,96.94125075824819
32.75,94.96173272059477,96.55180936009728,1.0243905674066214,94.50302822528404,98.60059049491052
33.0,100.22860636218297,99.86129854410254,1.0243905674066214,97.8125174092893,101.91007967891578
33.25,106.52812654554715,106.60210046451151,1.0243905674066214,104.55331932969827,108.65088159932475
33.5,107.81631045694995,108.90491812832681,1.0243905674066214,106.85613699351357,110.95369926314005
33.75,109.4736354891907,110.52151306033323,1.0243905674066214,108.47273192552,112.57029419514647
34.0,108.55260199253571,108.21032694673875,1.0243905674066214,106.1615458119255,110.25910808155199
34.25,112.76191027756661,112.05680309358902,1.0243905674066214,110.00802195877579,114.10558422840226
34.5,114.23431997331994,112.35398877342693,1.0243905674066214,110.3052076386137,114.40276990824017
34.75,115.84603821559689,113.15989589906799,1.0243905674066214,111.11111476425475,115.20867703388123
35.0,115.48427885747603,115.01976979735304,1.0243905674066214,112.9709886625398,117.06855093216627
35.25,112.16756098919153,113.15830761693019,1.0243905674066214,111.10952648211695,115.20708875174343
35.5,112.32609046262198,114.57712337322873,1.0243905674066214,112.52834223841549,116.62590450804197
35.75,112.77245003016844,112.38768724763497,1.0243905674066214,110.33890611282173,114.43646838244821
36.0,112.20805773181824,112.76376767060974,1.0243905674066214,110.7149865357965,114.81254880542298
36.25,113.46233748806097,113.74016717909106,1.0243905674066214,111.69138604427782,115.7889483139043
36.5,106.79785291358034,107.08880554383639,1.0243905674066214,105.04002440902315,109.13758667864963
36.75,110.4178547569461,110.61776153528811,1.0243905674066214,108.56898040047487,112.66654267010135
37.0,110.80378469099185,109.62109795064423,1.0243905674066214,107.57231681583099,111.66987908545747
37.25,108.8610901935198,108.67636966357388,1.0243905674066214,106.62758852876064,110.72515079838712
37.5,108.88824691127247,108.98753233541768,1.0243905674066214,106.93875120060444,111.03631347023092
37.75,112.29140732388551,112.99465845021405,1.0243905674066214,110.94587731540081,115.04343958502729
38.0,103.20056511056096,104.90093879383072,1.0243905674066214,102.85215765901748,106.94971992864396
38.25,108.13261019788551,108.45318652612377,1.0243905674066214,106.40440539131053,110.50196766093701
38.5,98.4251668282312,98.38445385155833,1.0243905674066214,96.3356727167451,100.43323498637157
38.75,101.65058950507057,99.71199716317072,1.0243905674066214,97.66321602835748,101.76077829798396
39.0,98.3994449618232,97.94128484519291,1.0243905674066214,95.89250371037967,99.99006598000615
39.25,96.95017407568348,95.78004228599232,1.0243905674066214,93.73126115117908,97.82882342080556
39.5,91.81710837875335,92.2867845122459,1.0243905674066214,90.23800337743266,94.33556564705914
39.75,86.91911537864847,88.06504765472742,1.0243905674066214,86.01626651991418,90.11382878954066
40.0,78.84967759376362,79.51966315627759,1.0243905674066214,77.47088202146435,81.56844429109083
40.25,73.51438938459468,74.44570020323725,1.0243905674066214,72.39691906842401,76.49448133805049
40.5,74.75926569949189,72.47661620225703,1.0243905674066214,70.4278350674438,74.52539733707027
40.75,62.79290756051999,63.50106650853999,1.0243905674066214,61.45228537372675,65.54984764335323
41.0,55.068325270577475,54.452141955796826,1.0243905674066214,52.403360820983586,56.500923090610065
41.25,47.395007933354144,48.63908417592783,1.0243905674066214,46.59030304111459,50.68786531074107
41.5,43.3171358821626,42.42570443679833,1.0243905674066214,40.37692330198509,44.47448557161157
41.75,40.30265089841093,39.59151553348102,1.0243905674066214,37.54273439866778,41.64029666829426
42.0,31.844269107034112,31.924742806015505,1.0243905674066214,29.875961671202262,33.97352394082875
42.25,26.643964978521115,26.809178172092285,1.0243905674066214,24.76039703727904,28.857959306905528
42.5,15.63415894034108,16.498261432697692,1.0243905674066214,14.449480297884449,18.547042567510935
42.75,11.391921500294709,10.902952647954073,1.0243905674066214,8.85417151314083,12.951733782767317
43.0,4.756951447632697,5.244044207681721,1.0243905674066214,3.1952630728684785,7.2928253424949645
43.25,-1.2256057637672482,0.08121093391119856,1.0243905674066214,-1.9675702009020442,2.1299920687244414
43.5,0.09238813835263127,1.297880792006662,1.0243905674066214,-0.7509003428065808,3.3466619268199045
43.75,0.17258791772211948,0.18305242709266922,1.0243905674066214,-1.8657287077205735,2.231833561905912
44.0,1.579091256410435,0.030927816991823044,1.0243905674066214,-2.0178533178214195,2.079708951805066
44.25,0.15999161357343825,-0.14121326334941922,1.0243905674066214,-2.189994398162662,1.9075678714638236
44.5,-0.11863832610988256,0.041047372386154427,1.0243905674066214,-2.007733762427088,2.0898285071993974
44.75,1.7467435819593047,1.5359287922688518,1.0243905674066214,-0.5128523425443909,3.584709927082095
45.0,1.3060017417068248,0.1356066143363467,1.0243905674066214,-1.913174520476896,2.1843877491495896
45.25,0.2568648575469347,-0.04293865966916194,1.0243905674066214,-2.0917197944824046,2.005842475144081
45.5,1.031312745884006,1.2315070308457166,1.0243905674066214,-0.8172741039675262,3.280288165658959
45.75,2.4458822381497374,1.6559689846675545,1.0243905674066214,-0.39281215014568827,3.7047501194807975
46.0,2.4249117653799885,2.2469231918468067,1.0243905674066214,0.1981420570335639,4.295704326660049
46.25,1.535755991995992,-0.25923730614293256,1.0243905674066214,-2.3080184409561753,1.7895438286703103
46.5,0.18323443722190613,0.11400998094260076,1.0243905674066214,-1.934771153870642,2.1627911157558435
46.75,-1.2244690317205003,-0.09487557043389376,1.0243905674066214,-2.1436567052471367,1.953905564379349
47.0,-1.368159199245665,-0.08795723366923543,1.0243905674066214,-2.136738368482478,1.9608239011440074
47.25,1.6509279322312496,-0.09069314561841887,1.0243905674066214,-2.1394742804316618,1.958087989194824
47.5,1.723665720783297,-0.18901464365715606,1.0243905674066214,-2.237795778470399,1.8597664911560867
47.75,-0.17951921328260065,0.11481419999363054,1.0243905674066214,-1.9339669348196122,2.1635953348068733
48.0,1.868166266283384,2.1906666646650934,1.0243905674066214,0.14188552985185066,4.239447799478336
48.25,4.2831384414158435,2.8158587399529362,1.0243905674066214,0.7670776051396935,4.864639874766179
48.5,-1.107045682043488,-0.004535470901250993,1.0243905674066214,-2.053316605714494,2.0442456639119917
48.75,-0.8947270189558264,0.3274357931888421,1.0243905674066214,-1.7213453416244007,2.376216928002085
49.0,1.0268480041909005,0.35713700746677146,1.0243905674066214,-1.6916441273464713,2.405918142280014
49.25,-0.3946051228595896,-0.11836812401358034,1.0243905674066214,-2.1671492588268233,1.9304130107996624
49.5,-0.005121866720071296,-0.08428459004948606,1.0243905674066214,-2.1330657248627287,1.9644965447637568
49.75,-0.16344289852451258,0.06511101470919814,1.0243905674066214,-1.9836701201040445,2.113892149522441
50.0,2.975768473387419,2.4607431232714894,1.0243905674066214,0.4119619884582466,4.509524258084732
50.25,3.7408576676005616,2.4898536126901174,1.0243905674066214,0.44107247787687465,4.538634747503361
50.5,0.28867699958539367,0.047622993816230974,1.0243905674066214,-2.0011581409970116,2.096404128629474
50.75,4.025662414180957,3.2007333556876105,1.0243905674066214,1.1519522208743678,5.249514490500854
51.0,-0.6476440742748857,1.4626011112630832,1.0243905674066214,-0.5861800235501595,3.5113822460763258
51.25,-0.04871840193011795,-0.1165701719505176,1.0243905674066214,-2.1653513067637604,1.932210962862725
51.5,0.2630220819546252,1.4805084949541418,1.0243905674066214,-0.5682726398591009,3.5292896297673844
51.75,-1.218813060423628,0.022356126489565857,1.0243905674066214,-2.026425008323677,2.0711372613028085
52.0,1.757198536993067,2.658693556889717,1.0243905674066214,0.6099124220764742,4.707474691702959
52.25,-0.33412344070081207,-0.24913553309097003,1.0243905674066214,-2.2979166679042127,1.7996456017222728
52.5,0.9159025423560131,-0.21144481935532822,1.0243905674066214,-2.260225954168571,1.8373363154579145
52.75,0.44271043147220457,1.518982916058408,1.0243905674066214,-0.5297982187548347,3.567764050871651
53.0,14.645051942810563,14.493886389853733,1.0243905674066214,12.44510525504049,16.542667524666975
53.25,17.09904547302073,17.671496271636197,1.0243905674066214,15.622715136822954,19.72027740644944
53.5,23.476561406368948,23.766217952399924,1.0243905674066214,21.71743681758668,25.814999087213167
53.75,31.99694719350935,30.681084579266308,1.0243905674066214,28.632303444453065,32.72986571407955
54.0,41.04151480399394,40.25323316005342,1.0243905674066214,38.20445202524018,42.30201429486666
54.25,48.064871295615184,46.76057975138827,1.0243905674066214,44.71179861657503,48.80936088620151
54.5,53.281007334564656,53.31744140931416,1.0243905674066214,51.268660274500924,55.3662225441274
54.75,59.1724220729508,59.649309760641955,1.0243905674066214,57.600528625828716,61.698090895455195
55.0,70.93692659994126,71.14028442443583,1.0243905674066214,69.0915032896226,73.18906555924907
55.25,69.66738188815964,69.56957917118261,1.0243905674066214,67.52079803636937,71.61836030599585
55.5,74.90592009488532,74.85175127063754,1.0243905674066214,72.8029701358243,76.90053240545078
55.75,78.04020267761125,79.1527975674207,1.0243905674066214,77.10401643260747,81.20157870223395
56.0,88.44621511523005,88.46604625720593,1.0243905674066214,86.41726512239269,90.51482739201917
56.25,94.67236293187527,94.09601727879975,1.0243905674066214,92.04723614398651,96.14479841361299
56.5,97.35853284531251,94.89246962343495,1.0243905674066214,92.84368848862171,96.94125075824819
56.75,98.21526347943275,96.55180936009728,1.0243905674066214,94.50302822528404,98.60059049491052
57.0,98.74021206480975,99.86129854410254,1.0243905674066214,97.8125174092893,101.91007967891578
57.25,106.46296588109675,106.60210046451151,1.0243905674066214,104.55331932969827,108.65088159932475
57.5,107.82367474961559,108.90491812832681,1.0243905674066214,106.85613699351357,110.95369926314005
57.75,109.89850755643477,110.52151306033323,1.0243905674066214,108.47273192552,112.57029419514647
58.0,108.55469314867585,108.21032694673875,1.0243905674066214,106.1615458119255,110.25910808155199
58.25,113.12963733056047,112.05680309358902,1.0243905674066214,110.00802195877579,114.10558422840226
58.5,111.50850524388456,112.35398877342693,1.0243905674066214,110.3052076386137,114.40276990824017
58.75,112.27802930952177,113.15989589906799,1.0243905674066214,111.11111476425475,115.20867703388123
59.0,112.92258039446138,115.01976979735304,1.0243905674066214,112.9709886625398,117.06855093216627
59.25,112.99443318867849,113.15830761693019,1.0243905674066214,111.10952648211695,115.20708875174343
59.5,113.39572233149373,114.57712337322873,1.0243905674066214,112.52834223841549,116.62590450804197
59.75,111.97529914045853,112.38768724763497,1.0243905674066214,110.33890611282173,114.43646838244821
60.0,112.14413804896098,112.76376767060974,1.0243905674066214,110.7149865357965,114.81254880542298
60.25,113.7834321939881,113.74016717909106,1.0243905674066214,111.69138604427782,115.7889483139043
60.5,105.65222132128352,107.08880554383639,1.0243905674066214,105.04002440902315,109.13758667864963
60.75,109.09160039797149,110.61776153528811,1.0243905674066214,108.56898040047487,112.66654267010135
61.0,111.8670515722325,109.62109795064423,1.0243905674066214,107.57231681583099,111.66987908545747
61.25,107.41661904480043,108.67636966357388,1.0243905674066214,106.62758852876064,110.72515079838712
61.5,107.95009616985652,108.98753233541768,1.0243905674066214,106.93875120060444,111.03631347023092
61.75,115.16397460503264,112.99465845021405,1.0243905674066214,110.94587731540081,115.04343958502729
62.0,107.78031522450573,104.90093879383072,1.0243905674066214,102.85215765901748,106.94971992864396
62.25,107.4473514781335,108.45318652612377,1.0243905674066214,106.40440539131053,110.50196766093701
62.5,98.11070042226149,98.38445385155833,1.0243905674066214,96.3356727167451,100.43323498637157
62.75,100.2242151424312,99.71199716317072,1.0243905674066214,97.66321602835748,101.76077829798396
63.0,99.99786808475591,97.94128484519291,1.0243905674066214,95.89250371037967,99.99006598000615
63.25,94.98057748623218,95.78004228599232,1.0243905674066214,93.73126115117908,97.82882342080556
63.5,92.07112613135038,92.2867845122459,1.0243905674066214,90.23800337743266,94.33556564705914
63.75,88.88139672112723,88.06504765472742,1.0243905674066214,86.01626651991418,90.11382878954066
64.0,80.24956043046261,79.51966315627759,1.0243905674066214,77.47088202146435,81.56844429109083
64.25,73.86345937790033,74.44570020323725,1.0243905674066214,72.39691906842401,76.49448133805049
64.5,72.49697300254068,72.47661620225703,1.0243905674066214,70.4278350674438,74.52539733707027
64.75,62.2393984313744,63.50106650853999,1.0243905674066214,61.45228537372675,65.54984764335323
65.0,53.99166232286647,54.452141955796826,1.0243905674066214,52.403360820983586,56.500923090610065
65.25,48.03154762143222,48.63908417592783,1.0243905674066214,46.59030304111459,50.68786531074107
65.5,42.61773275891461,42.42570443679833,1.0243905674066214,40.37692330198509,44.47448557161157
65.75,39.36237271348605,39.59151553348102,1.0243905674066214,37.54273439866778,41.64029666829426
66.0,32.47244552723734,31.924742806015505,1.0243905674066214,29.875961671202262,33.97352394082875
66.25,27.697443322476378,26.809178172092285,1.0243905674066214,24.76039703727904,28.857959306905528
66.5,16.444375963438937,16.498261432697692,1.0243905674066214,14.449480297884449,18.547042567510935
66.75,11.297605707211833,10.902952647954073,1.0243905674066214,8.85417151314083,12.951733782767317
67.0,5.265090275551344,5.244044207681721,1.0243905674066214,3.1952630728684785,7.2928253424949645
67.25,8.439309141418043e-05,0.08121093391119856,1.0243905674066214,-1.9675702009020442,2.1299920687244414
67.5,0.6487676791294031,1.297880792006662,1.0243905674066214,-0.7509003428065808,3.3466619268199045
67.75,0.316494261673308,0.18305242709266922,1.0243905674066214,-1.8657287077205735,2.231833561905912
68.0,-0.09728659841348947,0.030927816991823044,1.0243905674066214,-2.0178533178214195,2.079708951805066
68.25,2.093168308930595,-0.14121326334941922,1.0243905674066214,-2.189994398162662,1.9075678714638236
68.5,1.5733549024752425,0.041047372386154427,1.0243905674066214,-2.007733762427088,2.0898285071993974
68.75,1.8467639949132626,1.5359287922688518,1.0243905674066214,-0.5128523425443909,3.584709927082095
69.0,-0.7630572096947675,0.1356066143363467,1.0243905674066214,-1.913174520476896,2.1843877491495896
69.25,-1.0749291158003396,-0.04293865966916194,1.0243905674066214,-2.0917197944824046,2.005842475144081
69.5,2.6333829298066083,1.2315070308457166,1.0243905674066214,-0.8172741039675262,3.280288165658959
69.75,1.6023427532369867,1.6559689846675545,1.0243905674066214,-0.39281215014568827,3.7047501194807975
70.0,2.4762987303099857,2.2469231918468067,1.0243905674066214,0.1981420570335639,4.295704326660049
70.25,-1.7445859869741926,-0.25923730614293256,1.0243905674066214,-2.3080184409561753,1.7895438286703103
70.5,0.9274384815581808,0.11400998094260076,1.0243905674066214,-1.934771153870642,2.1627911157558435
70.75,0.45442033821436295,-0.09487557043389376,1.0243905674066214,-2.1436567052471367,1.953905564379349
71.0,-1.110430684414478,-0.08795723366923543,1.0243905674066214,-2.136738368482478,1.9608239011440074
71.25,-0.47152480744994896,-0.09069314561841887,1.0243905674066214,-2.1394742804316618,1.958087989194824
71.5,0.2637172043565196,-0.18901464365715606,1.0243905674066214,-2.237795778470399,1.8597664911560867
71.75,0.05246679835624363,0.11481419999363054,1.0243905674066214,-1.9339669348196122,2.1635953348068733
72.0,1.9591824016158168,2.1906666646650934,1.0243905674066214,0.14188552985185066,4.239447799478336
72.25,2.718205881107681,2.8158587399529362,1.0243905674066214,0.7670776051396935,4.864639874766179
72.5,-0.25197737820688537,-0.004535470901250993,1.0243905674066214,-2.053316605714494,2.0442456639119917
72.75,0.15256251210246857,0.3274357931888421,1.0243905674066214,-1.7213453416244007,2.376216928002085
73.0,1.8550131824950131,0.35713700746677146,1.0243905674066214,-1.6916441273464713,2.405918142280014
73.25,-2.5666584409312976,-0.11836812401358034,1.0243905674066214,-2.1671492588268233,1.9304130107996624
73.5,-0.23685026450968424,-0.08428459004948606,1.0243905674066214,-2.1330657248627287,1.9644965447637568
73.75,0.17651242137244696,0.06511101470919814,1.0243905674066214,-1.9836701201040445,2.113892149522441
74.0,2.934187914275585,2.4607431232714894,1.0243905674066214,0.4119619884582466,4.509524258084732
74.25,1.9614612249655552,2.4898536126901174,1.0243905674066214,0.44107247787687465,4.538634747503361
74.5,-1.5586296897949345,0.047622993816230974,1.0243905674066214,-2.0011581409970116,2.096404128629474
74.75,3.7097191046182085,3.2007333556876105,1.0243905674066214,1.1519522208743678,5.249514490500854
75.0,3.1298782409203216,1.4626011112630832,1.0243905674066214,-0.5861800235501595,3.5113822460763258
75.25,-1.5338614049161376,-0.1165701719505176,1.0243905674066214,-2.1653513067637604,1.932210962862725
75.5,1.9700803659456847,1.4805084949541418,1.0243905674066214,-0.5682726398591009,3.5292896297673844
75.75,-0.3285252231228939,0.022356126489565857,1.0243905674066214,-2.026425008323677,2.0711372613028085
76.0,2.5740265580929704,2.658693556889717,1.0243905674066214,0.6099124220764742,4.707474691702959
76.25,-1.052898510703949,-0.24913553309097003,1.0243905674066214,-2.2979166679042127,1.7996456017222728
76.5,-0.33445617235587666,-0.21144481935532822,1.0243905674066214,-2.260225954168571,1.8373363154579145
76.75,3.069147743910727,1.518982916058408,1.0243905674066214,-0.5297982187548347,3.567764050871651
77.0,15.197075692203851,14.493886389853733,1.0243905674066214,12.44510525504049,16.542667524666975
77.25,19.315526511764254,17.671496271636197,1.0243905674066214,15.622715136822954,19.72027740644944
77.5,24.981646389708605,23.766217952399924,1.0243905674066214,21.71743681758668,25.814999087213167
77.75,31.433276047134324,30.681084579266308,1.0243905674066214,28.632303444453065,32.72986571407955
78.0,42.24733389315781,40.25323316005342,1.0243905674066214,38.20445202524018,42.30201429486666
78.25,47.16646634691074,46.76057975138827,1.0243905674066214,44.71179861657503,48.80936088620151
78.5,54.26350119061161,53.31744140931416,1.0243905674066214,51.268660274500924,55.3662225441274
78.75,59.57179373108679,59.649309760641955,1.0243905674066214,57.600528625828716,61.698090895455195
79.0,71.22733123268095,71.14028442443583,1.0243905674066214,69.0915032896226,73.18906555924907
79.25,68.72746127358813,69.56957917118261,1.0243905674066214,67.52079803636937,71.61836030599585
79.5,75.71893067102646,74.85175127063754,1.0243905674066214,72.8029701358243,76.90053240545078
79.75,77.94628712672974,79.1527975674207,1.0243905674066214,77.10401643260747,81.20157870223395
80.0,89.13807567601982,88.46604625720593,1.0243905674066214,86.41726512239269,90.51482739201917
80.25,94.2534835442312,94.09601727879975,1.0243905674066214,92.04723614398651,96.14479841361299
80.5,96.01230590124591,94.89246962343495,1.0243905674066214,92.84368848862171,96.94125075824819
80.75,97.08928785688234,96.55180936009728,1.0243905674066214,94.50302822528404,98.60059049491052
81.0,101.41410157301537,99.86129854410254,1.0243905674066214,97.8125174092893,101.91007967891578
81.25,107.48112393378457,106.60210046451151,1.0243905674066214,104.55331932969827,108.65088159932475
81.5,107.71507649579937,108.90491812832681,1.0243905674066214,106.85613699351357,110.95369926314005
81.75,110.42226139750005,110.52151306033323,1.0243905674066214,108.47273192552,112.57029419514647
82.0,107.0670809524907,108.21032694673875,1.0243905674066214,106.1615458119255,110.25910808155199
82.25,111.40550386730597,112.05680309358902,1.0243905674066214,110.00802195877579,114.10558422840226
82.5,113.74881751490489,112.35398877342693,1.0243905674066214,110.3052076386137,114.40276990824017
82.75,113.56970956048725,113.15989589906799,1.0243905674066214,111.11111476425475,115.20867703388123
83.0,114.37093899562129,115.01976979735304,1.0243905674066214,112.9709886625398,117.06855093216627
83.25,112.14338174278299,113.15830761693019,1.0243905674066214,111.10952648211695,115.20708875174343
83.5,114.49091883622955,114.57712337322873,1.0243905674066214,112.52834223841549,116.62590450804197
83.75,111.28817841844348,112.38768724763497,1.0243905674066214,110.33890611282173,114.43646838244821
84.0,112.34985854973199,112.76376767060974,1.0243905674066214,110.7149865357965,114.81254880542298
84.25,114.1897042197919,113.74016717909106,1.0243905674066214,111.69138604427782,115.7889483139043
84.5,108.56526174874685,107.08880554383639,1.0243905674066214,105.04002440902315,109.13758667864963
84.75,111.16740711558693,110.61776153528811,1.0243905674066214,108.56898040047487,112.66654267010135
85.0,107.4465149516061,109.62109795064423,1.0243905674066214,107.57231681583099,111.66987908545747
85.25,109.00840835510472,108.67636966357388,1.0243905674066214,106.62758852876064,110.72515079838712
85.5,109.11891532154374,108.98753233541768,1.0243905674066214,106.93875120060444,111.03631347023092
85.75,113.740951362084,112.99465845021405,1.0243905674066214,110.94587731540081,115.04343958502729
86.0,106.49145773691653,104.90093879383072,1.0243905674066214,102.85215765901748,106.94971992864396
86.25,106.5556798301541,108.45318652612377,1.0243905674066214,106.40440539131053,110.50196766093701
86.5,97.88784595385842,98.38445385155833,1.0243905674066214,96.3356727167451,100.43323498637157
86.75,100.47356591428405,99.71199716317072,1.0243905674066214,97.66321602835748,101.76077829798396
87.0,96.68757604089637,97.94128484519291,1.0243905674066214,95.89250371037967,99.99006598000615
87.25,97.44338361271393,95.78004228599232,1.0243905674066214,93.73126115117908,97.82882342080556
87.5,92.68476058999315,92.2867845122459,1.0243905674066214,90.23800337743266,94.33556564705914
87.75,88.9506431309089,88.06504765472742,1.0243905674066214,86.01626651991418,90.11382878954066
88.0,79.24385069447419,79.51966315627759,1.0243905674066214,77.47088202146435,81.56844429109083
88.25,75.05337913909663,74.44570020323725,1.0243905674066214,72.39691906842401,76.49448133805049
88.5,73.69926752304576,72.47661620225703,1.0243905674066214,70.4278350674438,74.52539733707027
88.75,63.84717225988155,63.50106650853999,1.0243905674066214,61.45228537372675,65.54984764335323
89.0,54.464236959539825,54.452141955796826,1.0243905674066214,52.403360820983586,56.500923090610065
89.25,48.5682783507229,48.63908417592783,1.0243905674066214,46.59030304111459,50.68786531074107
89.5,41.52221760454898,42.42570443679833,1.0243905674066214,40.37692330198509,44.47448557161157
89.75,39.77017125206471,39.59151553348102,1.0243905674066214,37.54273439866778,41.64029666829426
90.0,31.848384472239843,31.924742806015505,1.0243905674066214,29.875961671202262,33.97352394082875
90.25,27.068121369010044,26.809178172092285,1.0243905674066214,24.76039703727904,28.857959306905528
90.5,17.288770882680765,16.498261432697692,1.0243905674066214,14.449480297884449,18.547042567510935
90.75,9.887313216834219,10.902952647954073,1.0243905674066214,8.85417151314083,12.951733782767317
91.0,5.0869258976539,5.244044207681721,1.0243905674066214,3.1952630728684785,7.2928253424949645
91.25,1.4814555476589732,0.08121093391119856,1.0243905674066214,-1.9675702009020442,2.1299920687244414
91.5,0.6267374838596864,1.297880792006662,1.0243905674066214,-0.7509003428065808,3.3466619268199045
91.75,-0.8222500172903203,0.18305242709266922,1.0243905674066214,-1.8657287077205735,2.231833561905912
92.0,0.20230619183119358,0.030927816991823044,1.0243905674066214,-2.0178533178214195,2.079708951805066
92.25,0.8443851904853201,-0.14121326334941922,1.0243905674066214,-2.189994398162662,1.9075678714638236
92.5,0.01142605556065933,0.041047372386154427,1.0243905674066214,-2.007733762427088,2.0898285071993974
92.75,2.7898780327937507,1.5359287922688518,1.0243905674066214,-0.5128523425443909,3.584709927082095
93.0,0.8567939825665268,0.1356066143363467,1.0243905674066214,-1.913174520476896,2.1843877491495896
93.25,0.8793024230731402,-0.04293865966916194,1.0243905674066214,-2.0917197944824046,2.005842475144081
93.5,1.9963564780418364,1.2315070308457166,1.0243905674066214,-0.8172741039675262,3.280288165658959
93.75,3.667246628435933,1.6559689846675545,1.0243905674066214,-0.39281215014568827,3.7047501194807975
94.0,1.7909936380523308,2.2469231918468067,1.0243905674066214,0.1981420570335639,4.295704326660049
94.25,-2.003522292066514,-0.25923730614293256,1.0243905674066214,-2.3080184409561753,1.7895438286703103
94.5,1.604254361517141,0.11400998094260076,1.0243905674066214,-1.934771153870642,2.1627911157558435
94.75,-0.45769943095682564,-0.09487557043389376,1.0243905674066214,-2.1436567052471367,1.953905564379349
95.0,0.10788044434303304,-0.08795723366923543,1.0243905674066214,-2.136738368482478,1.9608239011440074
95.25,1.309550684860527,-0.09069314561841887,1.0243905674066214,-2.1394742804316618,1.958087989194824
95.5,-1.6022595410589253,-0.18901464365715606,1.0243905674066214,-2.237795778470399,1.8597664911560867
95.75,-1.2516472141061394,0.11481419999363054,1.0243905674066214,-1.9339669348196122,2.1635953348068733
96.0,0.6500756503005181,2.1906666646650934,1.0243905674066214,0.14188552985185066,4.239447799478336
96.25,2.027557859148218,2.8158587399529362,1.0243905674066214,0.7670776051396935,4.864639874766179
96.5,0.43963660601699356,-0.004535470901250993,1.0243905674066214,-2.053316605714494,2.0442456639119917
96.75,0.524187842812771,0.3274357931888421,1.0243905674066214,-1.7213453416244007,2.376216928002085
97.0,0.6597953888304098,0.35713700746677146,1.0243905674066214,-1.6916441273464713,2.405918142280014
97.25,-1.4127658838923665,-0.11836812401358034,1.0243905674066214,-2.1671492588268233,1.9304130107996624
97.5,-2.310103436632644,-0.08428459004948606,1.0243905674066214,-2.1330657248627287,1.9644965447637568
97.75,0.054353585390382264,0.06511101470919814,1.0243905674066214,-1.9836701201040445,2.113892149522441
98.0,2.1664178909501497,2.4607431232714894,1.0243905674066214,0.4119619884582466,4.509524258084732
98.25,2.7927615780034567,2.4898536126901174,1.0243905674066214,0.44107247787687465,4.538634747503361
98.5,0.9000457189049182,0.047622993816230974,1.0243905674066214,-2.0011581409970116,2.096404128629474
98.75,3.519965052962781,3.2007333556876105,1.0243905674066214,1.1519522208743678,5.249514490500854
99.0,2.1626611121319907,1.4626011112630832,1.0243905674066214,-0.5861800235501595,3.5113822460763258
99.25,0.22921137411506842,-0.1165701719505176,1.0243905674066214,-2.1653513067637604,1.932210962862725
99.5,1.636317057848963,1.4805084949541418,1.0243905674066214,-0.5682726398591009,3.5292896297673844
99.75,-0.7046732628698824,0.022356126489565857,1.0243905674066214,-2.026425008323677,2.0711372613028085
100.0,2.4557394900903593,2.658693556889717,1.0243905674066214,0.6099124220764742,4.707474691702959
100.25,0.19677609665695725,-0.24913553309097003,1.0243905674066214,-2.2979166679042127,1.7996456017222728
100.5,0.8205284754174188,-0.21144481935532822,1.0243905674066214,-2.260225954168571,1.8373363154579145
100.75,1.3753619769871965,1.518982916058408,1.0243905674066214,-0.5297982187548347,3.567764050871651
101.0,15.135587705948257,14.493886389853733,1.0243905674066214,12.44510525504049,16.542667524666975
101.25,17.317376114438932,17.671496271636197,1.0243905674066214,15.622715136822954,19.72027740644944
101.5,23.686692333402778,23.766217952399924,1.0243905674066214,21.71743681758668,25.814999087213167
101.75,31.82370841022882,30.681084579266308,1.0243905674066214,28.632303444453065,32.72986571407955
102.0,38.51033899593586,40.25323316005342,1.0243905674066214,38.20445202524018,42.30201429486666
102.25,45.431000860097676,46.76057975138827,1.0243905674066214,44.71179861657503,48.80936088620151
102.5,51.95332761637174,53.31744140931416,1.0243905674066214,51.268660274500924,55.3662225441274
102.75,57.534748564773196,59.649309760641955,1.0243905674066214,57.600528625828716,61.698090895455195
103.0,70.48252097666658,71.14028442443583,1.0243905674066214,69.0915032896226,73.18906555924907
103.25,70.17431899661615,69.56957917118261,1.0243905674066214,67.52079803636937,71.61836030599585
103.5,74.44446267004903,74.85175127063754,1.0243905674066214,72.8029701358243,76.90053240545078
103.75,79.32238083178646,79.1527975674207,1.0243905674066214,77.10401643260747,81.20157870223395
104.0,89.44494283031295,88.46604625720593,1.0243905674066214,86.41726512239269,90.51482739201917
104.25,95.77182073400405,94.09601727879975,1.0243905674066214,92.04723614398651,96.14479841361299
104.5,94.77192087305245,94.89246962343495,1.0243905674066214,92.84368848862171,96.94125075824819
104.75,97.69200475772048,96.55180936009728,1.0243905674066214,94.50302822528404,98.60059049491052
105.0,99.68558207380268,99.86129854410254,1.0243905674066214,97.8125174092893,101.91007967891578
105.25,105.91295101881846,106.60210046451151,1.0243905674066214,104.55331932969827,108.65088159932475
105.5,108.69271639925387,108.90491812832681,1.0243905674066214,106.85613699351357,110.95369926314005
105.75,109.00867805783324,110.52151306033323,1.0243905674066214,108.47273192552,112.57029419514647
106.0,107.35095429135187,108.21032694673875,1.0243905674066214,106.1615458119255,110.25910808155199
106.25,111.56576702159781,112.05680309358902,1.0243905674066214,110.00802195877579,114.10558422840226
106.5,113.04117410100676,112.35398877342693,1.0243905674066214,110.3052076386137,114.40276990824017
106.75,114.65294558075554,113.15989589906799,1.0243905674066214,111.11111476425475,115.20867703388123
107.0,113.687687908823,115.01976979735304,1.0243905674066214,112.9709886625398,117.06855093216627
107.25,113.54992657748332,113.15830761693019,1.0243905674066214,111.10952648211695,115.20708875174343
107.5,113.41759280419576,114.57712337322873,1.0243905674066214,112.52834223841549,116.62590450804197
107.75,112.9794356562878,112.38768724763497,1.0243905674066214,110.33890611282173,114.43646838244821
108.0,112.88991217644084,112.76376767060974,1.0243905674066214,110.7149865357965,114.81254880542298
108.25,112.04678892239312,113.74016717909106,1.0243905674066214,111.69138604427782,115.7889483139043
108.5,108.33824670420864,107.08880554383639,1.0243905674066214,105.04002440902315,109.13758667864963
108.75,109.95364493055375,110.61776153528811,1.0243905674066214,108.56898040047487,112.66654267010135
109.0,109.20390422183065,109.62109795064423,1.0243905674066214,107.57231681583099,111.66987908545747
109.25,107.63428921478477,108.67636966357388,1.0243905674066214,106.62758852876064,110.72515079838712
109.5,108.39259847162361,108.98753233541768,1.0243905674066214,106.93875120060444,111.03631347023092
109.75,113.75495151740624,112.99465845021405,1.0243905674066214,110.94587731540081,115.04343958502729
110.0,104.6860037143289,104.90093879383072,1.0243905674066214,102.85215765901748,106.94971992864396
110.25,108.94758010924133,108.45318652612377,1.0243905674066214,106.40440539131053,110.50196766093701
110.5,98.84087123297837,98.38445385155833,1.0243905674066214,96.3356727167451,100.43323498637157
110.75,101.20332124701886,99.71199716317072,1.0243905674066214,97.66321602835748,101.76077829798396
111.0,97.92638428948594,97.94128484519291,1.0243905674066214,95.89250371037967,99.99006598000615
111.25,94.49057674781469,95.78004228599232,1.0243905674066214,93.73126115117908,97.82882342080556
111.5,93.38362639386447,92.2867845122459,1.0243905674066214,90.23800337743266,94.33556564705914
111.75,87.77257097296824,88.06504765472742,1.0243905674066214,86.01626651991418,90.11382878954066
112.0,80.92938680057337,79.51966315627759,1.0243905674066214,77.47088202146435,81.56844429109083
112.25,74.6229925623129,74.44570020323725,1.0243905674066214,72.39691906842401,76.49448133805049
112.5,72.49965843685338,72.47661620225703,1.0243905674066214,70.4278350674438,74.52539733707027
112.75,63.96307013379068,63.50106650853999,1.0243905674066214,61.45228537372675,65.54984764335323
113.0,56.18084862696743,54.452141955796826,1.0243905674066214,52.403360820983586,56.500923090610065
113.25,50.374915640494926,48.63908417592783,1.0243905674066214,46.59030304111459,50.68786531074107
113.5,42.45494400442114,42.42570443679833,1.0243905674066214,40.37692330198509,44.47448557161157
113.75,40.077890525622145,39.59151553348102,1.0243905674066214,37.54273439866778,41.64029666829426
114.0,33.07714716215859,31.924742806015505,1.0243905674066214,29.875961671202262,33.97352394082875
114.25,25.839066471889204,26.809178172092285,1.0243905674066214,24.76039703727904,28.857959306905528
114.5,16.622017008388728,16.498261432697692,1.0243905674066214,14.449480297884449,18.547042567510935
114.75,10.919986450858772,10.902952647954073,1.0243905674066214,8.85417151314083,12.951733782767317
115.0,5.52584313943103,5.244044207681721,1.0243905674066214,3.1952630728684785,7.2928253424949645
115.25,-0.8333688059494058,0.08121093391119856,1.0243905674066214,-1.9675702009020442,2.1299920687244414
115.5,-0.2192417806367184,1.297880792006662,1.0243905674066214,-0.7509003428065808,3.3466619268199045
115.75,-2.0729834359912918,0.18305242709266922,1.0243905674066214,-1.8657287077205735,2.231833561905912
116.0,-1.1173841129896078,0.030927816991823044,1.0243905674066214,-2.0178533178214195,2.079708951805066
116.25,-0.458675284939333,-0.14121326334941922,1.0243905674066214,-2.189994398162662,1.9075678714638236
116.5,-0.2931915866487618,0.041047372386154427,1.0243905674066214,-2.007733762427088,2.0898285071993974
116.75,3.398148604786279,1.5359287922688518,1.0243905674066214,-0.5128523425443909,3.584709927082095
117.0,1.1059933699072981,0.1356066143363467,1.0243905674066214,-1.913174520476896,2.1843877491495896
117.25,-0.9246087601585489,-0.04293865966916194,1.0243905674066214,-2.0917197944824046,2.005842475144081
117.5,1.7899484291687,1.2315070308457166,1.0243905674066214,-0.8172741039675262,3.280288165658959
117.75,0.9325152917395232,1.6559689846675545,1.0243905674066214,-0.39281215014568827,3.7047501194807975
118.0,1.71179148887828,2.2469231918468067,1.0243905674066214,0.1981420570335639,4.295704326660049
118.25,0.18532564941538202,-0.25923730614293256,1.0243905674066214,-2.3080184409561753,1.7895438286703103
118.5,0.6191711169753933,0.11400998094260076,1.0243905674066214,-1.934771153870642,2.1627911157558435
118.75,-0.33925848388401536,-0.09487557043389376,1.0243905674066214,-2.1436567052471367,1.953905564379349
119.0,1.0638515327343585,-0.08795723366923543,1.0243905674066214,-2.136738368482478,1.9608239011440074
119.25,-1.141938226142404,-0.09069314561841887,1.0243905674066214,-2.1394742804316618,1.958087989194824
119.5,0.006339062362268442,-0.18901464365715606,1.0243905674066214,-2.237795778470399,1.8597664911560867
119.75,2.5976737265958323,0.11481419999363054,1.0243905674066214,-1.9339669348196122,2.1635953348068733
120.0,2.474433330044647,2.1906666646650934,1.0243905674066214,0.14188552985185066,4.239447799478336
120.25,4.254908655779815,2.8158587399529362,1.0243905674066214,0.7670776051396935,4.864639874766179
120.5,0.09152017817320818,-0.004535470901250993,1.0243905674066214,-2.053316605714494,2.0442456639119917
120.75,0.5807770953297967,0.3274357931888421,1.0243905674066214,-1.7213453416244007,2.376216928002085
121.0,0.32673801510916456,0.35713700746677146,1.0243905674066214,-1.6916441273464713,2.405918142280014
121.25,-0.17040758116420443,-0.11836812401358034,1.0243905674066214,-2.1671492588268233,1.9304130107996624
121.5,-0.7794823967254196,-0.08428459004948606,1.0243905674066214,-2.1330657248627287,1.9644965447637568
121.75,0.4303013589575532,0.06511101470919814,1.0243905674066214,-1.9836701201040445,2.113892149522441
122.0,1.7866567354027176,2.4607431232714894,1.0243905674066214,0.4119619884582466,4.509524258084732
122.25,2.998961042600274,2.4898536126901174,1.0243905674066214,0.44107247787687465,4.538634747503361
122.5,1.283379097129558,0.047622993816230974,1.0243905674066214,-2.0011581409970116,2.096404128629474
122.75,3.7482550281413287,3.2007333556876105,1.0243905674066214,1.1519522208743678,5.249514490500854
123.0,1.116279293200445,1.4626011112630832,1.0243905674066214,-0.5861800235501595,3.5113822460763258
123.25,0.4539655793086961,-0.1165701719505176,1.0243905674066214,-2.1653513067637604,1.932210962862725
123.5,0.7975792967010837,1.4805084949541418,1.0243905674066214,-0.5682726398591009,3.5292896297673844
123.75,0.9355471254651493,0.022356126489565857,1.0243905674066214,-2.026425008323677,2.0711372613028085
124.0,0.8039448197066941,2.658693556889717,1.0243905674066214,0.6099124220764742,4.707474691702959
124.25,-0.3356073681186462,-0.24913553309097003,1.0243905674066214,-2.2979166679042127,1.7996456017222728
124.5,-1.9908119951239978,-0.21144481935532822,1.0243905674066214,-2.260225954168571,1.8373363154579145
124.75,0.27404231898456355,1.518982916058408,1.0243905674066214,-0.5297982187548347,3.567764050871651
125.0,15.978282680030054,14.493886389853733,1.0243905674066214,12.44510525504049,16.542667524666975
125.25,18.478399888325995,17.671496271636197,1.0243905674066214,15.622715136822954,19.72027740644944
125.5,23.08475426744612,23.766217952399924,1.0243905674066214,21.71743681758668,25.814999087213167
125.75,29.49168591216385,30.681084579266308,1.0243905674066214,28.632303444453065,32.72986571407955
126.0,37.53887052914837,40.25323316005342,1.0243905674066214,38.20445202524018,42.30201429486666
126.25,46.183977680239806,46.76057975138827,1.0243905674066214,44.71179861657503,48.80936088620151
126.5,55.85592802606196,53.31744140931416,1.0243905674066214,51.268660274500924,55.3662225441274
126.75,60.30324895608515,59.649309760641955,1.0243905674066214,57.600528625828716,61.698090895455195
127.0,70.60121313077227,71.14028442443583,1.0243905674066214,69.0915032896226,73.18906555924907
127.25,69.88996530638872,69.56957917118261,1.0243905674066214,67.52079803636937,71.61836030599585
127.5,73.16838838343716,74.85175127063754,1.0243905674066214,72.8029701358243,76.90053240545078
127.75,78.82726738714697,79.1527975674207,1.0243905674066214,77.10401643260747,81.20157870223395
128.0,88.4552028066179,88.46604625720593,1.0243905674066214,86.41726512239269,90.51482739201917
128.25,94.35803394991532,94.09601727879975,1.0243905674066214,92.04723614398651,96.14479841361299
128.5,95.63186492946868,94.89246962343495,1.0243905674066214,92.84368848862171,96.94125075824819
128.75,96.68306409438713,96.55180936009728,1.0243905674066214,94.50302822528404,98.60059049491052
129.0,100.26178143347656,99.86129854410254,1.0243905674066214,97.8125174092893,101.91007967891578
129.25,106.06197696041517,106.60210046451151,1.0243905674066214,104.55331932969827,108.65088159932475
129.5,110.18493215986315,108.90491812832681,1.0243905674066214,106.85613699351357,110.95369926314005
129.75,112.11815151802224,110.52151306033323,1.0243905674066214,108.47273192552,112.57029419514647
130.0,107.2689386254341,108.21032694673875,1.0243905674066214,106.1615458119255,110.25910808155199
130.25,111.03608805395767,112.05680309358902,1.0243905674066214,110.00802195877579,114.10558422840226
130.5,113.57337341794839,112.35398877342693,1.0243905674066214,110.3052076386137,114.40276990824017
130.75,112.7408317628945,113.15989589906799,1.0243905674066214,111.11111476425475,115.20867703388123
131.0,116.4736908162666,115.01976979735304,1.0243905674066214,112.9709886625398,117.06855093216627
131.25,112.7145633973312,113.15830761693019,1.0243905674066214,111.10952648211695,115.20708875174343
131.5,115.913182319624,114.57712337322873,1.0243905674066214,112.52834223841549,116.62590450804197
131.75,112.63622438463005,112.38768724763497,1.0243905674066214,110.33890611282173,114.43646838244821
132.0,113.27922765045126,112.76376767060974,1.0243905674066214,110.7149865357965,114.81254880542298
132.25,115.44241276991056,113.74016717909106,1.0243905674066214,111.69138604427782,115.7889483139043
132.5,107.04817923519599,107.08880554383639,1.0243905674066214,105.04002440902315,109.13758667864963
132.75,109.61752354743753,110.61776153528811,1.0243905674066214,108.56898040047487,112.66654267010135
133.0,109.28924025217584,109.62109795064423,1.0243905674066214,107.57231681583099,111.66987908545747
133.25,109.1563755767176,108.67636966357388,1.0243905674066214,106.62758852876064,110.72515079838712
133.5,107.48112267613065,108.98753233541768,1.0243905674066214,106.93875120060444,111.03631347023092
133.75,113.96453197936243,112.99465845021405,1.0243905674066214,110.94587731540081,115.04343958502729
134.0,104.33647673764757,104.90093879383072,1.0243905674066214,102.85215765901748,106.94971992864396
134.25,109.76673076769241,108.45318652612377,1.0243905674066214,106.40440539131053,110.50196766093701
134.5,96.08468907414905,98.38445385155833,1.0243905674066214,96.3356727167451,100.43323498637157
134.75,99.09609381638653,99.71199716317072,1.0243905674066214,97.66321602835748,101.76077829798396
135.0,96.58270228911623,97.94128484519291,1.0243905674066214,95.89250371037967,99.99006598000615
135.25,95.14120509829647,95.78004228599232,1.0243905674066214,93.73126115117908,97.82882342080556
135.5,92.56406987840144,92.2867845122459,1.0243905674066214,90.23800337743266,94.33556564705914
135.75,87.92483251961573,88.06504765472742,1.0243905674066214,86.01626651991418,90.11382878954066
136.0,79.56141678704797,79.51966315627759,1.0243905674066214,77.47088202146435,81.56844429109083
136.25,74.08043057775036,74.44570020323725,1.0243905674066214,72.39691906842401,76.49448133805049
136.5,72.83418420767667,72.47661620225703,1.0243905674066214,70.4278350674438,74.52539733707027
136.75,62.60575819780127,63.50106650853999,1.0243905674066214,61.45228537372675,65.54984764335323
137.0,54.93668570774018,54.452141955796826,1.0243905674066214,52.403360820983586,56.500923090610065
137.25,48.96060108182665,48.63908417592783,1.0243905674066214,46.59030304111459,50.68786531074107
137.5,42.77060080694446,42.42570443679833,1.0243905674066214,40.37692330198509,44.47448557161157
137.75,40.47423337505633,39.59151553348102,1.0243905674066214,37.54273439866778,41.64029666829426
138.0,32.29732500550086,31.924742806015505,1.0243905674066214,29.875961671202262,33.97352394082875
138.25,28.719800807387617,26.809178172092285,1.0243905674066214,24.76039703727904,28.857959306905528
138.5,16.201852464717962,16.498261432697692,1.0243905674066214,14.449480297884449,18.547042567510935
138.75,10.638766080478051,10.902952647954073,1.0243905674066214,8.85417151314083,12.951733782767317
139.0,4.458407347616099,5.244044207681721,1.0243905674066214,3.1952630728684785,7.2928253424949645
139.25,-1.0322626705778368,0.08121093391119856,1.0243905674066214,-1.9675702009020442,2.1299920687244414
139.5,0.1258539250711752,1.297880792006662,1.0243905674066214,-0.7509003428065808,3.3466619268199045
139.75,-0.8887973132309185,0.18305242709266922,1.0243905674066214,-1.8657287077205735,2.231833561905912
140.0,-0.07068038165207131,0.030927816991823044,1.0243905674066214,-2.0178533178214195,2.079708951805066
140.25,0.3342951284977145,-0.14121326334941922,1.0243905674066214,-2.189994398162662,1.9075678714638236
140.5,0.051142058552161786,0.041047372386154427,1.0243905674066214,-2.007733762427088,2.0898285071993974
140.75,0.6953821649270487,1.5359287922688518,1.0243905674066214,-0.5128523425443909,3.584709927082095
141.0,0.9001845640199633,0.1356066143363467,1.0243905674066214,-1.913174520476896,2.1843877491495896
141.25,0.7768950284840259,-0.04293865966916194,1.0243905674066214,-2.0917197944824046,2.005842475144081
141.5,1.2825916692957262,1.2315070308457166,1.0243905674066214,-0.8172741039675262,3.280288165658959
141.75,0.6866773834251363,1.6559689846675545,1.0243905674066214,-0.39281215014568827,3.7047501194807975
142.0,2.5445832477481742,2.2469231918468067,1.0243905674066214,0.1981420570335639,4.295704326660049
142.25,0.18797358748610446,-0.25923730614293256,1.0243905674066214,-2.3080184409561753,1.7895438286703103
142.5,-1.4481272594150476,0.11400998094260076,1.0243905674066214,-1.934771153870642,2.1627911157558435
142.75,-0.0679802559844049,-0.09487557043389376,1.0243905674066214,-2.1436567052471367,1.953905564379349
143.0,0.26203581207438104,-0.08795723366923543,1.0243905674066214,-2.136738368482478,1.9608239011440074
143.25,-0.8996947864877538,-0.09069314561841887,1.0243905674066214,-2.1394742804316618,1.958087989194824
143.5,0.189843392837443,-0.18901464365715606,1.0243905674066214,-2.237795778470399,1.8597664911560867
143.75,-1.4548224852577891,0.11481419999363054,1.0243905674066214,-1.9339669348196122,2.1635953348068733
144.0,3.5875396874315424,2.1906666646650934,1.0243905674066214,0.14188552985185066,4.239447799478336
144.25,4.069644134233074,2.8158587399529362,1.0243905674066214,0.7670776051396935,4.864639874766179
144.5,-0.25251733430296475,-0.004535470901250993,1.0243905674066214,-2.053316605714494,2.0442456639119917
144.75,0.36345433783907316,0.3274357931888421,1.0243905674066214,-1.7213453416244007,2.376216928002085
145.0,-2.0264007562980186,0.35713700746677146,1.0243905674066214,-1.6916441273464713,2.405918142280014
145.25,-1.1563476602653329,-0.11836812401358034,1.0243905674066214,-2.1671492588268233,1.9304130107996624
145.5,-0.2937789201521298,-0.08428459004948606,1.0243905674066214,-2.1330657248627287,1.9644965447637568
145.75,-1.0721330214268592,0.06511101470919814,1.0243905674066214,-1.9836701201040445,2.113892149522441
146.0,3.3525904072191444,2.4607431232714894,1.0243905674066214,0.4119619884582466,4.509524258084732
146.25,4.330672337034839,2.4898536126901174,1.0243905674066214,0.44107247787687465,4.538634747503361
146.5,-0.9785226267456538,0.047622993816230974,1.0243905674066214,-2.0011581409970116,2.096404128629474
146.75,2.5442602168189064,3.2007333556876105,1.0243905674066214,1.1519522208743678,5.249514490500854
147.0,1.637976395066067,1.4626011112630832,1.0243905674066214,-0.5861800235501595,3.5113822460763258
147.25,1.6111161484996208,-0.1165701719505176,1.0243905674066214,-2.1653513067637604,1.932210962862725
147.5,-0.11612196029240685,1.4805084949541418,1.0243905674066214,-0.5682726398591009,3.5292896297673844
147.75,0.24903612230694197,0.022356126489565857,1.0243905674066214,-2.026425008323677,2.0711372613028085
148.0,4.456649754734927,2.658693556889717,1.0243905674066214,0.6099124220764742,4.707474691702959
148.25,-1.6517591481792673,-0.24913553309097003,1.0243905674066214,-2.2979166679042127,1.7996456017222728
148.5,-1.281069206845832,-0.21144481935532822,1.0243905674066214,-2.260225954168571,1.8373363154579145
148.75,1.3454965427509302,1.518982916058408,1.0243905674066214,-0.5297982187548347,3.567764050871651
149.0,14.093832037360734,14.493886389853733,1.0243905674066214,12.44510525504049,16.542667524666975
149.25,18.395816194107955,17.671496271636197,1.0243905674066214,15.622715136822954,19.72027740644944
149.5,24.045894220551748,23.766217952399924,1.0243905674066214,21.71743681758668,25.814999087213167
149.75,29.21922730856262,30.681084579266308,1.0243905674066214,28.632303444453065,32.72986571407955
150.0,41.01880976989083,40.25323316005342,1.0243905674066214,38.20445202524018,42.30201429486666
150.25,46.14993430081679,46.76057975138827,1.0243905674066214,44.71179861657503,48.80936088620151
150.5,54.7099602307558,53.31744140931416,1.0243905674066214,51.268660274500924,55.3662225441274
150.75,59.240777148184584,59.649309760641955,1.0243905674066214,57.600528625828716,61.698090895455195
151.0,70.52417013371952,71.14028442443583,1.0243905674066214,69.0915032896226,73.18906555924907
151.25,69.96601670769294,69.56957917118261,1.0243905674066214,67.52079803636937,71.61836030599585
151.5,75.49227321876855,74.85175127063754,1.0243905674066214,72.8029701358243,76.90053240545078
151.75,79.57269011378082,79.1527975674207,1.0243905674066214,77.10401643260747,81.20157870223395
152.0,86.67012801621736,88.46604625720593,1.0243905674066214,86.41726512239269,90.51482739201917
152.25,94.98216904166462,94.09601727879975,1.0243905674066214,92.04723614398651,96.14479841361299
152.5,93.8067507561042,94.89246962343495,1.0243905674066214,92.84368848862171,96.94125075824819
152.75,96.57369497973934,96.55180936009728,1.0243905674066214,94.50302822528404,98.60059049491052
153.0,98.16972097996951,99.86129854410254,1.0243905674066214,97.8125174092893,101.91007967891578
153.25,107.19667139018898,106.60210046451151,1.0243905674066214,104.55331932969827,108.65088159932475
153.5,108.48051784714522,108.90491812832681,1.0243905674066214,106.85613699351357,110.95369926314005
153.75,109.20657992013773,110.52151306033323,1.0243905674066214,108.47273192552,112.57029419514647
154.0,108.95290828156791,108.21032694673875,1.0243905674066214,106.1615458119255,110.25910808155199
154.25,112.16542823134898,112.05680309358902,1.0243905674066214,110.00802195877579,114.10558422840226
154.5,111.62361228023526,112.35398877342693,1.0243905674066214,110.3052076386137,114.40276990824017
154.75,114.38335459861062,113.15989589906799,1.0243905674066214,111.11111476425475,115.20867703388123
155.0,114.6292170026303,115.01976979735304,1.0243905674066214,112.9709886625398,117.06855093216627
155.25,113.18920678319434,113.15830761693019,1.0243905674066214,111.10952648211695,115.20708875174343
155.5,114.72705019103189,114.57712337322873,1.0243905674066214,112.52834223841549,116.62590450804197
155.75,111.88507263369598,112.38768724763497,1.0243905674066214,110.33890611282173,114.43646838244821
156.0,113.49213512052849,112.76376767060974,1.0243905674066214,110.7149865357965,114.81254880542298
156.25,113.34424240107593,113.74016717909106,1.0243905674066214,111.69138604427782,115.7889483139043
156.5,106.99831139042395,107.08880554383639,1.0243905674066214,105.04002440902315,109.13758667864963
156.75,111.92128828316582,110.61776153528811,1.0243905674066214,108.56898040047487,112.66654267010135
157.0,108.69721840769176,109.62109795064423,1.0243905674066214,107.57231681583099,111.66987908545747
157.25,106.29126129514496,108.67636966357388,1.0243905674066214,106.62758852876064,110.72515079838712
157.5,110.65781874332306,108.98753233541768,1.0243905674066214,106.93875120060444,111.03631347023092
157.75,115.87638902931832,112.99465845021405,1.0243905674066214,110.94587731540081,115.04343958502729
158.0,104.46997878981598,104.90093879383072,1.0243905674066214,102.85215765901748,106.94971992864396
158.25,106.68208006633866,108.45318652612377,1.0243905674066214,106.40440539131053,110.50196766093701
158.5,98.16846540285358,98.38445385155833,1.0243905674066214,96.3356727167451,100.43323498637157
158.75,99.59643664165003,99.71199716317072,1.0243905674066214,97.66321602835748,101.76077829798396
159.0,98.07924659932806,97.94128484519291,1.0243905674066214,95.89250371037967,99.99006598000615
159.25,94.85404652273857,95.78004228599232,1.0243905674066214,93.73126115117908,97.82882342080556
159.5,92.89596511976897,92.2867845122459,1.0243905674066214,90.23800337743266,94.33556564705914
159.75,88.62856652035158,88.06504765472742,1.0243905674066214,86.01626651991418,90.11382878954066
160.0,78.32038873617668,79.51966315627759,1.0243905674066214,77.47088202146435,81.56844429109083
160.25,74.93881218082531,74.44570020323725,1.0243905674066214,72.39691906842401,76.49448133805049
160.5,74.68348094900261,72.47661620225703,1.0243905674066214,70.4278350674438,74.52539733707027
160.75,63.78625457218144,63.50106650853999,1.0243905674066214,61.45228537372675,65.54984764335323
161.0,53.89251090477262,54.452141955796826,1.0243905674066214,52.403360820983586,56.500923090610065
161.25,48.155931897033646,48.63908417592783,1.0243905674066214,46.59030304111459,50.68786531074107
161.5,43.00081963625692,42.42570443679833,1.0243905674066214,40.37692330198509,44.47448557161157
161.75,38.18702832679785,39.59151553348102,1.0243905674066214,37.54273439866778,41.64029666829426
162.0,32.1652977076695,31.924742806015505,1.0243905674066214,29.875961671202262,33.97352394082875
162.25,26.29426355519374,26.809178172092285,1.0243905674066214,24.76039703727904,28.857959306905528
162.5,18.136771648726516,16.498261432697692,1.0243905674066214,14.449480297884449,18.547042567510935
162.75,10.77167656500767,10.902952647954073,1.0243905674066214,8.85417151314083,12.951733782767317
163.0,6.879822539092997,5.244044207681721,1.0243905674066214,3.1952630728684785,7.2928253424949645
163.25,-1.1037406977820072,0.08121093391119856,1.0243905674066214,-1.9675702009020442,2.1299920687244414
163.5,1.9575848794750428,1.297880792006662,1.0243905674066214,-0.7509003428065808,3.3466619268199045
163.75,0.3194002637912288,0.18305242709266922,1.0243905674066214,-1.8657287077205735,2.231833561905912
164.0,-0.8690472478647824,0.030927816991823044,1.0243905674066214,-2.0178533178214195,2.079708951805066
164.25,0.17739611463694044,-0.14121326334941922,1.0243905674066214,-2.189994398162662,1.9075678714638236
164.5,1.2125188368316004,0.041047372386154427,1.0243905674066214,-2.007733762427088,2.0898285071993974
164.75,1.137125738070161,1.5359287922688518,1.0243905674066214,-0.5128523425443909,3.584709927082095
165.0,-1.6919626491697632,0.1356066143363467,1.0243905674066214,-1.913174520476896,2.1843877491495896
165.25,0.01991952970563249,-0.04293865966916194,1.0243905674066214,-2.0917197944824046,2.005842475144081
165.5,0.5398168819252306,1.2315070308457166,1.0243905674066214,-0.8172741039675262,3.280288165658959
165.75,0.997252589425966,1.6559689846675545,1.0243905674066214,-0.39281215014568827,3.7047501194807975
166.0,1.914567557233254,2.2469231918468067,1.0243905674066214,0.1981420570335639,4.295704326660049
166.25,-1.7056522160155172,-0.25923730614293256,1.0243905674066214,-2.3080184409561753,1.7895438286703103
166.5,-1.615658339320678,0.11400998094260076,1.0243905674066214,-1.934771153870642,2.1627911157558435
166.75,0.48206683552552526,-0.09487557043389376,1.0243905674066214,-2.1436567052471367,1.953905564379349
167.0,-0.5227186961696804,-0.08795723366923543,1.0243905674066214,-2.136738368482478,1.9608239011440074
167.25,-2.564744341820567,-0.09069314561841887,1.0243905674066214,-2.1394742804316618,1.958087989194824
167.5,0.7848440366081351,-0.18901464365715606,1.0243905674066214,-2.237795778470399,1.8597664911560867
167.75,0.27236975527423984,0.11481419999363054,1.0243905674066214,-1.9339669348196122,2.1635953348068733
168.0,1.5374787633828877,2.1906666646650934,1.0243905674066214,0.14188552985185066,4.239447799478336
168.25,1.5048639381154003,2.8158587399529362,1.0243905674066214,0.7670776051396935,4.864639874766179
168.5,0.8358078963143372,-0.004535470901250993,1.0243905674066214,-2.053316605714494,2.0442456639119917
168.75,0.3493506225604296,0.3274357931888421,1.0243905674066214,-1.7213453416244007,2.376216928002085
169.0,2.7661234921859297,0.35713700746677146,1.0243905674066214,-1.6916441273464713,2.405918142280014
169.25,0.42018859872493736,-0.11836812401358034,1.0243905674066214,-2.1671492588268233,1.9304130107996624
169.5,0.3877031412620148,-0.08428459004948606,1.0243905674066214,-2.1330657248627287,1.9644965447637568
169.75,-0.16692793010856513,0.06511101470919814,1.0243905674066214,-1.9836701201040445,2.113892149522441
170.0,3.4549697917892765,2.4607431232714894,1.0243905674066214,0.4119619884582466,4.509524258084732
170.25,2.9584610075349986,2.4898536126901174,1.0243905674066214,0.44107247787687465,4.538634747503361
170.5,1.449817101248843,0.047622993816230974,1.0243905674066214,-2.0011581409970116,2.096404128629474
170.75,2.860400702266814,3.2007333556876105,1.0243905674066214,1.1519522208743678,5.249514490500854
171.0,0.9671205538121745,1.4626011112630832,1.0243905674066214,-0.5861800235501595,3.5113822460763258
171.25,-0.4791031709119801,-0.1165701719505176,1.0243905674066214,-2.1653513067637604,1.932210962862725
171.5,1.8970540734264856,1.4805084949541418,1.0243905674066214,-0.5682726398591009,3.5292896297673844
171.75,1.498374440296732,0.022356126489565857,1.0243905674066214,-2.026425008323677,2.0711372613028085
172.0,2.176510410772517,2.658693556889717,1.0243905674066214,0.6099124220764742,4.707474691702959
172.25,-0.42477372779309125,-0.24913553309097003,1.0243905674066214,-2.2979166679042127,1.7996456017222728
172.5,0.3140772238697992,-0.21144481935532822,1.0243905674066214,-2.260225954168571,1.8373363154579145
172.75,1.5233416491988672,1.518982916058408,1.0243905674066214,-0.5297982187548347,3.567764050871651
173.0,15.566474103356034,14.493886389853733,1.0243905674066214,12.44510525504049,16.542667524666975
173.25,15.331437615735265,17.671496271636197,1.0243905674066214,15.622715136822954,19.72027740644944
173.5,22.977529453814014,23.766217952399924,1.0243905674066214,21.71743681758668,25.814999087213167
173.75,30.2117730342433,30.681084579266308,1.0243905674066214,28.632303444453065,32.72986571407955
174.0,38.183043354603875,40.25323316005342,1.0243905674066214,38.20445202524018,42.30201429486666
174.25,45.763834743803635,46.76057975138827,1.0243905674066214,44.71179861657503,48.80936088620151
174.5,52.52035689796863,53.31744140931416,1.0243905674066214,51.268660274500924,55.3662225441274
174.75,59.667260030102675,59.649309760641955,1.0243905674066214,57.600528625828716,61.698090895455195
175.0,72.27375130848202,71.14028442443583,1.0243905674066214,69.0915032896226,73.18906555924907
175.25,69.17982444569772,69.56957917118261,1.0243905674066214,67.52079803636937,71.61836030599585
175.5,73.69853301616045,74.85175127063754,1.0243905674066214,72.8029701358243,76.90053240545078
175.75,79.06763620863109,79.1527975674207,1.0243905674066214,77.10401643260747,81.20157870223395
176.0,89.40489895504352,88.46604625720593,1.0243905674066214,86.41726512239269,90.51482739201917
176.25,93.46817578562145,94.09601727879975,1.0243905674066214,92.04723614398651,96.14479841361299
176.5,93.93048392385714,94.89246962343495,1.0243905674066214,92.84368848862171,96.94125075824819
176.75,96.8969678274253,96.55180936009728,1.0243905674066214,94.50302822528404,98.60059049491052
177.0,99.37191929963777,99.86129854410254,1.0243905674066214,97.8125174092893,101.91007967891578
177.25,107.3978339333554,106.60210046451151,1.0243905674066214,104.55331932969827,108.65088159932475
177.5,109.2734699596573,108.90491812832681,1.0243905674066214,106.85613699351357,110.95369926314005
177.75,111.19087821848781,110.52151306033323,1.0243905674066214,108.47273192552,112.57029419514647
178.0,107.20401003104487,108.21032694673875,1.0243905674066214,106.1615458119255,110.25910808155199
178.25,111.91169905888397,112.05680309358902,1.0243905674066214,110.00802195877579,114.10558422840226
178.5,112.026899067265,112.35398877342693,1.0243905674066214,110.3052076386137,114.40276990824017
178.75,111.71628482548543,113.15989589906799,1.0243905674066214,111.11111476425475,115.20867703388123
179.0,113.50639147633134,115.01976979735304,1.0243905674066214,112.9709886625398,117.06855093216627
179.25,113.84284814449806,113.15830761693019,1.0243905674066214,111.10952648211695,115.20708875174343
179.5,114.10718436113531,114.57712337322873,1.0243905674066214,112.52834223841549,116.62590450804197
179.75,111.48245828617728,112.38768724763497,1.0243905674066214,110.33890611282173,114.43646838244821
180.0,112.92481989020523,112.76376767060974,1.0243905674066214,110.7149865357965,114.81254880542298
180.25,115.00571360558996,113.74016717909106,1.0243905674066214,111.69138604427782,115.7889483139043
180.5,105.12921186726824,107.08880554383639,1.0243905674066214,105.04002440902315,109.13758667864963
180.75,109.06200695345916,110.61776153528811,1.0243905674066214,108.56898040047487,112.66654267010135
181.0,108.81491801830893,109.62109795064423,1.0243905674066214,107.57231681583099,111.66987908545747
181.25,110.16522049279479,108.67636966357388,1.0243905674066214,106.62758852876064,110.72515079838712
181.5,109.32946873123046,108.98753233541768,1.0243905674066214,106.93875120060444,111.03631347023092
181.75,114.09437831717254,112.99465845021405,1.0243905674066214,110.94587731540081,115.04343958502729
182.0,103.73508713613909,104.90093879383072,1.0243905674066214,102.85215765901748,106.94971992864396
182.25,107.49938223168832,108.45318652612377,1.0243905674066214,106.40440539131053,110.50196766093701
182.5,98.92676309577223,98.38445385155833,1.0243905674066214,96.3356727167451,100.43323498637157
182.75,99.94093392242614,99.71199716317072,1.0243905674066214,97.66321602835748,101.76077829798396
183.0,98.81790925921445,97.94128484519291,1.0243905674066214,95.89250371037967,99.99006598000615
183.25,95.77976357373197,95.78004228599232,1.0243905674066214,93.73126115117908,97.82882342080556
183.5,92.59454770374712,92.2867845122459,1.0243905674066214,90.23800337743266,94.33556564705914
183.75,88.2621782299706,88.06504765472742,1.0243905674066214,86.01626651991418,90.11382878954066
184.0,80.59256174508091,79.51966315627759,1.0243905674066214,77.47088202146435,81.56844429109083
184.25,75.0466237310749,74.44570020323725,1.0243905674066214,72.39691906842401,76.49448133805049
184.5,71.01092397266495,72.47661620225703,1.0243905674066214,70.4278350674438,74.52539733707027
184.75,61.36702568440353,63.50106650853999,1.0243905674066214,61.45228537372675,65.54984764335323
185.0,55.231581464492635,54.452141955796826,1.0243905674066214,52.403360820983586,56.500923090610065
185.25,49.48566020470311,48.63908417592783,1.0243905674066214,46.59030304111459,50.68786531074107
185.5,41.36493984977502,42.42570443679833,1.0243905674066214,40.37692330198509,44.47448557161157
185.75,38.05786452575944,39.59151553348102,1.0243905674066214,37.54273439866778,41.64029666829426
186.0,32.0999418256994,31.924742806015505,1.0243905674066214,29.875961671202262,33.97352394082875
186.25,27.61556573100708,26.809178172092285,1.0243905674066214,24.76039703727904,28.857959306905528
186.5,18.08654115820479,16.498261432697692,1.0243905674066214,14.449480297884449,18.547042567510935
186.75,11.46214687091408,10.902952647954073,1.0243905674066214,8.85417151314083,12.951733782767317
187.0,4.840218231387782,5.244044207681721,1.0243905674066214,3.1952630728684785,7.2928253424949645
187.25,-0.8931306215848627,0.08121093391119856,1.0243905674066214,-1.9675702009020442,2.1299920687244414
187.5,1.381777004342905,1.297880792006662,1.0243905674066214,-0.7509003428065808,3.3466619268199045
187.75,-0.2992647038852564,0.18305242709266922,1.0243905674066214,-1.8657287077205735,2.231833561905912
188.0,-1.0150679057288161,0.030927816991823044,1.0243905674066214,-2.0178533178214195,2.079708951805066
188.25,2.0487556508632867,-0.14121326334941922,1.0243905674066214,-2.189994398162662,1.9075678714638236
188.5,1.785168402072131,0.041047372386154427,1.0243905674066214,-2.007733762427088,2.0898285071993974
188.75,2.59696612591219,1.5359287922688518,1.0243905674066214,-0.5128523425443909,3.584709927082095
189.0,-0.9208503978091276,0.1356066143363467,1.0243905674066214,-1.913174520476896,2.1843877491495896
189.25,0.8925016804803572,-0.04293865966916194,1.0243905674066214,-2.0917197944824046,2.005842475144081
189.5,2.081866386215645,1.2315070308457166,1.0243905674066214,-0.8172741039675262,3.280288165658959
189.75,1.7821391522939014,1.6559689846675545,1.0243905674066214,-0.39281215014568827,3.7047501194807975
190.0,3.245820593962152,2.2469231918468067,1.0243905674066214,0.1981420570335639,4.295704326660049
190.25,0.6353711428612774,-0.25923730614293256,1.0243905674066214,-2.3080184409561753,1.7895438286703103
190.5,0.7400142363043355,0.11400998094260076,1.0243905674066214,-1.934771153870642,2.1627911157558435
190.75,0.6369062833722101,-0.09487557043389376,1.0243905674066214,-2.1436567052471367,1.953905564379349
191.0,0.3407914080021059,-0.08795723366923543,1.0243905674066214,-2.136738368482478,1.9608239011440074
191.25,-1.7836111297141835,-0.09069314561841887,1.0243905674066214,-2.1394742804316618,1.958087989194824
191.5,0.08362107741055723,-0.18901464365715606,1.0243905674066214,-2.237795778470399,1.8597664911560867
191.75,-0.5561919588491252,0.11481419999363054,1.0243905674066214,-1.9339669348196122,2.1635953348068733
192.0,0.9715126297793513,2.1906666646650934,1.0243905674066214,0.14188552985185066,4.239447799478336
192.25,4.503510768474466,2.8158587399529362,1.0243905674066214,0.7670776051396935,4.864639874766179
192.5,1.7289953408857035,-0.004535470901250993,1.0243905674066214,-2.053316605714494,2.0442456639119917
192.75,1.359220600295612,0.3274357931888421,1.0243905674066214,-1.7213453416244007,2.376216928002085
193.0,0.6387346263577307,0.35713700746677146,1.0243905674066214,-1.6916441273464713,2.405918142280014
193.25,1.3506251209526567,-0.11836812401358034,1.0243905674066214,-2.1671492588268233,1.9304130107996624
193.5,0.012053180601825543,-0.08428459004948606,1.0243905674066214,-2.1330657248627287,1.9644965447637568
193.75,0.20279727689777938,0.06511101470919814,1.0243905674066214,-1.9836701201040445,2.113892149522441
194.0,1.5447225541265026,2.4607431232714894,1.0243905674066214,0.4119619884582466,4.509524258084732
194.25,2.730367110785685,2.4898536126901174,1.0243905674066214,0.44107247787687465,4.538634747503361
194.5,0.2584780211080652,0.047622993816230974,1.0243905674066214,-2.0011581409970116,2.096404128629474
194.75,2.0790715040696344,3.2007333556876105,1.0243905674066214,1.1519522208743678,5.249514490500854
195.0,1.35133091493954,1.4626011112630832,1.0243905674066214,-0.5861800235501595,3.5113822460763258
195.25,-0.07972956385680847,-0.1165701719505176,1.0243905674066214,-2.1653513067637604,1.932210962862725
195.5,2.9038135188921363,1.4805084949541418,1.0243905674066214,-0.5682726398591009,3.5292896297673844
195.75,0.8942133285134095,0.022356126489565857,1.0243905674066214,-2.026425008323677,2.0711372613028085
196.0,2.6467963430132837,2.658693556889717,1.0243905674066214,0.6099124220764742,4.707474691702959
196.25,0.248787309801083,-0.24913553309097003,1.0243905674066214,-2.2979166679042127,1.7996456017222728
196.5,0.044212378104198057,-0.21144481935532822,1.0243905674066214,-2.260225954168571,1.8373363154579145
196.75,1.566189164416221,1.518982916058408,1.0243905674066214,-0.5297982187548347,3.567764050871651
197.0,13.531993252827858,14.493886389853733,1.0243905674066214,12.44510525504049,16.542667524666975
197.25,17.432163028747382,17.671496271636197,1.0243905674066214,15.622715136822954,19.72027740644944
197.5,23.058136244078398,23.766217952399924,1.0243905674066214,21.71743681758668,25.814999087213167
197.75,29.7438738292816,30.681084579266308,1.0243905674066214,28.632303444453065,32.72986571407955
198.0,41.01462118153755,40.25323316005342,1.0243905674066214,38.20445202524018,42.30201429486666
198.25,47.118737848105674,46.76057975138827,1.0243905674066214,44.71179861657503,48.80936088620151
198.5,51.64880550244648,53.31744140931416,1.0243905674066214,51.268660274500924,55.3662225441274
198.75,59.74568004712638,59.649309760641955,1.0243905674066214,57.600528625828716,61.698090895455195
199.0,72.15648680272167,71.14028442443583,1.0243905674066214,69.0915032896226,73.18906555924907
199.25,70.48410883578474,69.56957917118261,1.0243905674066214,67.52079803636937,71.61836030599585
199.5,75.75518357931685,74.85175127063754,1.0243905674066214,72.8029701358243,76.90053240545078
199.75,79.16350395674607,79.1527975674207,1.0243905674066214,77.10401643260747,81.20157870223395
200.0,87.51068000563302,88.46604625720593,1.0243905674066214,86.41726512239269,90.51482739201917
200.25,93.3604357743783,94.09601727879975,1.0243905674066214,92.04723614398651,96.14479841361299
200.5,95.18566371252895,94.89246962343495,1.0243905674066214,92.84368848862171,96.94125075824819
200.75,96.71769890251625,96.55180936009728,1.0243905674066214,94.50302822528404,98.60059049491052
201.0,100.88078652697364,99.86129854410254,1.0243905674066214,97.8125174092893,101.91007967891578
201.25,107.850328892988,106.60210046451151,1.0243905674066214,104.55331932969827,108.65088159932475
201.5,109.15488809492143,108.90491812832681,1.0243905674066214,106.85613699351357,110.95369926314005
201.75,109.24500869153738,110.52151306033323,1.0243905674066214,108.47273192552,112.57029419514647
202.0,107.91998154807462,108.21032694673875,1.0243905674066214,106.1615458119255,110.25910808155199
202.25,112.14101490448276,112.05680309358902,1.0243905674066214,110.00802195877579,114.10558422840226
202.5,112.03550583623876,112.35398877342693,1.0243905674066214,110.3052076386137,114.40276990824017
202.75,112.3542816415119,113.15989589906799,1.0243905674066214,111.11111476425475,115.20867703388123
203.0,115.32275423916994,115.01976979735304,1.0243905674066214,112.9709886625398,117.06855093216627
203.25,112.65314136781278,113.15830761693019,1.0243905674066214,111.10952648211695,115.20708875174343
203.5,113.83007065962792,114.57712337322873,1.0243905674066214,112.52834223841549,116.62590450804197
203.75,112.81619140212804,112.38768724763497,1.0243905674066214,110.33890611282173,114.43646838244821
204.0,112.61900624699936,112.76376767060974,1.0243905674066214,110.7149865357965,114.81254880542298
204.25,114.12179913721901,113.74016717909106,1.0243905674066214,111.69138604427782,115.7889483139043
204.5,107.68315373549228,107.08880554383639,1.0243905674066214,105.04002440902315,109.13758667864963
204.75,109.41921664227091,110.61776153528811,1.0243905674066214,108.56898040047487,112.66654267010135
205.0,109.25656333633879,109.62109795064423,1.0243905674066214,107.57231681583099,111.66987908545747
205.25,110.14181856599092,108.67636966357388,1.0243905674066214,106.62758852876064,110.72515079838712
205.5,107.88480223557688,108.98753233541768,1.0243905674066214,106.93875120060444,111.03631347023092
205.75,111.21040662774078,112.99465845021405,1.0243905674066214,110.94587731540081,115.04343958502729
206.0,103.0134029020228,104.90093879383072,1.0243905674066214,102.85215765901748,106.94971992864396
206.25,108.64802805353551,108.45318652612377,1.0243905674066214,106.40440539131053,110.50196766093701
206.5,98.50986665708223,98.38445385155833,1.0243905674066214,96.3356727167451,100.43323498637157
206.75,99.76504873606557,99.71199716317072,1.0243905674066214,97.66321602835748,101.76077829798396
207.0,99.48336026927882,97.94128484519291,1.0243905674066214,95.89250371037967,99.99006598000615
207.25,93.29460013155749,95.78004228599232,1.0243905674066214,93.73126115117908,97.82882342080556
207.5,92.71233785172332,92.2867845122459,1.0243905674066214,90.23800337743266,94.33556564705914
207.75,89.66549734686906,88.06504765472742,1.0243905674066214,86.01626651991418,90.11382878954066
208.0,78.68701359110428,79.51966315627759,1.0243905674066214,77.47088202146435,81.56844429109083
208.25,73.85980893734053,74.44570020323725,1.0243905674066214,72.39691906842401,76.49448133805049
208.5,71.8779040498281,72.47661620225703,1.0243905674066214,70.4278350674438,74.52539733707027
208.75,62.71994819366685,63.50106650853999,1.0243905674066214,61.45228537372675,65.54984764335323
209.0,53.90357406181809,54.452141955796826,1.0243905674066214,52.403360820983586,56.500923090610065
209.25,49.725420395125674,48.63908417592783,1.0243905674066214,46.59030304111459,50.68786531074107
209.5,44.22294954477588,42.42570443679833,1.0243905674066214,40.37692330198509,44.47448557161157
209.75,39.58176070726492,39.59151553348102,1.0243905674066214,37.54273439866778,41.64029666829426
210.0,33.90596721875667,31.924742806015505,1.0243905674066214,29.875961671202262,33.97352394082875
210.25,26.720303981641173,26.809178172092285,1.0243905674066214,24.76039703727904,28.857959306905528
210.5,18.042637662471552,16.498261432697692,1.0243905674066214,14.449480297884449,18.547042567510935
210.75,10.852550649159138,10.902952647954073,1.0243905674066214,8.85417151314083,12.951733782767317
211.0,5.342992754019622,5.244044207681721,1.0243905674066214,3.1952630728684785,7.2928253424949645
211.25,0.36547447264283456,0.08121093391119856,1.0243905674066214,-1.9675702009020442,2.1299920687244414
211.5,4.549179392039786,1.297880792006662,1.0243905674066214,-0.7509003428065808,3.3466619268199045
211.75,0.8512855748447891,0.18305242709266922,1.0243905674066214,-1.8657287077205735,2.231833561905912
212.0,-0.7072645299514636,0.030927816991823044,1.0243905674066214,-2.0178533178214195,2.079708951805066
212.25,0.9689978702758579,-0.14121326334941922,1.0243905674066214,-2.189994398162662,1.9075678714638236
212.5,-0.3618325370843415,0.041047372386154427,1.0243905674066214,-2.007733762427088,2.0898285071993974
212.75,0.9711672594555525,1.5359287922688518,1.0243905674066214,-0.5128523425443909,3.584709927082095
213.0,0.9086013598921112,0.1356066143363467,1.0243905674066214,-1.913174520476896,2.1843877491495896
213.25,0.06856794395423119,-0.04293865966916194,1.0243905674066214,-2.0917197944824046,2.005842475144081
213.5,1.7208158912295493,1.2315070308457166,1.0243905674066214,-0.8172741039675262,3.280288165658959
213.75,1.3535787499551408,1.6559689846675545,1.0243905674066214,-0.39281215014568827,3.7047501194807975
214.0,2.3327384535238096,2.2469231918468067,1.0243905674066214,0.1981420570335639,4.295704326660049
214.25,0.4249658974361492,-0.25923730614293256,1.0243905674066214,-2.3080184409561753,1.7895438286703103
214.5,-1.9369669327054153,0.11400998094260076,1.0243905674066214,-1.934771153870642,2.1627911157558435
214.75,0.6665726686095336,-0.09487557043389376,1.0243905674066214,-2.1436567052471367,1.953905564379349
215.0,-0.9820194198303006,-0.08795723366923543,1.0243905674066214,-2.136738368482478,1.9608239011440074
215.25,-1.4422991355594112,-0.09069314561841887,1.0243905674066214,-2.1394742804316618,1.958087989194824
215.5,-0.05841124385868244,-0.18901464365715606,1.0243905674066214,-2.237795778470399,1.8597664911560867
215.75,0.08398100331445427,0.11481419999363054,1.0243905674066214,-1.9339669348196122,2.1635953348068733
216.0,1.5578474228470909,2.1906666646650934,1.0243905674066214,0.14188552985185066,4.239447799478336
216.25,3.652726006841616,2.8158587399529362,1.0243905674066214,0.7670776051396935,4.864639874766179
216.5,-1.342175166370907,-0.004535470901250993,1.0243905674066214,-2.053316605714494,2.0442456639119917
216.75,-0.40694374877255896,0.3274357931888421,1.0243905674066214,-1.7213453416244007,2.376216928002085
217.0,-0.20135292543114458,0.35713700746677146,1.0243905674066214,-1.6916441273464713,2.405918142280014
217.25,-0.04658727033933937,-0.11836812401358034,1.0243905674066214,-2.1671492588268233,1.9304130107996624
217.5,0.2788642846472388,-0.08428459004948606,1.0243905674066214,-2.1330657248627287,1.9644965447637568
217.75,-1.0078929496235447,0.06511101470919814,1.0243905674066214,-1.9836701201040445,2.113892149522441
218.0,3.3624766020447137,2.4607431232714894,1.0243905674066214,0.4119619884582466,4.509524258084732
218.25,2.3963781746215447,2.4898536126901174,1.0243905674066214,0.44107247787687465,4.538634747503361
218.5,-1.6938541606282624,0.047622993816230974,1.0243905674066214,-2.0011581409970116,2.096404128629474
218.75,1.4231321805070678,3.2007333556876105,1.0243905674066214,1.1519522208743678,5.249514490500854
219.0,1.3902087338268256,1.4626011112630832,1.0243905674066214,-0.5861800235501595,3.5113822460763258
219.25,-0.2209673177863541,-0.1165701719505176,1.0243905674066214,-2.1653513067637604,1.932210962862725
219.5,1.0028322386728628,1.4805084949541418,1.0243905674066214,-0.5682726398591009,3.5292896297673844
219.75,-0.02798245653021798,0.022356126489565857,1.0243905674066214,-2.026425008323677,2.0711372613028085
220.0,2.8609107434319982,2.658693556889717,1.0243905674066214,0.6099124220764742,4.707474691702959
220.25,0.9476496098482997,-0.24913553309097003,1.0243905674066214,-2.2979166679042127,1.7996456017222728
220.5,-1.1111049009175582,-0.21144481935532822,1.0243905674066214,-2.260225954168571,1.8373363154579145
220.75,0.5971315563109738,1.518982916058408,1.0243905674066214,-0.5297982187548347,3.567764050871651
221.0,13.521096592328762,14.493886389853733,1.0243905674066214,12.44510525504049,16.542667524666975
221.25,17.872131573523017,17.671496271636197,1.0243905674066214,15.622715136822954,19.72027740644944
221.5,25.049181879377358,23.766217952399924,1.0243905674066214,21.71743681758668,25.814999087213167
221.75,30.562849929965235,30.681084579266308,1.0243905674066214,28.632303444453065,32.72986571407955
222.0,38.001699522830364,40.25323316005342,1.0243905674066214,38.20445202524018,42.30201429486666
222.25,45.02348032556206,46.76057975138827,1.0243905674066214,44.71179861657503,48.80936088620151
222.5,52.60247629101855,53.31744140931416,1.0243905674066214,51.268660274500924,55.3662225441274
222.75,59.31063579712629,59.649309760641955,1.0243905674066214,57.600528625828716,61.698090895455195
223.0,70.75239678956703,71.14028442443583,1.0243905674066214,69.0915032896226,73.18906555924907
223.25,69.46346621986933,69.56957917118261,1.0243905674066214,67.52079803636937,71.61836030599585
223.5,74.41760040560916,74.85175127063754,1.0243905674066214,72.8029701358243,76.90053240545078
223.75,80.17393036038803,79.1527975674207,1.0243905674066214,77.10401643260747,81.20157870223395
224.0,87.6797080279208,88.46604625720593,1.0243905674066214,86.41726512239269,90.51482739201917
224.25,93.58181664226082,94.09601727879975,1.0243905674066214,92.04723614398651,96.14479841361299
224.5,95.31993434629905,94.89246962343495,1.0243905674066214,92.84368848862171,96.94125075824819
224.75,94.80277679822495,96.55180936009728,1.0243905674066214,94.50302822528404,98.60059049491052
225.0,99.98314712068857,99.86129854410254,1.0243905674066214,97.8125174092893,101.91007967891578
225.25,106.8529024263722,106.60210046451151,1.0243905674066214,104.55331932969827,108.65088159932475
225.5,109.13967426153444,108.90491812832681,1.0243905674066214,106.85613699351357,110.95369926314005
225.75,112.0774906775475,110.52151306033323,1.0243905674066214,108.47273192552,112.57029419514647
226.0,107.6168806997908,108.21032694673875,1.0243905674066214,106.1615458119255,110.25910808155199
226.25,113.98408188019631,112.05680309358902,1.0243905674066214,110.00802195877579,114.10558422840226
226.5,112.01215763240006,112.35398877342693,1.0243905674066214,110.3052076386137,114.40276990824017
226.75,111.65515930461933,113.15989589906799,1.0243905674066214,111.11111476425475,115.20867703388123
227.0,115.13978900519486,115.01976979735304,1.0243905674066214,112.9709886625398,117.06855093216627
227.25,112.08085390890463,113.15830761693019,1.0243905674066214,111.10952648211695,115.20708875174343
227.5,113.7063808955398,114.57712337322873,1.0243905674066214,112.52834223841549,116.62590450804197
227.75,112.9017718678401,112.38768724763497,1.0243905674066214,110.33890611282173,114.43646838244821
228.0,113.57658091577869,112.76376767060974,1.0243905674066214,110.7149865357965,114.81254880542298
228.25,113.2555270479864,113.74016717909106,1.0243905674066214,111.69138604427782,115.7889483139043
228.5,108.39735485768655,107.08880554383639,1.0243905674066214,105.04002440902315,109.13758667864963
228.75,111.71615340138362,110.61776153528811,1.0243905674066214,108.56898040047487,112.66654267010135
229.0,111.1741062167675,109.62109795064423,1.0243905674066214,107.57231681583099,111.66987908545747
229.25,109.23345503320017,108.67636966357388,1.0243905674066214,106.62758852876064,110.72515079838712
229.5,110.41031046039686,108.98753233541768,1.0243905674066214,106.93875120060444,111.03631347023092
229.75,111.44626264873726,112.99465845021405,1.0243905674066214,110.94587731540081,115.04343958502729
230.0,104.55734150663686,104.90093879383072,1.0243905674066214,102.85215765901748,106.94971992864396
230.25,107.75191285063542,108.45318652612377,1.0243905674066214,106.40440539131053,110.50196766093701
230.5,98.59817524017691,98.38445385155833,1.0243905674066214,96.3356727167451,100.43323498637157
230.75,99.31121037229396,99.71199716317072,1.0243905674066214,97.66321602835748,101.76077829798396
231.0,98.1030125984006,97.94128484519291,1.0243905674066214,95.89250371037967,99.99006598000615
231.25,97.84960944486447,95.78004228599232,1.0243905674066214,93.73126115117908,97.82882342080556
231.5,92.14668418087211,92.2867845122459,1.0243905674066214,90.23800337743266,94.33556564705914
231.75,88.5178514622557,88.06504765472742,1.0243905674066214,86.01626651991418,90.11382878954066
232.0,79.58252502607175,79.51966315627759,1.0243905674066214,77.47088202146435,81.56844429109083
232.25,74.31532873708726,74.44570020323725,1.0243905674066214,72.39691906842401,76.49448133805049
232.5,72.6368126474928,72.47661620225703,1.0243905674066214,70.4278350674438,74.52539733707027
232.75,64.06261830571754,63.50106650853999,1.0243905674066214,61.45228537372675,65.54984764335323
233.0,55.39514360238831,54.452141955796826,1.0243905674066214,52.403360820983586,56.500923090610065
233.25,49.9453291090445,48.63908417592783,1.0243905674066214,46.59030304111459,50.68786531074107
233.5,42.69518295119752,42.42570443679833,1.0243905674066214,40.37692330198509,44.47448557161157
233.75,40.50724681834067,39.59151553348102,1.0243905674066214,37.54273439866778,41.64029666829426
234.0,30.850042495506635,31.924742806015505,1.0243905674066214,29.875961671202262,33.97352394082875
234.25,26.59685076224093,26.809178172092285,1.0243905674066214,24.76039703727904,28.857959306905528
234.5,17.22923610065406,16.498261432697692,1.0243905674066214,14.449480297884449,18.547042567510935
234.75,11.811817937229781,10.902952647954073,1.0243905674066214,8.85417151314083,12.951733782767317
235.0,5.423544660768528,5.244044207681721,1.0243905674066214,3.1952630728684785,7.2928253424949645
235.25,0.8863939595679524,0.08121093391119856,1.0243905674066214,-1.9675702009020442,2.1299920687244414
235.5,1.8610924216660694,1.297880792006662,1.0243905674066214,-0.7509003428065808,3.3466619268199045
235.75,1.2003062582593216,0.18305242709266922,1.0243905674066214,-1.8657287077205735,2.231833561905912
236.0,0.2893591569571111,0.030927816991823044,1.0243905674066214,-2.0178533178214195,2.079708951805066
236.25,-0.35569831557103465,-0.14121326334941922,1.0243905674066214,-2.189994398162662,1.9075678714638236
236.5,0.33584125693302364,0.041047372386154427,1.0243905674066214,-2.007733762427088,2.0898285071993974
236.75,-1.469676933496014,1.5359287922688518,1.0243905674066214,-0.5128523425443909,3.584709927082095
237.0,0.38288573638504947,0.1356066143363467,1.0243905674066214,-1.913174520476896,2.1843877491495896
237.25,-3.6109304690317052,-0.04293865966916194,1.0243905674066214,-2.0917197944824046,2.005842475144081
237.5,-0.28122343068767486,1.2315070308457166,1.0243905674066214,-0.8172741039675262,3.280288165658959
237.75,1.7913621290308326,1.6559689846675545,1.0243905674066214,-0.39281215014568827,3.7047501194807975
238.0,2.4736846641851704,2.2469231918468067,1.0243905674066214,0.1981420570335639,4.295704326660049
238.25,-1.1624287801399305,-0.25923730614293256,1.0243905674066214,-2.3080184409561753,1.7895438286703103
238.5,-0.7121020418789388,0.11400998094260076,1.0243905674066214,-1.934771153870642,2.1627911157558435
238.75,1.370540988614132,-0.09487557043389376,1.0243905674066214,-2.1436567052471367,1.953905564379349
239.0,-0.48403013157267616,-0.08795723366923543,1.0243905674066214,-2.136738368482478,1.9608239011440074
239.25,2.242920312402985,-0.09069314561841887,1.0243905674066214,-2.1394742804316618,1.958087989194824
239.5,-0.001919853176346149,-0.18901464365715606,1.0243905674066214,-2.237795778470399,1.8597664911560867
239.75,0.4080361768812668,0.11481419999363054,1.0243905674066214,-1.9339669348196122,2.1635953348068733
240.0,3.8682279859179793,2.1906666646650934,1.0243905674066214,0.14188552985185066,4.239447799478336
240.25,2.952721265367061,2.8158587399529362,1.0243905674066214,0.7670776051396935,4.864639874766179
240.5,-1.0023439806908012,-0.004535470901250993,1.0243905674066214,-2.053316605714494,2.0442456639119917
240.75,-0.10972745169429012,0.3274357931888421,1.0243905674066214,-1.7213453416244007,2.376216928002085
241.0,0.34791047331176517,0.35713700746677146,1.0243905674066214,-1.6916441273464713,2.405918142280014
241.25,-1.3647416522015654,-0.11836812401358034,1.0243905674066214,-2.1671492588268233,1.9304130107996624
241.5,-0.25583207134082336,-0.08428459004948606,1.0243905674066214,-2.1330657248627287,1.9644965447637568
241.75,-0.7421920939974367,0.06511101470919814,1.0243905674066214,-1.9836701201040445,2.113892149522441
242.0,3.5625516817759197,2.4607431232714894,1.0243905674066214,0.4119619884582466,4.509524258084732
242.25,2.3679876804721007,2.4898536126901174,1.0243905674066214,0.44107247787687465,4.538634747503361
242.5,-0.08470365646392194,0.047622993816230974,1.0243905674066214,-2.0011581409970116,2.096404128629474
242.75,3.2755416902815226,3.2007333556876105,1.0243905674066214,1.1519522208743678,5.249514490500854
243.0,1.625650045162303,1.4626011112630832,1.0243905674066214,-0.5861800235501595,3.5113822460763258
243.25,0.6168141996897798,-0.1165701719505176,1.0243905674066214,-2.1653513067637604,1.932210962862725
243.5,0.10654012357811493,1.4805084949541418,1.0243905674066214,-0.5682726398591009,3.5292896297673844
243.75,-1.0415876326212719,0.022356126489565857,1.0243905674066214,-2.026425008323677,2.0711372613028085
244.0,3.7400301193243477,2.658693556889717,1.0243905674066214,0.6099124220764742,4.707474691702959
244.25,-0.4123368722047306,-0.24913553309097003,1.0243905674066214,-2.2979166679042127,1.7996456017222728
244.5,-1.416842092596874,-0.21144481935532822,1.0243905674066214,-2.260225954168571,1.8373363154579145
244.75,2.212915858594873,1.518982916058408,1.0243905674066214,-0.5297982187548347,3.567764050871651
245.0,15.07779025624883,14.493886389853733,1.0243905674066214,12.44510525504049,16.542667524666975
245.25,16.052499649097605,17.671496271636197,1.0243905674066214,15.622715136822954,19.72027740644944
245.5,24.033716216194517,23.766217952399924,1.0243905674066214,21.71743681758668,25.814999087213167
245.75,31.72977246063312,30.681084579266308,1.0243905674066214,28.632303444453065,32.72986571407955
246.0,40.87778581869628,40.25323316005342,1.0243905674066214,38.20445202524018,42.30201429486666
246.25,47.35945467193383,46.76057975138827,1.0243905674066214,44.71179861657503,48.80936088620151
246.5,52.031243915723806,53.31744140931416,1.0243905674066214,51.268660274500924,55.3662225441274
246.75,60.1994048396177,59.649309760641955,1.0243905674066214,57.600528625828716,61.698090895455195
247.0,70.85816565735131,71.14028442443583,1.0243905674066214,69.0915032896226,73.18906555924907
247.25,68.94209493816378,69.56957917118261,1.0243905674066214,67.52079803636937,71.61836030599585
247.5,75.59990234585133,74.85175127063754,1.0243905674066214,72.8029701358243,76.90053240545078
247.75,80.60386526051884,79.1527975674207,1.0243905674066214,77.10401643260747,81.20157870223395
248.0,90.15009538820253,88.46604625720593,1.0243905674066214,86.41726512239269,90.51482739201917
248.25,95.75894247324227,94.09601727879975,1.0243905674066214,92.04723614398651,96.14479841361299
248.5,94.7313246261484,94.89246962343495,1.0243905674066214,92.84368848862171,96.94125075824819
248.75,96.69113903117743,96.55180936009728,1.0243905674066214,94.50302822528404,98.60059049491052
249.0,100.36027828715281,99.86129854410254,1.0243905674066214,97.8125174092893,101.91007967891578
249.25,106.87152719194539,106.60210046451151,1.0243905674066214,104.55331932969827,108.65088159932475
249.5,109.41788093936414,108.90491812832681,1.0243905674066214,106.85613699351357,110.95369926314005
249.75,111.31296770227443,110.52151306033323,1.0243905674066214,108.47273192552,112.57029419514647
250.0,108.17980549905958,108.21032694673875,1.0243905674066214,106.1615458119255,110.25910808155199
250.25,111.19449677329857,112.05680309358902,1.0243905674066214,110.00802195877579,114.10558422840226
250.5,111.8231160157923,112.35398877342693,1.0243905674066214,110.3052076386137,114.40276990824017
250.75,113.5660861273233,113.15989589906799,1.0243905674066214,111.11111476425475,115.20867703388123
251.0,115.07286271539999,115.01976979735304,1.0243905674066214,112.9709886625398,117.06855093216627
251.25,113.49730908609173,113.15830761693019,1.0243905674066214,111.10952648211695,115.20708875174343
251.5,115.12821598555549,114.57712337322873,1.0243905674066214,112.52834223841549,116.62590450804197
251.75,112.129897104927,112.38768724763497,1.0243905674066214,110.33890611282173,114.43646838244821
252.0,113.77724699075837,112.76376767060974,1.0243905674066214,110.7149865357965,114.81254880542298
252.25,114.25653735169905,113.74016717909106,1.0243905674066214,111.69138604427782,115.7889483139043
252.5,106.17513662572868,107.08880554383639,1.0243905674066214,105.04002440902315,109.13758667864963
252.75,112.00095043454873,110.61776153528811,1.0243905674066214,108.56898040047487,112.66654267010135
253.0,109.23705971644729,109.62109795064423,1.0243905674066214,107.57231681583099,111.66987908545747
253.25,107.04894628288928,108.67636966357388,1.0243905674066214,106.62758852876064,110.72515079838712
253.5,108.00183803872486,108.98753233541768,1.0243905674066214,106.93875120060444,111.03631347023092
253.75,112.30601591603299,112.99465845021405,1.0243905674066214,110.94587731540081,115.04343958502729
254.0,104.92742137392285,104.90093879383072,1.0243905674066214,102.85215765901748,106.94971992864396
254.25,108.34506760141261,108.45318652612377,1.0243905674066214,106.40440539131053,110.50196766093701
254.5,98.14211741140893,98.38445385155833,1.0243905674066214,96.3356727167451,100.43323498637157
254.75,100.50236155697317,99.71199716317072,1.0243905674066214,97.66321602835748,101.76077829798396
255.0,98.60904580154303,97.94128484519291,1.0243905674066214,95.89250371037967,99.99006598000615
255.25,96.2834824353047,95.78004228599232,1.0243905674066214,93.73126115117908,97.82882342080556
255.5,92.72623243462118,92.2867845122459,1.0243905674066214,90.23800337743266,94.33556564705914
255.75,88.72019381306772,88.06504765472742,1.0243905674066214,86.01626651991418,90.11382878954066
256.0,77.70684101421854,79.51966315627759,1.0243905674066214,77.47088202146435,81.56844429109083
256.25,73.87517719686596,74.44570020323725,1.0243905674066214,72.39691906842401,76.49448133805049
256.5,70.45058590256725,72.47661620225703,1.0243905674066214,70.4278350674438,74.52539733707027
256.75,63.65035416654218,63.50106650853999,1.0243905674066214,61.45228537372675,65.54984764335323
257.0,54.22520309461679,54.452141955796826,1.0243905674066214,52.403360820983586,56.500923090610065
257.25,49.34346738623085,48.63908417592783,1.0243905674066214,46.59030304111459,50.68786531074107
257.5,43.57319726200948,42.42570443679833,1.0243905674066214,40.37692330198509,44.47448557161157
257.75,40.12047498055744,39.59151553348102,1.0243905674066214,37.54273439866778,41.64029666829426
258.0,31.500545927295303,31.924742806015505,1.0243905674066214,29.875961671202262,33.97352394082875
258.25,27.16988861720229,26.809178172092285,1.0243905674066214,24.76039703727904,28.857959306905528
258.5,15.76102899844616,16.498261432697692,1.0243905674066214,14.449480297884449,18.547042567510935
258.75,10.94445664736928,10.902952647954073,1.0243905674066214,8.85417151314083,12.951733782767317
259.0,6.198071244934245,5.244044207681721,1.0243905674066214,3.1952630728684785,7.2928253424949645
259.25,-0.5577713459894236,0.08121093391119856,1.0243905674066214,-1.9675702009020442,2.1299920687244414
259.5,2.1760043519147514,1.297880792006662,1.0243905674066214,-0.7509003428065808,3.3466619268199045
259.75,0.6774013686923024,0.18305242709266922,1.0243905674066214,-1.8657287077205735,2.231833561905912
260.0,-0.9547918171308215,0.030927816991823044,1.0243905674066214,-2.0178533178214195,2.079708951805066
260.25,0.973894128217401,-0.14121326334941922,1.0243905674066214,-2.189994398162662,1.9075678714638236
260.5,0.6985663453715051,0.041047372386154427,1.0243905674066214,-2.007733762427088,2.0898285071993974
260.75,1.562843329729419,1.5359287922688518,1.0243905674066214,-0.5128523425443909,3.584709927082095
261.0,-0.7623234580276522,0.1356066143363467,1.0243905674066214,-1.913174520476896,2.1843877491495896
261.25,-0.8217236623924916,-0.04293865966916194,1.0243905674066214,-2.0917197944824046,2.005842475144081
261.5,0.9045773998147207,1.2315070308457166,1.0243905674066214,-0.8172741039675262,3.280288165658959
261.75,1.8821879913818083,1.6559689846675545,1.0243905674066214,-0.39281215014568827,3.7047501194807975
262.0,1.040530159516977,2.2469231918468067,1.0243905674066214,0.1981420570335639,4.295704326660049
262.25,0.4375122486198699,-0.25923730614293256,1.0243905674066214,-2.3080184409561753,1.7895438286703103
262.5,-1.2417555288783926,0.11400998094260076,1.0243905674066214,-1.934771153870642,2.1627911157558435
262.75,-0.20406858443884895,-0.09487557043389376,1.0243905674066214,-2.1436567052471367,1.953905564379349
263.0,0.10964775457400863,-0.08795723366923543,1.0243905674066214,-2.136738368482478,1.9608239011440074
263.25,2.4451301450589167,-0.09069314561841887,1.0243905674066214,-2.1394742804316618,1.958087989194824
263.5,-1.3773156555203674,-0.18901464365715606,1.0243905674066214,-2.237795778470399,1.8597664911560867
263.75,1.4720145664901334,0.11481419999363054,1.0243905674066214,-1.9339669348196122,2.1635953348068733
264.0,2.401196001406652,2.1906666646650934,1.0243905674066214,0.14188552985185066,4.239447799478336
264.25,3.232866067189605,2.8158587399529362,1.0243905674066214,0.7670776051396935,4.864639874766179
264.5,0.11834791338820451,-0.004535470901250993,1.0243905674066214,-2.053316605714494,2.0442456639119917
264.75,0.444726818195233,0.3274357931888421,1.0243905674066214,-1.7213453416244007,2.376216928002085
265.0,0.22983610513983835,0.35713700746677146,1.0243905674066214,-1.6916441273464713,2.405918142280014
265.25,1.4540501814574582,-0.11836812401358034,1.0243905674066214,-2.1671492588268233,1.9304130107996624
265.5,-0.4564711442247224,-0.08428459004948606,1.0243905674066214,-2.1330657248627287,1.9644965447637568
265.75,1.1322345721792477,0.06511101470919814,1.0243905674066214,-1.9836701201040445,2.113892149522441
266.0,1.9938268043754626,2.4607431232714894,1.0243905674066214,0.4119619884582466,4.509524258084732
266.25,2.273123959885558,2.4898536126901174,1.0243905674066214,0.44107247787687465,4.538634747503361
266.5,-0.8738704596065711,0.047622993816230974,1.0243905674066214,-2.0011581409970116,2.096404128629474
266.75,3.836747341251619,3.2007333556876105,1.0243905674066214,1.1519522208743678,5.249514490500854
267.0,2.8476539836826706,1.4626011112630832,1.0243905674066214,-0.5861800235501595,3.5113822460763258
267.25,-0.07735617982085408,-0.1165701719505176,1.0243905674066214,-2.1653513067637604,1.932210962862725
267.5,0.9093666535435867,1.4805084949541418,1.0243905674066214,-0.5682726398591009,3.5292896297673844
267.75,-1.1146169630679268,0.022356126489565857,1.0243905674066214,-2.026425008323677,2.0711372613028085
268.0,2.40605825036951,2.658693556889717,1.0243905674066214,0.6099124220764742,4.707474691702959
268.25,-1.5927942597215277,-0.24913553309097003,1.0243905674066214,-2.2979166679042127,1.7996456017222728
268.5,-0.9128779867188273,-0.21144481935532822,1.0243905674066214,-2.260225954168571,1.8373363154579145
268.75,1.995889195320904,1.518982916058408,1.0243905674066214,-0.5297982187548347,3.567764050871651
269.0,15.933433647957541,14.493886389853733,1.0243905674066214,12.44510525504049,16.542667524666975
269.25,20.392425767583813,17.671496271636197,1.0243905674066214,15.622715136822954,19.72027740644944
269.5,23.21764941566001,23.766217952399924,1.0243905674066214,21.71743681758668,25.814999087213167
269.75,32.42948952485019,30.681084579266308,1.0243905674066214,28.632303444453065,32.72986571407955
270.0,40.74715184739166,40.25323316005342,1.0243905674066214,38.20445202524018,42.30201429486666
270.25,46.57622554142606,46.76057975138827,1.0243905674066214,44.71179861657503,48.80936088620151
270.5,53.86810746554071,53.31744140931416,1.0243905674066214,51.268660274500924,55.3662225441274
270.75,59.93028116830146,59.649309760641955,1.0243905674066214,57.600528625828716,61.698090895455195
271.0,71.27118114243397,71.14028442443583,1.0243905674066214,69.0915032896226,73.18906555924907
271.25,69.01655193406175,69.56957917118261,1.0243905674066214,67.52079803636937,71.61836030599585
271.5,73.33123707663276,74.85175127063754,1.0243905674066214,72.8029701358243,76.90053240545078
271.75,77.58096554732253,79.1527975674207,1.0243905674066214,77.10401643260747,81.20157870223395
272.0,89.0089702168834,88.46604625720593,1.0243905674066214,86.41726512239269,90.51482739201917
272.25,94.16743451165065,94.09601727879975,1.0243905674066214,92.04723614398651,96.14479841361299
272.5,94.24496990812243,94.89246962343495,1.0243905674066214,92.84368848862171,96.94125075824819
272.75,96.34692449487423,96.55180936009728,1.0243905674066214,94.50302822528404,98.60059049491052
273.0,100.3883876682842,99.86129854410254,1.0243905674066214,97.8125174092893,101.91007967891578
273.25,106.93071318567232,106.60210046451151,1.0243905674066214,104.55331932969827,108.65088159932475
273.5,108.63106181481163,108.90491812832681,1.0243905674066214,106.85613699351357,110.95369926314005
273.75,111.71550752604719,110.52151306033323,1.0243905674066214,108.47273192552,112.57029419514647
274.0,109.81827364806715,108.21032694673875,1.0243905674066214,106.1615458119255,110.25910808155199
274.25,112.41834036499509,112.05680309358902,1.0243905674066214,110.00802195877579,114.10558422840226
274.5,113.21125259297224,112.35398877342693,1.0243905674066214,110.3052076386137,114.40276990824017
274.75,114.17413574640337,113.15989589906799,1.0243905674066214,111.11111476425475,115.20867703388123
275.0,116.19996874060455,115.01976979735304,1.0243905674066214,112.9709886625398,117.06855093216627
275.25,113.77119828633602,113.15830761693019,1.0243905674066214,111.10952648211695,115.20708875174343
275.5,115.05648379042817,114.57712337322873,1.0243905674066214,112.52834223841549,116.62590450804197
275.75,113.0243991411711,112.38768724763497,1.0243905674066214,110.33890611282173,114.43646838244821
276.0,111.92366115258152,112.76376767060974,1.0243905674066214,110.7149865357965,114.81254880542298
276.25,114.57841790510024,113.74016717909106,1.0243905674066214,111.69138604427782,115.7889483139043
276.5,106.0541357415136,107.08880554383639,1.0243905674066214,105.04002440902315,109.13758667864963
276.75,109.76404618823743,110.61776153528811,1.0243905674066214,108.56898040047487,112.66654267010135
277.0,111.0413695280123,109.62109795064423,1.0243905674066214,107.57231681583099,111.66987908545747
277.25,109.54426178876865,108.67636966357388,1.0243905674066214,106.62758852876064,110.72515079838712
277.5,110.53428003799702,108.98753233541768,1.0243905674066214,106.93875120060444,111.03631347023092
277.75,113.05538669302402,112.99465845021405,1.0243905674066214,110.94587731540081,115.04343958502729
278.0,103.72299921398854,104.90093879383072,1.0243905674066214,102.85215765901748,106.94971992864396
278.25,108.3784809098885,108.45318652612377,1.0243905674066214,106.40440539131053,110.50196766093701
278.5,98.5809806762901,98.38445385155833,1.0243905674066214,96.3356727167451,100.43323498637157
278.75,99.9616483078307,99.71199716317072,1.0243905674066214,97.66321602835748,101.76077829798396
279.0,99.40285091910702,97.94128484519291,1.0243905674066214,95.89250371037967,99.99006598000615
279.25,95.60616413965698,95.78004228599232,1.0243905674066214,93.73126115117908,97.82882342080556
279.5,92.66843844909542,92.2867845122459,1.0243905674066214,90.23800337743266,94.33556564705914
279.75,87.11543199563089,88.06504765472742,1.0243905674066214,86.01626651991418,90.11382878954066
280.0,80.2651116340398,79.51966315627759,1.0243905674066214,77.47088202146435,81.56844429109083
280.25,74.24272399931607,74.44570020323725,1.0243905674066214,72.39691906842401,76.49448133805049
280.5,71.88098262877222,72.47661620225703,1.0243905674066214,70.4278350674438,74.52539733707027
280.75,63.37846487756953,63.50106650853999,1.0243905674066214,61.45228537372675,65.54984764335323
281.0,54.04566032032591,54.452141955796826,1.0243905674066214,52.403360820983586,56.500923090610065
281.25,48.02777998210407,48.63908417592783,1.0243905674066214,46.59030304111459,50.68786531074107
281.5,44.15690411155604,42.42570443679833,1.0243905674066214,40.37692330198509,44.47448557161157
281.75,39.81925392999719,39.59151553348102,1.0243905674066214,37.54273439866778,41.64029666829426
282.0,31.757010894514863,31.924742806015505,1.0243905674066214,29.875961671202262,33.97352394082875
282.25,24.587276547046407,26.809178172092285,1.0243905674066214,24.76039703727904,28.857959306905528
282.5,15.394739283790994,16.498261432697692,1.0243905674066214,14.449480297884449,18.547042567510935
282.75,10.682775874356276,10.902952647954073,1.0243905674066214,8.85417151314083,12.951733782767317
283.0,4.526082251796835,5.244044207681721,1.0243905674066214,3.1952630728684785,7.2928253424949645
283.25,1.381707593377797,0.08121093391119856,1.0243905674066214,-1.9675702009020442,2.1299920687244414
283.5,1.2053879372760319,1.297880792006662,1.0243905674066214,-0.7509003428065808,3.3466619268199045
283.75,1.2884442493182524,0.18305242709266922,1.0243905674066214,-1.8657287077205735,2.231833561905912
284.0,0.061704634050368024,0.030927816991823044,1.0243905674066214,-2.0178533178214195,2.079708951805066
284.25,0.037227836421576635,-0.14121326334941922,1.0243905674066214,-2.189994398162662,1.9075678714638236
284.5,-0.08879644771250095,0.041047372386154427,1.0243905674066214,-2.007733762427088,2.0898285071993974
284.75,1.4647136939782208,1.5359287922688518,1.0243905674066214,-0.5128523425443909,3.584709927082095
285.0,1.7187950030498593,0.1356066143363467,1.0243905674066214,-1.913174520476896,2.1843877491495896
285.25,-2.28212837056814,-0.04293865966916194,1.0243905674066214,-2.0917197944824046,2.005842475144081
285.5,-0.5593057677209357,1.2315070308457166,1.0243905674066214,-0.8172741039675262,3.280288165658959
285.75,0.7964226970337345,1.6559689846675545,1.0243905674066214,-0.39281215014568827,3.7047501194807975
286.0,2.010683208855944,2.2469231918468067,1.0243905674066214,0.1981420570335639,4.295704326660049
286.25,0.6901044247640123,-0.25923730614293256,1.0243905674066214,-2.3080184409561753,1.7895438286703103
286.5,0.4730871980274752,0.11400998094260076,1.0243905674066214,-1.934771153870642,2.1627911157558435
286.75,-0.3842459128805702,-0.09487557043389376,1.0243905674066214,-2.1436567052471367,1.953905564379349
287.0,1.0190436932417624,-0.08795723366923543,1.0243905674066214,-2.136738368482478,1.9608239011440074
287.25,1.030195403152731,-0.09069314561841887,1.0243905674066214,-2.1394742804316618,1.958087989194824
287.5,0.18405783127156553,-0.18901464365715606,1.0243905674066214,-2.237795778470399,1.8597664911560867
287.75,0.9626575724868413,0.11481419999363054,1.0243905674066214,-1.9339669348196122,2.1635953348068733
288.0,2.5239988508515006,2.1906666646650934,1.0243905674066214,0.14188552985185066,4.239447799478336
288.25,2.260211122390758,2.8158587399529362,1.0243905674066214,0.7670776051396935,4.864639874766179
288.5,0.6978168390000047,-0.004535470901250993,1.0243905674066214,-2.053316605714494,2.0442456639119917
288.75,0.11061312257867771,0.3274357931888421,1.0243905674066214,-1.7213453416244007,2.376216928002085
289.0,0.38486105625634304,0.35713700746677146,1.0243905674066214,-1.6916441273464713,2.405918142280014
289.25,1.4729535721895743,-0.11836812401358034,1.0243905674066214,-2.1671492588268233,1.9304130107996624
289.5,-2.4508721285400865,-0.08428459004948606,1.0243905674066214,-2.1330657248627287,1.9644965447637568
289.75,-1.4176841701595697,0.06511101470919814,1.0243905674066214,-1.9836701201040445,2.113892149522441
290.0,1.4511234982141155,2.4607431232714894,1.0243905674066214,0.4119619884582466,4.509524258084732
290.25,1.9701151587180394,2.4898536126901174,1.0243905674066214,0.44107247787687465,4.538634747503361
290.5,-0.056516077082382016,0.047622993816230974,1.0243905674066214,-2.0011581409970116,2.096404128629474
290.75,1.8743979731310514,3.2007333556876105,1.0243905674066214,1.1519522208743678,5.249514490500854
291.0,0.41736999444531053,1.4626011112630832,1.0243905674066214,-0.5861800235501595,3.5113822460763258
291.25,-0.8608416785235702,-0.1165701719505176,1.0243905674066214,-2.1653513067637604,1.932210962862725
291.5,3.563676444323388,1.4805084949541418,1.0243905674066214,-0.5682726398591009,3.5292896297673844
291.75,1.8017419477471466,0.022356126489565857,1.0243905674066214,-2.026425008323677,2.0711372613028085
292.0,2.2236014862371682,2.658693556889717,1.0243905674066214,0.6099124220764742,4.707474691702959
292.25,-0.3635832903067989,-0.24913553309097003,1.0243905674066214,-2.2979166679042127,1.7996456017222728
292.5,-1.1492039971882941,-0.21144481935532822,1.0243905674066214,-2.260225954168571,1.8373363154579145
292.75,-0.1390272640134982,1.518982916058408,1.0243905674066214,-0.5297982187548347,3.567764050871651
293.0,14.49754026380762,14.493886389853733,1.0243905674066214,12.44510525504049,16.542667524666975
293.25,16.585362923110285,17.671496271636197,1.0243905674066214,15.622715136822954,19.72027740644944
293.5,23.7193839690689,23.766217952399924,1.0243905674066214,21.71743681758668,25.814999087213167
293.75,29.39398351916127,30.681084579266308,1.0243905674066214,28.632303444453065,32.72986571407955
294.0,39.74142490867976,40.25323316005342,1.0243905674066214,38.20445202524018,42.30201429486666
294.25,46.87610028347527,46.76057975138827,1.0243905674066214,44.71179861657503,48.80936088620151
294.5,53.80172261159849,53.31744140931416,1.0243905674066214,51.268660274500924,55.3662225441274
294.75,60.28583664336352,59.649309760641955,1.0243905674066214,57.600528625828716,61.698090895455195
295.0,69.84029643266472,71.14028442443583,1.0243905674066214,69.0915032896226,73.18906555924907
295.25,70.27957082702397,69.56957917118261,1.0243905674066214,67.52079803636937,71.61836030599585
295.5,73.92913503982976,74.85175127063754,1.0243905674066214,72.8029701358243,76.90053240545078
295.75,79.75744866445191,79.1527975674207,1.0243905674066214,77.10401643260747,81.20157870223395
296.0,88.34508665698397,88.46604625720593,1.0243905674066214,86.41726512239269,90.51482739201917
296.25,93.06774710265842,94.09601727879975,1.0243905674066214,92.04723614398651,96.14479841361299
296.5,94.52486110319741,94.89246962343495,1.0243905674066214,92.84368848862171,96.94125075824819
296.75,96.70378261021484,96.55180936009728,1.0243905674066214,94.50302822528404,98.60059049491052
297.0,100.20642079584317,99.86129854410254,1.0243905674066214,97.8125174092893,101.91007967891578
297.25,106.6093613452015,106.60210046451151,1.0243905674066214,104.55331932969827,108.65088159932475
297.5,110.81889564205365,108.90491812832681,1.0243905674066214,106.85613699351357,110.95369926314005
297.75,111.4967253413848,110.52151306033323,1.0243905674066214,108.47273192552,112.57029419514647
298.0,107.98243402868576,108.21032694673875,1.0243905674066214,106.1615458119255,110.25910808155199
298.25,112.67390552180917,112.05680309358902,1.0243905674066214,110.00802195877579,114.10558422840226
298.5,114.17138256681635,112.35398877342693,1.0243905674066214,110.3052076386137,114.40276990824017
298.75,114.8926603503726,113.15989589906799,1.0243905674066214,111.11111476425475,115.20867703388123
299.0,113.84186954337754,115.01976979735304,1.0243905674066214,112.9709886625398,117.06855093216627
299.25,112.23056599806624,113.15830761693019,1.0243905674066214,111.10952648211695,115.20708875174343
299.5,115.94305553008715,114.57712337322873,1.0243905674066214,112.52834223841549,116.62590450804197
299.75,111.44645751698697,112.38768724763497,1.0243905674066214,110.33890611282173,114.43646838244821
300.0,111.69845769383689,112.76376767060974,1.0243905674066214,110.7149865357965,114.81254880542298
300.25,113.39150061754161,113.74016717909106,1.0243905674066214,111.69138604427782,115.7889483139043
300.5,107.83017642211475,107.08880554383639,1.0243905674066214,105.04002440902315,109.13758667864963
300.75,110.45624893675138,110.61776153528811,1.0243905674066214,108.56898040047487,112.66654267010135
301.0,109.08724083979861,109.62109795064423,1.0243905674066214,107.57231681583099,111.66987908545747
301.25,108.02982916434995,108.67636966357388,1.0243905674066214,106.62758852876064,110.72515079838712
301.5,108.33454468389846,108.98753233541768,1.0243905674066214,106.93875120060444,111.03631347023092
301.75,112.44755144805238,112.99465845021405,1.0243905674066214,110.94587731540081,115.04343958502729
302.0,107.15688093254138,104.90093879383072,1.0243905674066214,102.85215765901748,106.94971992864396
302.25,108.9164291781444,108.45318652612377,1.0243905674066214,106.40440539131053,110.50196766093701
302.5,99.36570843345426,98.38445385155833,1.0243905674066214,96.3356727167451,100.43323498637157
302.75,99.39358212337177,99.71199716317072,1.0243905674066214,97.66321602835748,101.76077829798396
303.0,98.08321376316427,97.94128484519291,1.0243905674066214,95.89250371037967,99.99006598000615
303.25,95.25388058329007,95.78004228599232,1.0243905674066214,93.73126115117908,97.82882342080556
303.5,89.66469564237329,92.2867845122459,1.0243905674066214,90.23800337743266,94.33556564705914
303.75,86.72604986821763,88.06504765472742,1.0243905674066214,86.01626651991418,90.11382878954066
304.0,78.00417567601559,79.51966315627759,1.0243905674066214,77.47088202146435,81.56844429109083
304.25,71.98983167117882,74.44570020323725,1.0243905674066214,72.39691906842401,76.49448133805049
304.5,71.43543699275862,72.47661620225703,1.0243905674066214,70.4278350674438,74.52539733707027
304.75,64.93924991912601,63.50106650853999,1.0243905674066214,61.45228537372675,65.54984764335323
305.0,54.185399899136776,54.452141955796826,1.0243905674066214,52.403360820983586,56.500923090610065
305.25,49.58849887376235,48.63908417592783,1.0243905674066214,46.59030304111459,50.68786531074107
305.5,42.796545446189235,42.42570443679833,1.0243905674066214,40.37692330198509,44.47448557161157
305.75,40.700258758020226,39.59151553348102,1.0243905674066214,37.54273439866778,41.64029666829426
306.0,31.100010009387628,31.924742806015505,1.0243905674066214,29.875961671202262,33.97352394082875
306.25,27.20867845884922,26.809178172092285,1.0243905674066214,24.76039703727904,28.857959306905528
306.5,17.017660869844818,16.498261432697692,1.0243905674066214,14.449480297884449,18.547042567510935
306.75,10.369202006578936,10.902952647954073,1.0243905674066214,8.85417151314083,12.951733782767317
307.0,5.771475298589643,5.244044207681721,1.0243905674066214,3.1952630728684785,7.2928253424949645
307.25,0.5661877585748329,0.08121093391119856,1.0243905674066214,-1.9675702009020442,2.1299920687244414
307.5,0.8207730915421677,1.297880792006662,1.0243905674066214,-0.7509003428065808,3.3466619268199045
307.75,-1.122768432270995,0.18305242709266922,1.0243905674066214,-1.8657287077205735,2.231833561905912
308.0,-1.1841283318982723,0.030927816991823044,1.0243905674066214,-2.0178533178214195,2.079708951805066
308.25,0.08650554192146179,-0.14121326334941922,1.0243905674066214,-2.189994398162662,1.9075678714638236
308.5,0.3270098687893148,0.041047372386154427,1.0243905674066214,-2.007733762427088,2.0898285071993974
308.75,0.6683916118988472,1.5359287922688518,1.0243905674066214,-0.5128523425443909,3.584709927082095
309.0,0.02658534132609864,0.1356066143363467,1.0243905674066214,-1.913174520476896,2.1843877491495896
309.25,0.6080193923215638,-0.04293865966916194,1.0243905674066214,-2.0917197944824046,2.005842475144081
309.5,2.060430691383044,1.2315070308457166,1.0243905674066214,-0.8172741039675262,3.280288165658959
309.75,2.8914736482123367,1.6559689846675545,1.0243905674066214,-0.39281215014568827,3.7047501194807975
310.0,3.2731361591164183,2.2469231918468067,1.0243905674066214,0.1981420570335639,4.295704326660049
310.25,-1.001291432756544,-0.25923730614293256,1.0243905674066214,-2.3080184409561753,1.7895438286703103
310.5,1.6835862095380225,0.11400998094260076,1.0243905674066214,-1.934771153870642,2.1627911157558435
310.75,-0.5309765045557148,-0.09487557043389376,1.0243905674066214,-2.1436567052471367,1.953905564379349
311.0,1.0448728124544275,-0.08795723366923543,1.0243905674066214,-2.136738368482478,1.9608239011440074
311.25,0.06798662605108885,-0.09069314561841887,1.0243905674066214,-2.1394742804316618,1.958087989194824
311.5,-0.4121493784569676,-0.18901464365715606,1.0243905674066214,-2.237795778470399,1.8597664911560867
311.75,-1.8076968597749328,0.11481419999363054,1.0243905674066214,-1.9339669348196122,2.1635953348068733
312.0,2.0797890772030234,2.1906666646650934,1.0243905674066214,0.14188552985185066,4.239447799478336
312.25,1.2623109138680328,2.8158587399529362,1.0243905674066214,0.7670776051396935,4.864639874766179
312.5,0.9672992358427723,-0.004535470901250993,1.0243905674066214,-2.053316605714494,2.0442456639119917
312.75,1.516792657139248,0.3274357931888421,1.0243905674066214,-1.7213453416244007,2.376216928002085
313.0,-0.41338977979483416,0.35713700746677146,1.0243905674066214,-1.6916441273464713,2.405918142280014
313.25,0.30197074251927114,-0.11836812401358034,1.0243905674066214,-2.1671492588268233,1.9304130107996624
313.5,-0.7253915220079754,-0.08428459004948606,1.0243905674066214,-2.1330657248627287,1.9644965447637568
313.75,-0.6284847301367896,0.06511101470919814,1.0243905674066214,-1.9836701201040445,2.113892149522441
314.0,3.412688628453857,2.4607431232714894,1.0243905674066214,0.4119619884582466,4.509524258084732
314.25,2.2948375444434324,2.4898536126901174,1.0243905674066214,0.44107247787687465,4.538634747503361
314.5,1.9377401346146597,0.047622993816230974,1.0243905674066214,-2.0011581409970116,2.096404128629474
314.75,2.8994911422011778,3.2007333556876105,1.0243905674066214,1.1519522208743678,5.249514490500854
315.0,2.401864359230626,1.4626011112630832,1.0243905674066214,-0.5861800235501595,3.5113822460763258
315.25,0.09741341295778198,-0.1165701719505176,1.0243905674066214,-2.1653513067637604,1.932210962862725
315.5,1.9020303619917294,1.4805084949541418,1.0243905674066214,-0.5682726398591009,3.5292896297673844
315.75,-0.4471576573299467,0.022356126489565857,1.0243905674066214,-2.026425008323677,2.0711372613028085
316.0,2.585792066370235,2.658693556889717,1.0243905674066214,0.6099124220764742,4.707474691702959
316.25,-0.11549887929893475,-0.24913553309097003,1.0243905674066214,-2.2979166679042127,1.7996456017222728
316.5,-0.8360571148457872,-0.21144481935532822,1.0243905674066214,-2.260225954168571,1.8373363154579145
316.75,2.4311846837935214,1.518982916058408,1.0243905674066214,-0.5297982187548347,3.567764050871651
317.0,15.26466945579451,14.493886389853733,1.0243905674066214,12.44510525504049,16.542667524666975
317.25,18.176769601259878,17.671496271636197,1.0243905674066214,15.622715136822954,19.72027740644944
317.5,25.341200154648554,23.766217952399924,1.0243905674066214,21.71743681758668,25.814999087213167
317.75,32.44353416944105,30.681084579266308,1.0243905674066214,28.632303444453065,32.72986571407955
318.0,40.12845467714088,40.25323316005342,1.0243905674066214,38.20445202524018,42.30201429486666
318.25,47.100525506606616,46.76057975138827,1.0243905674066214,44.71179861657503,48.80936088620151
318.5,52.811912324556346,53.31744140931416,1.0243905674066214,51.268660274500924,55.3662225441274
318.75,59.89172000073606,59.649309760641955,1.0243905674066214,57.600528625828716,61.698090895455195
319.0,70.56103596770289,71.14028442443583,1.0243905674066214,69.0915032896226,73.18906555924907
319.25,71.04495540602447,69.56957917118261,1.0243905674066214,67.52079803636937,71.61836030599585
319.5,75.09304488677458,74.85175127063754,1.0243905674066214,72.8029701358243,76.90053240545078
319.75,78.9065616217402,79.1527975674207,1.0243905674066214,77.10401643260747,81.20157870223395
320.0,89.54934390545854,88.46604625720593,1.0243905674066214,86.41726512239269,90.51482739201917
320.25,92.27351919194095,94.09601727879975,1.0243905674066214,92.04723614398651,96.14479841361299
320.5,92.8269562129133,94.89246962343495,1.0243905674066214,92.84368848862171,96.94125075824819
320.75,97.13425752337085,96.55180936009728,1.0243905674066214,94.50302822528404,98.60059049491052
321.0,99.65392386348593,99.86129854410254,1.0243905674066214,97.8125174092893,101.91007967891578
321.25,107.00079554290669,106.60210046451151,1.0243905674066214,104.55331932969827,108.65088159932475
321.5,107.96072064813406,108.90491812832681,1.0243905674066214,106.85613699351357,110.95369926314005
321.75,110.46598085954788,110.52151306033323,1.0243905674066214,108.47273192552,112.57029419514647
322.0,110.24259755548685,108.21032694673875,1.0243905674066214,106.1615458119255,110.25910808155199
322.25,112.7479833294681,112.05680309358902,1.0243905674066214,110.00802195877579,114.10558422840226
322.5,112.40729562677097,112.35398877342693,1.0243905674066214,110.3052076386137,114.40276990824017
322.75,112.49312183948463,113.15989589906799,1.0243905674066214,111.11111476425475,115.20867703388123
323.0,114.67529657233064,115.01976979735304,1.0243905674066214,112.9709886625398,117.06855093216627
323.25,111.02790122002338,113.15830761693019,1.0243905674066214,111.10952648211695,115.20708875174343
323.5,114.71577716427446,114.57712337322873,1.0243905674066214,112.52834223841549,116.62590450804197
323.75,113.35022167630646,112.38768724763497,1.0243905674066214,110.33890611282173,114.43646838244821
324.0,111.44537949995795,112.76376767060974,1.0243905674066214,110.7149865357965,114.81254880542298
324.25,113.21627785593384,113.74016717909106,1.0243905674066214,111.69138604427782,115.7889483139043
324.5,106.25248508040673,107.08880554383639,1.0243905674066214,105.04002440902315,109.13758667864963
324.75,109.59329444855372,110.61776153528811,1.0243905674066214,108.56898040047487,112.66654267010135
325.0,109.79128608702611,109.62109795064423,1.0243905674066214,107.57231681583099,111.66987908545747
325.25,106.61963947108597,108.67636966357388,1.0243905674066214,106.62758852876064,110.72515079838712
325.5,109.66115218666823,108.98753233541768,1.0243905674066214,106.93875120060444,111.03631347023092
325.75,114.080916146645,112.99465845021405,1.0243905674066214,110.94587731540081,115.04343958502729
326.0,104.6241454672284,104.90093879383072,1.0243905674066214,102.85215765901748,106.94971992864396
326.25,106.1382095969743,108.45318652612377,1.0243905674066214,106.40440539131053,110.50196766093701
326.5,97.48253075304713,98.38445385155833,1.0243905674066214,96.3356727167451,100.43323498637157
326.75,101.11556152559339,99.71199716317072,1.0243905674066214,97.66321602835748,101.76077829798396
327.0,95.49117615962174,97.94128484519291,1.0243905674066214,95.89250371037967,99.99006598000615
327.25,95.6199111524669,95.78004228599232,1.0243905674066214,93.73126115117908,97.82882342080556
327.5,91.13640319882523,92.2867845122459,1.0243905674066214,90.23800337743266,94.33556564705914
327.75,88.90862944665032,88.06504765472742,1.0243905674066214,86.01626651991418,90.11382878954066
328.0,79.13968040385252,79.51966315627759,1.0243905674066214,77.47088202146435,81.56844429109083
328.25,74.64356946986604,74.44570020323725,1.0243905674066214,72.39691906842401,76.49448133805049
328.5,73.19625638622583,72.47661620225703,1.0243905674066214,70.4278350674438,74.52539733707027
328.75,65.4505200794744,63.50106650853999,1.0243905674066214,61.45228537372675,65.54984764335323
329.0,54.02689412316576,54.452141955796826,1.0243905674066214,52.403360820983586,56.500923090610065
329.25,48.67397948106378,48.63908417592783,1.0243905674066214,46.59030304111459,50.68786531074107
329.5,40.90050739016092,42.42570443679833,1.0243905674066214,40.37692330198509,44.47448557161157
329.75,41.108113495598815,39.59151553348102,1.0243905674066214,37.54273439866778,41.64029666829426
330.0,31.240398156620838,31.924742806015505,1.0243905674066214,29.875961671202262,33.97352394082875
330.25,26.123973340568803,26.809178172092285,1.0243905674066214,24.76039703727904,28.857959306905528
330.5,16.26669884092126,16.498261432697692,1.0243905674066214,14.449480297884449,18.547042567510935
330.75,9.38296495347278,10.902952647954073,1.0243905674066214,8.85417151314083,12.951733782767317
331.0,5.440704956902415,5.244044207681721,1.0243905674066214,3.1952630728684785,7.2928253424949645
331.25,0.9674662729250108,0.08121093391119856,1.0243905674066214,-1.9675702009020442,2.1299920687244414
331.5,1.6632595361695421,1.297880792006662,1.0243905674066214,-0.7509003428065808,3.3466619268199045
331.75,-1.588897564178725,0.18305242709266922,1.0243905674066214,-1.8657287077205735,2.231833561905912
332.0,-0.12380929432965958,0.030927816991823044,1.0243905674066214,-2.0178533178214195,2.079708951805066
332.25,0.7420289029794906,-0.14121326334941922,1.0243905674066214,-2.189994398162662,1.9075678714638236
332.5,-1.8779887659659078,0.041047372386154427,1.0243905674066214,-2.007733762427088,2.0898285071993974
332.75,0.3861514285390477,1.5359287922688518,1.0243905674066214,-0.5128523425443909,3.584709927082095
333.0,0.87654360408152,0.1356066143363467,1.0243905674066214,-1.913174520476896,2.1843877491495896
333.25,0.3075777903803649,-0.04293865966916194,1.0243905674066214,-2.0917197944824046,2.005842475144081
333.5,1.854211558844497,1.2315070308457166,1.0243905674066214,-0.8172741039675262,3.280288165658959
333.75,3.19908833571316,1.6559689846675545,1.0243905674066214,-0.39281215014568827,3.7047501194807975
334.0,2.4647081054245774,2.2469231918468067,1.0243905674066214,0.1981420570335639,4.295704326660049
334.25,0.6578880104331793,-0.25923730614293256,1.0243905674066214,-2.3080184409561753,1.7895438286703103
334.5,2.710745527218326,0.11400998094260076,1.0243905674066214,-1.934771153870642,2.1627911157558435
334.75,-0.2138045580904907,-0.09487557043389376,1.0243905674066214,-2.1436567052471367,1.953905564379349
335.0,-0.7978827636184951,-0.08795723366923543,1.0243905674066214,-2.136738368482478,1.9608239011440074
335.25,0.4277963982471327,-0.09069314561841887,1.0243905674066214,-2.1394742804316618,1.958087989194824
335.5,0.4389910293888949,-0.18901464365715606,1.0243905674066214,-2.237795778470399,1.8597664911560867
335.75,-0.5267153919462082,0.11481419999363054,1.0243905674066214,-1.9339669348196122,2.1635953348068733
336.0,1.2189565678645242,2.1906666646650934,1.0243905674066214,0.14188552985185066,4.239447799478336
336.25,5.13153857126372,2.8158587399529362,1.0243905674066214,0.7670776051396935,4.864639874766179
336.5,0.3268434703880229,-0.004535470901250993,1.0243905674066214,-2.053316605714494,2.0442456639119917
336.75,-0.7322853814020757,0.3274357931888421,1.0243905674066214,-1.7213453416244007,2.376216928002085
337.0,1.2994515117814547,0.35713700746677146,1.0243905674066214,-1.6916441273464713,2.405918142280014
337.25,-0.1091451515613345,-0.11836812401358034,1.0243905674066214,-2.1671492588268233,1.9304130107996624
337.5,-0.25288144631783127,-0.08428459004948606,1.0243905674066214,-2.1330657248627287,1.9644965447637568
337.75,0.5622728719144933,0.06511101470919814,1.0243905674066214,-1.9836701201040445,2.113892149522441
338.0,1.3463116563567956,2.4607431232714894,1.0243905674066214,0.4119619884582466,4.509524258084732
338.25,2.6860030102040175,2.4898536126901174,1.0243905674066214,0.44107247787687465,4.538634747503361
338.5,2.1110469004154004,0.047622993816230974,1.0243905674066214,-2.0011581409970116,2.096404128629474
338.75,3.8479012831014097,3.2007333556876105,1.0243905674066214,1.1519522208743678,5.249514490500854
339.0,1.0263159229726724,1.4626011112630832,1.0243905674066214,-0.5861800235501595,3.5113822460763258
339.25,-0.507105280428242,-0.1165701719505176,1.0243905674066214,-2.1653513067637604,1.932210962862725
339.5,0.6959123789023869,1.4805084949541418,1.0243905674066214,-0.5682726398591009,3.5292896297673844
339.75,-0.25396267804778105,0.022356126489565857,1.0243905674066214,-2.026425008323677,2.0711372613028085
340.0,2.257544371163546,2.658693556889717,1.0243905674066214,0.6099124220764742,4.707474691702959
340.25,0.9163114410745667,-0.24913553309097003,1.0243905674066214,-2.2979166679042127,1.7996456017222728
340.5,-1.7332091032089831,-0.21144481935532822,1.0243905674066214,-2.260225954168571,1.8373363154579145
340.75,2.6311031996239027,1.518982916058408,1.0243905674066214,-0.5297982187548347,3.567764050871651
341.0,14.234733925073582,14.493886389853733,1.0243905674066214,12.44510525504049,16.542667524666975
341.25,17.960162692049682,17.671496271636197,1.0243905674066214,15.622715136822954,19.72027740644944
341.5,22.677246590530046,23.766217952399924,1.0243905674066214,21.71743681758668,25.814999087213167
341.75,32.32282043505418,30.681084579266308,1.0243905674066214,28.632303444453065,32.72986571407955
342.0,41.74903432716189,40.25323316005342,1.0243905674066214,38.20445202524018,42.30201429486666
342.25,47.68706371392251,46.76057975138827,1.0243905674066214,44.71179861657503,48.80936088620151
342.5,51.920758238021016,53.31744140931416,1.0243905674066214,51.268660274500924,55.3662225441274
342.75,60.69748575568756,59.649309760641955,1.0243905674066214,57.600528625828716,61.698090895455195
343.0,71.56564050445746,71.14028442443583,1.0243905674066214,69.0915032896226,73.18906555924907
343.25,67.81961384975585,69.56957917118261,1.0243905674066214,67.52079803636937,71.61836030599585
343.5,74.7050493526608,74.85175127063754,1.0243905674066214,72.8029701358243,76.90053240545078
343.75,79.48912523887788,79.1527975674207,1.0243905674066214,77.10401643260747,81.20157870223395
344.0,88.91180060742532,88.46604625720593,1.0243905674066214,86.41726512239269,90.51482739201917
344.25,94.62139596868522,94.09601727879975,1.0243905674066214,92.04723614398651,96.14479841361299
344.5,95.13229022462598,94.89246962343495,1.0243905674066214,92.84368848862171,96.94125075824819
344.75,97.81203026040417,96.55180936009728,1.0243905674066214,94.50302822528404,98.60059049491052
345.0,100.81948932527925,99.86129854410254,1.0243905674066214,97.8125174092893,101.91007967891578
345.25,103.88329428886318,106.60210046451151,1.0243905674066214,104.55331932969827,108.65088159932475
345.5,108.96967819661492,108.90491812832681,1.0243905674066214,106.85613699351357,110.95369926314005
345.75,110.32456354285429,110.52151306033323,1.0243905674066214,108.47273192552,112.57029419514647
346.0,106.48698957235855,108.21032694673875,1.0243905674066214,106.1615458119255,110.25910808155199
346.25,112.01796676790455,112.05680309358902,1.0243905674066214,110.00802195877579,114.10558422840226
346.5,113.48634685403866,112.35398877342693,1.0243905674066214,110.3052076386137,114.40276990824017
346.75,111.84560788999897,113.15989589906799,1.0243905674066214,111.11111476425475,115.20867703388123
347.0,115.40627036288991,115.01976979735304,1.0243905674066214,112.9709886625398,117.06855093216627
347.25,112.24127563192695,113.15830761693019,1.0243905674066214,111.10952648211695,115.20708875174343
347.5,113.78622471967361,114.57712337322873,1.0243905674066214,112.52834223841549,116.62590450804197
347.75,113.98213220199465,112.38768724763497,1.0243905674066214,110.33890611282173,114.43646838244821
348.0,112.47844100701674,112.76376767060974,1.0243905674066214,110.7149865357965,114.81254880542298
348.25,114.33990723725128,113.74016717909106,1.0243905674066214,111.69138604427782,115.7889483139043
348.5,105.53873159657917,107.08880554383639,1.0243905674066214,105.04002440902315,109.13758667864963
348.75,112.42096320475736,110.61776153528811,1.0243905674066214,108.56898040047487,112.66654267010135
349.0,110.3404569065107,109.62109795064423,1.0243905674066214,107.57231681583099,111.66987908545747
349.25,108.5215417834242,108.67636966357388,1.0243905674066214,106.62758852876064,110.72515079838712
349.5,109.62242825831106,108.98753233541768,1.0243905674066214,106.93875120060444,111.03631347023092
349.75,111.9172416477635,112.99465845021405,1.0243905674066214,110.94587731540081,115.04343958502729
350.0,106.05777879701797,104.90093879383072,1.0243905674066214,102.85215765901748,106.94971992864396
350.25,108.29493333146242,108.45318652612377,1.0243905674066214,106.40440539131053,110.50196766093701
350.5,98.2748798640011,98.38445385155833,1.0243905674066214,96.3356727167451,100.43323498637157
350.75,99.39100397652521,99.71199716317072,1.0243905674066214,97.66321602835748,101.76077829798396
351.0,97.68851903760473,97.94128484519291,1.0243905674066214,95.89250371037967,99.99006598000615
351.25,96.66210517628883,95.78004228599232,1.0243905674066214,93.73126115117908,97.82882342080556
351.5,92.57231082739672,92.2867845122459,1.0243905674066214,90.23800337743266,94.33556564705914
351.75,88.75580728646852,88.06504765472742,1.0243905674066214,86.01626651991418,90.11382878954066
352.0,79.80599966651042,79.51966315627759,1.0243905674066214,77.47088202146435,81.56844429109083
352.25,74.75281526020761,74.44570020323725,1.0243905674066214,72.39691906842401,76.49448133805049
352.5,72.21194722313169,72.47661620225703,1.0243905674066214,70.4278350674438,74.52539733707027
352.75,65.84402608115393,63.50106650853999,1.0243905674066214,61.45228537372675,65.54984764335323
353.0,52.66190565041063,54.452141955796826,1.0243905674066214,52.403360820983586,56.500923090610065
353.25,49.558872435004155,48.63908417592783,1.0243905674066214,46.59030304111459,50.68786531074107
353.5,43.75347032000933,42.42570443679833,1.0243905674066214,40.37692330198509,44.47448557161157
353.75,39.065541126339475,39.59151553348102,1.0243905674066214,37.54273439866778,41.64029666829426
354.0,34.23018061524817,31.924742806015505,1.0243905674066214,29.875961671202262,33.97352394082875
354.25,27.68021778760187,26.809178172092285,1.0243905674066214,24.76039703727904,28.857959306905528
354.5,17.260085642593385,16.498261432697692,1.0243905674066214,14.449480297884449,18.547042567510935
354.75,10.973871485838506,10.902952647954073,1.0243905674066214,8.85417151314083,12.951733782767317
355.0,4.9947087697548005,5.244044207681721,1.0243905674066214,3.1952630728684785,7.2928253424949645
355.25,-0.20940882703960811,0.08121093391119856,1.0243905674066214,-1.9675702009020442,2.1299920687244414
355.5,1.7608563089917677,1.297880792006662,1.0243905674066214,-0.7509003428065808,3.3466619268199045
355.75,1.4011862750338961,0.18305242709266922,1.0243905674066214,-1.8657287077205735,2.231833561905912
356.0,0.1813142178614196,0.030927816991823044,1.0243905674066214,-2.0178533178214195,2.079708951805066
356.25,-0.9114436231372903,-0.14121326334941922,1.0243905674066214,-2.189994398162662,1.9075678714638236
356.5,0.8244270623849798,0.041047372386154427,1.0243905674066214,-2.007733762427088,2.0898285071993974
356.75,2.382068188751554,1.5359287922688518,1.0243905674066214,-0.5128523425443909,3.584709927082095
357.0,0.6546595284477861,0.1356066143363467,1.0243905674066214,-1.913174520476896,2.1843877491495896
357.25,0.782981262708061,-0.04293865966916194,1.0243905674066214,-2.0917197944824046,2.005842475144081
357.5,1.171311846559935,1.2315070308457166,1.0243905674066214,-0.8172741039675262,3.280288165658959
357.75,0.4106043609592688,1.6559689846675545,1.0243905674066214,-0.39281215014568827,3.7047501194807975
358.0,1.1279618962775952,2.2469231918468067,1.0243905674066214,0.1981420570335639,4.295704326660049
358.25,-1.635463248457858,-0.25923730614293256,1.0243905674066214,-2.3080184409561753,1.7895438286703103
358.5,0.23694861154594976,0.11400998094260076,1.0243905674066214,-1.934771153870642,2.1627911157558435
358.75,-0.08344878322659362,-0.09487557043389376,1.0243905674066214,-2.1436567052471367,1.953905564379349
359.0,-0.43998770452970876,-0.08795723366923543,1.0243905674066214,-2.136738368482478,1.9608239011440074
359.25,-2.95561882434507,-0.09069314561841887,1.0243905674066214,-2.1394742804316618,1.958087989194824
359.5,-1.247317469694169,-0.18901464365715606,1.0243905674066214,-2.237795778470399,1.8597664911560867
359.75,1.1208406514031668,0.11481419999363054,1.0243905674066214,-1.9339669348196122,2.1635953348068733
360.0,1.5867275873562408,2.1906666646650934,1.0243905674066214,0.14188552985185066,4.239447799478336
360.25,3.1822858268304834,2.8158587399529362,1.0243905674066214,0.7670776051396935,4.864639874766179
360.5,-1.3906854299752562,-0.004535470901250993,1.0243905674066214,-2.053316605714494,2.0442456639119917
360.75,1.4387054823592311,0.3274357931888421,1.0243905674066214,-1.7213453416244007,2.376216928002085
361.0,0.23949354944717968,0.35713700746677146,1.0243905674066214,-1.6916441273464713,2.405918142280014
361.25,0.2900403964835352,-0.11836812401358034,1.0243905674066214,-2.1671492588268233,1.9304130107996624
361.5,2.325779791881685,-0.08428459004948606,1.0243905674066214,-2.1330657248627287,1.9644965447637568
361.75,1.5164401005894037,0.06511101470919814,1.0243905674066214,-1.9836701201040445,2.113892149522441
362.0,2.331628303301428,2.4607431232714894,1.0243905674066214,0.4119619884582466,4.509524258084732
362.25,1.740155621416486,2.4898536126901174,1.0243905674066214,0.44107247787687465,4.538634747503361
362.5,-0.1274529188358837,0.047622993816230974,1.0243905674066214,-2.0011581409970116,2.096404128629474
362.75,3.8916218693806344,3.2007333556876105,1.0243905674066214,1.1519522208743678,5.249514490500854
363.0,1.2973038925052658,1.4626011112630832,1.0243905674066214,-0.5861800235501595,3.5113822460763258
363.25,-0.39524414500347166,-0.1165701719505176,1.0243905674066214,-2.1653513067637604,1.932210962862725
363.5,2.5734336029565386,1.4805084949541418,1.0243905674066214,-0.5682726398591009,3.5292896297673844
363.75,-0.11420989177783689,0.022356126489565857,1.0243905674066214,-2.026425008323677,2.0711372613028085
364.0,4.934939996959137,2.658693556889717,1.0243905674066214,0.6099124220764742,4.707474691702959
364.25,0.09074256375217302,-0.24913553309097003,1.0243905674066214,-2.2979166679042127,1.7996456017222728
364.5,1.7853183942247275,-0.21144481935532822,1.0243905674066214,-2.260225954168571,1.8373363154579145
364.75,2.1264225719223955,1.518982916058408,1.0243905674066214,-0.5297982187548347,3.567764050871651
365.0,15.577381023465593,14.493886389853733,1.0243905674066214,12.44510525504049,16.542667524666975
365.25,16.858603854836588,17.671496271636197,1.0243905674066214,15.622715136822954,19.72027740644944
365.5,22.9504752781435,23.766217952399924,1.0243905674066214,21.71743681758668,25.814999087213167
365.75,31.453895323219733,30.681084579266308,1.0243905674066214,28.632303444453065,32.72986571407955
366.0,41.49195260945533,40.25323316005342,1.0243905674066214,38.20445202524018,42.30201429486666
366.25,46.7677296901729,46.76057975138827,1.0243905674066214,44.71179861657503,48.80936088620151
366.5,52.14911967873086,53.31744140931416,1.0243905674066214,51.268660274500924,55.3662225441274
366.75,58.508106318332175,59.649309760641955,1.0243905674066214,57.600528625828716,61.698090895455195
367.0,69.73364901463552,71.14028442443583,1.0243905674066214,69.0915032896226,73.18906555924907
367.25,67.65726298394904,69.56957917118261,1.0243905674066214,67.52079803636937,71.61836030599585
367.5,74.8388320958787,74.85175127063754,1.0243905674066214,72.8029701358243,76.90053240545078
367.75,80.24963467155264,79.1527975674207,1.0243905674066214,77.10401643260747,81.20157870223395
368.0,88.34230954667736,88.46604625720593,1.0243905674066214,86.41726512239269,90.51482739201917
368.25,92.18371984439851,94.09601727879975,1.0243905674066214,92.04723614398651,96.14479841361299
368.5,94.65029834744405,94.89246962343495,1.0243905674066214,92.84368848862171,96.94125075824819
368.75,96.17561987151848,96.55180936009728,1.0243905674066214,94.50302822528404,98.60059049491052
369.0,101.689454165594,99.86129854410254,1.0243905674066214,97.8125174092893,101.91007967891578
369.25,105.29321132972638,106.60210046451151,1.0243905674066214,104.55331932969827,108.65088159932475
369.5,108.8964391488534,108.90491812832681,1.0243905674066214,106.85613699351357,110.95369926314005
369.75,112.19506725094281,110.52151306033323,1.0243905674066214,108.47273192552,112.57029419514647
370.0,108.68906648643207,108.21032694673875,1.0243905674066214,106.1615458119255,110.25910808155199
370.25,112.48709678318866,112.05680309358902,1.0243905674066214,110.00802195877579,114.10558422840226
370.5,112.35217351865204,112.35398877342693,1.0243905674066214,110.3052076386137,114.40276990824017
370.75,113.26211928824682,113.15989589906799,1.0243905674066214,111.11111476425475,115.20867703388123
371.0,115.84747895447858,115.01976979735304,1.0243905674066214,112.9709886625398,117.06855093216627
371.25,112.34761279033063,113.15830761693019,1.0243905674066214,111.10952648211695,115.20708875174343
371.5,115.33619532226149,114.57712337322873,1.0243905674066214,112.52834223841549,116.62590450804197
371.75,111.13173555093907,112.38768724763497,1.0243905674066214,110.33890611282173,114.43646838244821
372.0,113.34936679996011,112.76376767060974,1.0243905674066214,110.7149865357965,114.81254880542298
372.25,114.05643571152699,113.74016717909106,1.0243905674066214,111.69138604427782,115.7889483139043
372.5,106.79365662444805,107.08880554383639,1.0243905674066214,105.04002440902315,109.13758667864963
372.75,110.53596036803684,110.61776153528811,1.0243905674066214,108.56898040047487,112.66654267010135
373.0,109.11526430753865,109.62109795064423,1.0243905674066214,107.57231681583099,111.66987908545747
373.25,107.63234029921271,108.67636966357388,1.0243905674066214,106.62758852876064,110.72515079838712
373.5,108.69326700669752,108.98753233541768,1.0243905674066214,106.93875120060444,111.03631347023092
373.75,112.22307244133965,112.99465845021405,1.0243905674066214,110.94587731540081,115.04343958502729
374.0,105.19804551935856,104.90093879383072,1.0243905674066214,102.85215765901748,106.94971992864396
374.25,107.46883261280648,108.45318652612377,1.0243905674066214,106.40440539131053,110.50196766093701
374.5,99.19092640204057,98.38445385155833,1.0243905674066214,96.3356727167451,100.43323498637157
374.75,98.70118052356187,99.71199716317072,1.0243905674066214,97.66321602835748,101.76077829798396
375.0,97.70287552476931,97.94128484519291,1.0243905674066214,95.89250371037967,99.99006598000615
375.25,95.34283115644524,95.78004228599232,1.0243905674066214,93.73126115117908,97.82882342080556
375.5,93.64155070616734,92.2867845122459,1.0243905674066214,90.23800337743266,94.33556564705914
375.75,88.43434909068209,88.06504765472742,1.0243905674066214,86.01626651991418,90.11382878954066
376.0,79.60306055345158,79.51966315627759,1.0243905674066214,77.47088202146435,81.56844429109083
376.25,74.73833489020015,74.44570020323725,1.0243905674066214,72.39691906842401,76.49448133805049
376.5,70.52360361972704,72.47661620225703,1.0243905674066214,70.4278350674438,74.52539733707027
376.75,63.57116065010347,63.50106650853999,1.0243905674066214,61.45228537372675,65.54984764335323
377.0,56.22735024464589,54.452141955796826,1.0243905674066214,52.403360820983586,56.500923090610065
377.25,48.43028161784384,48.63908417592783,1.0243905674066214,46.59030304111459,50.68786531074107
377.5,42.453476038457694,42.42570443679833,1.0243905674066214,40.37692330198509,44.47448557161157
377.75,40.46582831194726,39.59151553348102,1.0243905674066214,37.54273439866778,41.64029666829426
378.0,32.896512248006545,31.924742806015505,1.0243905674066214,29.875961671202262,33.97352394082875
378.25,24.68726081176669,26.809178172092285,1.0243905674066214,24.76039703727904,28.857959306905528
378.5,14.606620153979446,16.498261432697692,1.0243905674066214,14.449480297884449,18.547042567510935
378.75,11.156140589898776,10.902952647954073,1.0243905674066214,8.85417151314083,12.951733782767317
379.0,4.497058366075967,5.244044207681721,1.0243905674066214,3.1952630728684785,7.2928253424949645
379.25,1.3120252622199142,0.08121093391119856,1.0243905674066214,-1.9675702009020442,2.1299920687244414
379.5,1.0551513227870266,1.297880792006662,1.0243905674066214,-0.7509003428065808,3.3466619268199045
379.75,-1.9345307357131178,0.18305242709266922,1.0243905674066214,-1.8657287077205735,2.231833561905912
380.0,-1.268013916843997,0.030927816991823044,1.0243905674066214,-2.0178533178214195,2.079708951805066
380.25,-2.7496760196305754,-0.14121326334941922,1.0243905674066214,-2.189994398162662,1.9075678714638236
380.5,-0.23412553728291255,0.041047372386154427,1.0243905674066214,-2.007733762427088,2.0898285071993974
380.75,1.2725333150923783,1.5359287922688518,1.0243905674066214,-0.5128523425443909,3.584709927082095
381.0,-0.42446270978189776,0.1356066143363467,1.0243905674066214,-1.913174520476896,2.1843877491495896
381.25,1.116361395212817,-0.04293865966916194,1.0243905674066214,-2.0917197944824046,2.005842475144081
381.5,2.6407598132344368,1.2315070308457166,1.0243905674066214,-0.8172741039675262,3.280288165658959
381.75,1.169205104733737,1.6559689846675545,1.0243905674066214,-0.39281215014568827,3.7047501194807975
382.0,-0.13853834055848102,2.2469231918468067,1.0243905674066214,0.1981420570335639,4.295704326660049
382.25,0.6172815804922585,-0.25923730614293256,1.0243905674066214,-2.3080184409561753,1.7895438286703103
382.5,0.5553602285085755,0.11400998094260076,1.0243905674066214,-1.934771153870642,2.1627911157558435
382.75,0.309391570156945,-0.09487557043389376,1.0243905674066214,-2.1436567052471367,1.953905564379349
383.0,0.9814797493081158,-0.08795723366923543,1.0243905674066214,-2.136738368482478,1.9608239011440074
383.25,-1.16482809646104,-0.09069314561841887,1.0243905674066214,-2.1394742804316618,1.958087989194824
383.5,2.008755386185139,-0.18901464365715606,1.0243905674066214,-2.237795778470399,1.8597664911560867
383.75,-0.959427753141868,0.11481419999363054,1.0243905674066214,-1.9339669348196122,2.1635953348068733
384.0,3.000576514620226,2.1906666646650934,1.0243905674066214,0.14188552985185066,4.239447799478336
384.25,1.1343464547602902,2.8158587399529362,1.0243905674066214,0.7670776051396935,4.864639874766179
384.5,-0.9302646872700508,-0.004535470901250993,1.0243905674066214,-2.053316605714494,2.0442456639119917
384.75,1.5163686467253361,0.3274357931888421,1.0243905674066214,-1.7213453416244007,2.376216928002085
385.0,0.12262138650100618,0.35713700746677146,1.0243905674066214,-1.6916441273464713,2.405918142280014
385.25,0.8399226051327979,-0.11836812401358034,1.0243905674066214,-2.1671492588268233,1.9304130107996624
385.5,0.2369553887192461,-0.08428459004948606,1.0243905674066214,-2.1330657248627287,1.9644965447637568
385.75,-0.10495815600017268,0.06511101470919814,1.0243905674066214,-1.9836701201040445,2.113892149522441
386.0,4.002044249521175,2.4607431232714894,1.0243905674066214,0.4119619884582466,4.509524258084732
386.25,2.0967169816349447,2.4898536126901174,1.0243905674066214,0.44107247787687465,4.538634747503361
386.5,-1.5826460148798225,0.047622993816230974,1.0243905674066214,-2.0011581409970116,2.096404128629474
386.75,2.5784835289523937,3.2007333556876105,1.0243905674066214,1.1519522208743678,5.249514490500854
387.0,1.953719755457831,1.4626011112630832,1.0243905674066214,-0.5861800235501595,3.5113822460763258
387.25,0.39550910636250813,-0.1165701719505176,1.0243905674066214,-2.1653513067637604,1.932210962862725
387.5,-0.4608058979879419,1.4805084949541418,1.0243905674066214,-0.5682726398591009,3.5292896297673844
387.75,-0.724342519408201,0.022356126489565857,1.0243905674066214,-2.026425008323677,2.0711372613028085
388.0,2.053629554719571,2.658693556889717,1.0243905674066214,0.6099124220764742,4.707474691702959
388.25,-0.365469594114225,-0.24913553309097003,1.0243905674066214,-2.2979166679042127,1.7996456017222728
388.5,-1.3759135886015514,-0.21144481935532822,1.0243905674066214,-2.260225954168571,1.8373363154579145
388.75,1.1407320410922899,1.518982916058408,1.0243905674066214,-0.5297982187548347,3.567764050871651
389.0,13.885809964956618,14.493886389853733,1.0243905674066214,12.44510525504049,16.542667524666975
389.25,18.35474816611623,17.671496271636197,1.0243905674066214,15.622715136822954,19.72027740644944
389.5,24.613355811721153,23.766217952399924,1.0243905674066214,21.71743681758668,25.814999087213167
389.75,30.84837891011593,30.681084579266308,1.0243905674066214,28.632303444453065,32.72986571407955
390.0,40.11135957111929,40.25323316005342,1.0243905674066214,38.20445202524018,42.30201429486666
390.25,46.86739750021155,46.76057975138827,1.0243905674066214,44.71179861657503,48.80936088620151
390.5,52.61893790635898,53.31744140931416,1.0243905674066214,51.268660274500924,55.3662225441274
390.75,58.72153260245406,59.649309760641955,1.0243905674066214,57.600528625828716,61.698090895455195
391.0,70.22056420789603,71.14028442443583,1.0243905674066214,69.0915032896226,73.18906555924907
391.25,68.79007193291696,69.56957917118261,1.0243905674066214,67.52079803636937,71.61836030599585
391.5,73.56587293663934,74.85175127063754,1.0243905674066214,72.8029701358243,76.90053240545078
391.75,79.28665030890748,79.1527975674207,1.0243905674066214,77.10401643260747,81.20157870223395
392.0,89.08544100738587,88.46604625720593,1.0243905674066214,86.41726512239269,90.51482739201917
392.25,92.85703630093812,94.09601727879975,1.0243905674066214,92.04723614398651,96.14479841361299
392.5,94.86618751899462,94.89246962343495,1.0243905674066214,92.84368848862171,96.94125075824819
392.75,96.11848307288474,96.55180936009728,1.0243905674066214,94.50302822528404,98.60059049491052
393.0,99.93496410090538,99.86129854410254,1.0243905674066214,97.8125174092893,101.91007967891578
393.25,106.73741047454233,106.60210046451151,1.0243905674066214,104.55331932969827,108.65088159932475
393.5,107.83351747152096,108.90491812832681,1.0243905674066214,106.85613699351357,110.95369926314005
393.75,109.22682527154109,110.52151306033323,1.0243905674066214,108.47273192552,112.57029419514647
394.0,108.26851172067049,108.21032694673875,1.0243905674066214,106.1615458119255,110.25910808155199
394.25,112.95256462941775,112.05680309358902,1.0243905674066214,110.00802195877579,114.10558422840226
394.5,110.02340171058516,112.35398877342693,1.0243905674066214,110.3052076386137,114.40276990824017
394.75,113.27790232939114,113.15989589906799,1.0243905674066214,111.11111476425475,115.20867703388123
395.0,116.25949142948768,115.01976979735304,1.0243905674066214,112.9709886625398,117.06855093216627
395.25,113.00407323301718,113.15830761693019,1.0243905674066214,111.10952648211695,115.20708875174343
395.5,115.00833923937974,114.57712337322873,1.0243905674066214,112.52834223841549,116.62590450804197
395.75,111.8016694869268,112.38768724763497,1.0243905674066214,110.33890611282173,114.43646838244821
396.0,112.90163262785168,112.76376767060974,1.0243905674066214,110.7149865357965,114.81254880542298
396.25,112.2567812299325,113.74016717909106,1.0243905674066214,111.69138604427782,115.7889483139043
396.5,105.06560640422128,107.08880554383639,1.0243905674066214,105.04002440902315,109.13758667864963
396.75,111.50141144458776,110.61776153528811,1.0243905674066214,108.56898040047487,112.66654267010135
397.0,108.75280953247976,109.62109795064423,1.0243905674066214,107.57231681583099,111.66987908545747
397.25,108.24851378107103,108.67636966357388,1.0243905674066214,106.62758852876064,110.72515079838712
397.5,107.66043949504098,108.98753233541768,1.0243905674066214,106.93875120060444,111.03631347023092
397.75,111.91709137362744,112.99465845021405,1.0243905674066214,110.94587731540081,115.04343958502729
398.0,104.7014103551707,104.90093879383072,1.0243905674066214,102.85215765901748,106.94971992864396
398.25,107.8893409128232,108.45318652612377,1.0243905674066214,106.40440539131053,110.50196766093701
398.5,98.85692037704422,98.38445385155833,1.0243905674066214,96.3356727167451,100.43323498637157
398.75,100.33519801047028,99.71199716317072,1.0243905674066214,97.66321602835748,101.76077829798396
399.0,98.59002008667493,97.94128484519291,1.0243905674066214,95.89250371037967,99.99006598000615
399.25,96.20603535558887,95.78004228599232,1.0243905674066214,93.73126115117908,97.82882342080556
399.5,93.89417218222438,92.2867845122459,1.0243905674066214,90.23800337743266,94.33556564705914
399.75,87.0364653760206,88.06504765472742,1.0243905674066214,86.01626651991418,90.11382878954066
400.0,79.75985948979307,79.51966315627759,1.0243905674066214,77.47088202146435,81.56844429109083
400.25,75.37230526965001,74.44570020323725,1.0243905674066214,72.39691906842401,76.49448133805049
400.5,73.89533577639476,72.47661620225703,1.0243905674066214,70.4278350674438,74.52539733707027
400.75,62.19253059039981,63.50106650853999,1.0243905674066214,61.45228537372675,65.54984764335323
401.0,53.91748062518526,54.452141955796826,1.0243905674066214,52.403360820983586,56.500923090610065
401.25,49.65605620730843,48.63908417592783,1.0243905674066214,46.59030304111459,50.68786531074107
401.5,42.89364197448742,42.42570443679833,1.0243905674066214,40.37692330198509,44.47448557161157
401.75,40.112962963784845,39.59151553348102,1.0243905674066214,37.54273439866778,41.64029666829426
402.0,31.783222311257546,31.924742806015505,1.0243905674066214,29.875961671202262,33.97352394082875
402.25,26.300926578948804,26.809178172092285,1.0243905674066214,24.76039703727904,28.857959306905528
402.5,16.577165698860796,16.498261432697692,1.0243905674066214,14.449480297884449,18.547042567510935
402.75,10.693475173828146,10.902952647954073,1.0243905674066214,8.85417151314083,12.951733782767317
403.0,5.169356306929033,5.244044207681721,1.0243905674066214,3.1952630728684785,7.2928253424949645
403.25,0.07859870611503737,0.08121093391119856,1.0243905674066214,-1.9675702009020442,2.1299920687244414
403.5,0.6922541841787514,1.297880792006662,1.0243905674066214,-0.7509003428065808,3.3466619268199045
403.75,0.5321293738814383,0.18305242709266922,1.0243905674066214,-1.8657287077205735,2.231833561905912
404.0,2.9142446484154196,0.030927816991823044,1.0243905674066214,-2.0178533178214195,2.079708951805066
404.25,-1.7769866393260751,-0.14121326334941922,1.0243905674066214,-2.189994398162662,1.9075678714638236
404.5,0.3240125241899799,0.041047372386154427,1.0243905674066214,-2.007733762427088,2.0898285071993974
404.75,0.7007273537378561,1.5359287922688518,1.0243905674066214,-0.5128523425443909,3.584709927082095
405.0,0.57740257751925,0.1356066143363467,1.0243905674066214,-1.913174520476896,2.1843877491495896
405.25,0.08403982951093933,-0.04293865966916194,1.0243905674066214,-2.0917197944824046,2.005842475144081
405.5,2.2040947507602064,1.2315070308457166,1.0243905674066214,-0.8172741039675262,3.280288165658959
405.75,2.515100104598628,1.6559689846675545,1.0243905674066214,-0.39281215014568827,3.7047501194807975
406.0,2.1885764446865563,2.2469231918468067,1.0243905674066214,0.1981420570335639,4.295704326660049
406.25,1.1320522884141782,-0.25923730614293256,1.0243905674066214,-2.3080184409561753,1.7895438286703103
406.5,-2.3442978937886774,0.11400998094260076,1.0243905674066214,-1.934771153870642,2.1627911157558435
406.75,1.5904522979160232,-0.09487557043389376,1.0243905674066214,-2.1436567052471367,1.953905564379349
407.0,0.3750621518923401,-0.08795723366923543,1.0243905674066214,-2.136738368482478,1.9608239011440074
407.25,1.0778433557451819,-0.09069314561841887,1.0243905674066214,-2.1394742804316618,1.958087989194824
407.5,-1.2198757448415216,-0.18901464365715606,1.0243905674066214,-2.237795778470399,1.8597664911560867
407.75,-0.8307698816053357,0.11481419999363054,1.0243905674066214,-1.9339669348196122,2.1635953348068733
408.0,2.3972918815641457,2.1906666646650934,1.0243905674066214,0.14188552985185066,4.239447799478336
408.25,2.804656259836179,2.8158587399529362,1.0243905674066214,0.7670776051396935,4.864639874766179
408.5,0.2830685880099896,-0.004535470901250993,1.0243905674066214,-2.053316605714494,2.0442456639119917
408.75,1.0845151609299661,0.3274357931888421,1.0243905674066214,-1.7213453416244007,2.376216928002085
409.0,-1.381699105800993,0.35713700746677146,1.0243905674066214,-1.6916441273464713,2.405918142280014
409.25,0.9738190717173091,-0.11836812401358034,1.0243905674066214,-2.1671492588268233,1.9304130107996624
409.5,0.008281909957927018,-0.08428459004948606,1.0243905674066214,-2.1330657248627287,1.9644965447637568
409.75,-0.20378186112454774,0.06511101470919814,1.0243905674066214,-1.9836701201040445,2.113892149522441
410.0,1.1670786902035952,2.4607431232714894,1.0243905674066214,0.4119619884582466,4.509524258084732
410.25,2.83642447466371,2.4898536126901174,1.0243905674066214,0.44107247787687465,4.538634747503361
410.5,-2.216015758347389,0.047622993816230974,1.0243905674066214,-2.0011581409970116,2.096404128629474
410.75,4.030117632142812,3.2007333556876105,1.0243905674066214,1.1519522208743678,5.249514490500854
411.0,-0.08957780871685506,1.4626011112630832,1.0243905674066214,-0.5861800235501595,3.5113822460763258
411.25,0.053457912617474034,-0.1165701719505176,1.0243905674066214,-2.1653513067637604,1.932210962862725
411.5,0.9870835149195759,1.4805084949541418,1.0243905674066214,-0.5682726398591009,3.5292896297673844
411.75,1.1695381472938837,0.022356126489565857,1.0243905674066214,-2.026425008323677,2.0711372613028085
412.0,2.4566957349079277,2.658693556889717,1.0243905674066214,0.6099124220764742,4.707474691702959
412.25,-0.6941385611456656,-0.24913553309097003,1.0243905674066214,-2.2979166679042127,1.7996456017222728
412.5,-0.506602695971203,-0.21144481935532822,1.0243905674066214,-2.260225954168571,1.8373363154579145
412.75,3.041985917966432,1.518982916058408,1.0243905674066214,-0.5297982187548347,3.567764050871651
413.0,15.150717419397038,14.493886389853733,1.0243905674066214,12.44510525504049,16.542667524666975
413.25,17.197584924831148,17.671496271636197,1.0243905674066214,15.622715136822954,19.72027740644944
413.5,23.567788080766398,23.766217952399924,1.0243905674066214,21.71743681758668,25.814999087213167
413.75,29.4270122776193,30.681084579266308,1.0243905674066214,28.632303444453065,32.72986571407955
414.0,40.89187356784156,40.25323316005342,1.0243905674066214,38.20445202524018,42.30201429486666
414.25,44.96765748047697,46.76057975138827,1.0243905674066214,44.71179861657503,48.80936088620151
414.5,54.18730947965001,53.31744140931416,1.0243905674066214,51.268660274500924,55.3662225441274
414.75,59.99698627711277,59.649309760641955,1.0243905674066214,57.600528625828716,61.698090895455195
415.0,73.54773721639567,71.14028442443583,1.0243905674066214,69.0915032896226,73.18906555924907
415.25,68.32474954316412,69.56957917118261,1.0243905674066214,67.52079803636937,71.61836030599585
415.5,74.62668464539098,74.85175127063754,1.0243905674066214,72.8029701358243,76.90053240545078
415.75,80.92287845076768,79.1527975674207,1.0243905674066214,77.10401643260747,81.20157870223395
416.0,89.54711497389358,88.46604625720593,1.0243905674066214,86.41726512239269,90.51482739201917
416.25,93.74792255015646,94.09601727879975,1.0243905674066214,92.04723614398651,96.14479841361299
416.5,95.06502623615204,94.89246962343495,1.0243905674066214,92.84368848862171,96.94125075824819
416.75,96.34041822456616,96.55180936009728,1.0243905674066214,94.50302822528404,98.60059049491052
417.0,99.87541128276273,99.86129854410254,1.0243905674066214,97.8125174092893,101.91007967891578
417.25,106.0516688066611,106.60210046451151,1.0243905674066214,104.55331932969827,108.65088159932475
417.5,109.19779634875187,108.90491812832681,1.0243905674066214,106.85613699351357,110.95369926314005
417.75,108.89116219512154,110.52151306033323,1.0243905674066214,108.47273192552,112.57029419514647
418.0,108.3742115969536,108.21032694673875,1.0243905674066214,106.1615458119255,110.25910808155199
418.25,112.37380438309407,112.05680309358902,1.0243905674066214,110.00802195877579,114.10558422840226
418.5,112.01016966898428,112.35398877342693,1.0243905674066214,110.3052076386137,114.40276990824017
418.75,111.31712485900478,113.15989589906799,1.0243905674066214,111.11111476425475,115.20867703388123
419.0,116.0584012870515,115.01976979735304,1.0243905674066214,112.9709886625398,117.06855093216627
419.25,113.5216241472162,113.15830761693019,1.0243905674066214,111.10952648211695,115.20708875174343
419.5,113.73212164565231,114.57712337322873,1.0243905674066214,112.52834223841549,116.62590450804197
419.75,112.22413812098654,112.38768724763497,1.0243905674066214,110.33890611282173,114.43646838244821
420.0,111.52032942434673,112.76376767060974,1.0243905674066214,110.7149865357965,114.81254880542298
420.25,112.85228462046275,113.74016717909106,1.0243905674066214,111.69138604427782,115.7889483139043
420.5,106.87213836628301,107.08880554383639,1.0243905674066214,105.04002440902315,109.13758667864963
420.75,111.78706645564263,110.61776153528811,1.0243905674066214,108.56898040047487,112.66654267010135
421.0,109.09830106931673,109.62109795064423,1.0243905674066214,107.57231681583099,111.66987908545747
421.25,109.34425528540322,108.67636966357388,1.0243905674066214,106.62758852876064,110.72515079838712
421.5,108.50856554544958,108.98753233541768,1.0243905674066214,106.93875120060444,111.03631347023092
421.75,113.57500863756319,112.99465845021405,1.0243905674066214,110.94587731540081,115.04343958502729
422.0,104.73385255312151,104.90093879383072,1.0243905674066214,102.85215765901748,106.94971992864396
422.25,109.49197470705158,108.45318652612377,1.0243905674066214,106.40440539131053,110.50196766093701
422.5,97.94413804083096,98.38445385155833,1.0243905674066214,96.3356727167451,100.43323498637157
422.75,98.31013134148826,99.71199716317072,1.0243905674066214,97.66321602835748,101.76077829798396
423.0,96.88722140898669,97.94128484519291,1.0243905674066214,95.89250371037967,99.99006598000615
423.25,95.43555707071766,95.78004228599232,1.0243905674066214,93.73126115117908,97.82882342080556
423.5,91.06734400661445,92.2867845122459,1.0243905674066214,90.23800337743266,94.33556564705914
423.75,88.51427116074504,88.06504765472742,1.0243905674066214,86.01626651991418,90.11382878954066
424.0,79.34902619113791,79.51966315627759,1.0243905674066214,77.47088202146435,81.56844429109083
424.25,76.61422199915685,74.44570020323725,1.0243905674066214,72.39691906842401,76.49448133805049
424.5,70.89308137191959,72.47661620225703,1.0243905674066214,70.4278350674438,74.52539733707027
424.75,63.81792741845418,63.50106650853999,1.0243905674066214,61.45228537372675,65.54984764335323
425.0,53.10188304333546,54.452141955796826,1.0243905674066214,52.403360820983586,56.500923090610065
425.25,47.804533771058495,48.63908417592783,1.0243905674066214,46.59030304111459,50.68786531074107
425.5,42.5269823426289,42.42570443679833,1.0243905674066214,40.37692330198509,44.47448557161157
425.75,37.59232855743078,39.59151553348102,1.0243905674066214,37.54273439866778,41.64029666829426
426.0,32.23773312148023,31.924742806015505,1.0243905674066214,29.875961671202262,33.97352394082875
426.25,28.587634966930718,26.809178172092285,1.0243905674066214,24.76039703727904,28.857959306905528
426.5,15.83550833740188,16.498261432697692,1.0243905674066214,14.449480297884449,18.547042567510935
426.75,11.205657155618137,10.902952647954073,1.0243905674066214,8.85417151314083,12.951733782767317
427.0,6.236856621098877,5.244044207681721,1.0243905674066214,3.1952630728684785,7.2928253424949645
427.25,-0.16395350002699655,0.08121093391119856,1.0243905674066214,-1.9675702009020442,2.1299920687244414
427.5,0.7893655241407673,1.297880792006662,1.0243905674066214,-0.7509003428065808,3.3466619268199045
427.75,-2.2757364037217522,0.18305242709266922,1.0243905674066214,-1.8657287077205735,2.231833561905912
428.0,0.6409907193949733,0.030927816991823044,1.0243905674066214,-2.0178533178214195,2.079708951805066
428.25,-0.11316840972889723,-0.14121326334941922,1.0243905674066214,-2.189994398162662,1.9075678714638236
428.5,-1.0126838513881617,0.041047372386154427,1.0243905674066214,-2.007733762427088,2.0898285071993974
428.75,1.5875141526344552,1.5359287922688518,1.0243905674066214,-0.5128523425443909,3.584709927082095
429.0,-0.5836803568061814,0.1356066143363467,1.0243905674066214,-1.913174520476896,2.1843877491495896
429.25,-0.49094377493244723,-0.04293865966916194,1.0243905674066214,-2.0917197944824046,2.005842475144081
429.5,2.0485311328264513,1.2315070308457166,1.0243905674066214,-0.8172741039675262,3.280288165658959
429.75,0.001211116766003828,1.6559689846675545,1.0243905674066214,-0.39281215014568827,3.7047501194807975
430.0,3.0434706129921336,2.2469231918468067,1.0243905674066214,0.1981420570335639,4.295704326660049
430.25,-1.3976861631184037,-0.25923730614293256,1.0243905674066214,-2.3080184409561753,1.7895438286703103
430.5,-0.6627014083552638,0.11400998094260076,1.0243905674066214,-1.934771153870642,2.1627911157558435
430.75,1.9229461940665773,-0.09487557043389376,1.0243905674066214,-2.1436567052471367,1.953905564379349
431.0,1.1273547616424222,-0.08795723366923543,1.0243905674066214,-2.136738368482478,1.9608239011440074
431.25,0.09760399249544019,-0.09069314561841887,1.0243905674066214,-2.1394742804316618,1.958087989194824
431.5,-0.9405302155012165,-0.18901464365715606,1.0243905674066214,-2.237795778470399,1.8597664911560867
431.75,-0.5292723066998932,0.11481419999363054,1.0243905674066214,-1.9339669348196122,2.1635953348068733
432.0,2.324628902005068,2.1906666646650934,1.0243905674066214,0.14188552985185066,4.239447799478336
432.25,2.8592173815132402,2.8158587399529362,1.0243905674066214,0.7670776051396935,4.864639874766179
432.5,-0.09087092962596285,-0.004535470901250993,1.0243905674066214,-2.053316605714494,2.0442456639119917
432.75,-0.03083251408418433,0.3274357931888421,1.0243905674066214,-1.7213453416244007,2.376216928002085
433.0,0.169146099796742,0.35713700746677146,1.0243905674066214,-1.6916441273464713,2.405918142280014
433.25,-1.4419787356400129,-0.11836812401358034,1.0243905674066214,-2.1671492588268233,1.9304130107996624
433.5,-0.5165107421608328,-0.08428459004948606,1.0243905674066214,-2.1330657248627287,1.9644965447637568
433.75,0.9146240539868465,0.06511101470919814,1.0243905674066214,-1.9836701201040445,2.113892149522441
434.0,1.269859627037368,2.4607431232714894,1.0243905674066214,0.4119619884582466,4.509524258084732
434.25,2.1438202947475666,2.4898536126901174,1.0243905674066214,0.44107247787687465,4.538634747503361
434.5,-0.6216618360871958,0.047622993816230974,1.0243905674066214,-2.0011581409970116,2.096404128629474
434.75,3.49307405030221,3.2007333556876105,1.0243905674066214,1.1519522208743678,5.249514490500854
435.0,1.0138948456893186,1.4626011112630832,1.0243905674066214,-0.5861800235501595,3.5113822460763258
435.25,1.477393664974669,-0.1165701719505176,1.0243905674066214,-2.1653513067637604,1.932210962862725
435.5,1.61283550643775,1.4805084949541418,1.0243905674066214,-0.5682726398591009,3.5292896297673844
435.75,-1.3118031657772113,0.022356126489565857,1.0243905674066214,-2.026425008323677,2.0711372613028085
436.0,3.3065789155355163,2.658693556889717,1.0243905674066214,0.6099124220764742,4.707474691702959
436.25,-0.774651856262063,-0.24913553309097003,1.0243905674066214,-2.2979166679042127,1.7996456017222728
436.5,-0.5769963713775336,-0.21144481935532822,1.0243905674066214,-2.260225954168571,1.8373363154579145
436.75,2.0829221693188904,1.518982916058408,1.0243905674066214,-0.5297982187548347,3.567764050871651
437.0,14.122673030486009,14.493886389853733,1.0243905674066214,12.44510525504049,16.542667524666975
437.25,18.476070722677267,17.671496271636197,1.0243905674066214,15.622715136822954,19.72027740644944
437.5,23.029724439217514,23.766217952399924,1.0243905674066214,21.71743681758668,25.814999087213167
437.75,30.375242815613383,30.681084579266308,1.0243905674066214,28.632303444453065,32.72986571407955
438.0,39.84702847344191,40.25323316005342,1.0243905674066214,38.20445202524018,42.30201429486666
438.25,46.1618344398174,46.76057975138827,1.0243905674066214,44.71179861657503,48.80936088620151
438.5,54.53470456936237,53.31744140931416,1.0243905674066214,51.268660274500924,55.3662225441274
438.75,60.497160978231804,59.649309760641955,1.0243905674066214,57.600528625828716,61.698090895455195
439.0,72.87072937083383,71.14028442443583,1.0243905674066214,69.0915032896226,73.18906555924907
439.25,71.69252930078767,69.56957917118261,1.0243905674066214,67.52079803636937,71.61836030599585
439.5,73.69862970449927,74.85175127063754,1.0243905674066214,72.8029701358243,76.90053240545078
439.75,79.1950098771719,79.1527975674207,1.0243905674066214,77.10401643260747,81.20157870223395
440.0,87.17952501695873,88.46604625720593,1.0243905674066214,86.41726512239269,90.51482739201917
440.25,93.6665286739881,94.09601727879975,1.0243905674066214,92.04723614398651,96.14479841361299
440.5,94.21097629752292,94.89246962343495,1.0243905674066214,92.84368848862171,96.94125075824819
440.75,95.2812639940128,96.55180936009728,1.0243905674066214,94.50302822528404,98.60059049491052
441.0,98.54156814247015,99.86129854410254,1.0243905674066214,97.8125174092893,101.91007967891578
441.25,106.60606486412567,106.60210046451151,1.0243905674066214,104.55331932969827,108.65088159932475
441.5,108.0703983330662,108.90491812832681,1.0243905674066214,106.85613699351357,110.95369926314005
441.75,111.33134152953588,110.52151306033323,1.0243905674066214,108.47273192552,112.57029419514647
442.0,107.321334607668,108.21032694673875,1.0243905674066214,106.1615458119255,110.25910808155199
442.25,114.73335267976863,112.05680309358902,1.0243905674066214,110.00802195877579,114.10558422840226
442.5,111.78620463066376,112.35398877342693,1.0243905674066214,110.3052076386137,114.40276990824017
442.75,113.00419339150662,113.15989589906799,1.0243905674066214,111.11111476425475,115.20867703388123
443.0,113.774528239734,115.01976979735304,1.0243905674066214,112.9709886625398,117.06855093216627
443.25,114.86319086735104,113.15830761693019,1.0243905674066214,111.10952648211695,115.20708875174343
443.5,115.57763742415621,114.57712337322873,1.0243905674066214,112.52834223841549,116.62590450804197
443.75,112.80165443856072,112.38768724763497,1.0243905674066214,110.33890611282173,114.43646838244821
444.0,111.674196278349,112.76376767060974,1.0243905674066214,110.7149865357965,114.81254880542298
444.25,114.08836162596528,113.74016717909106,1.0243905674066214,111.69138604427782,115.7889483139043
444.5,106.2885186666229,107.08880554383639,1.0243905674066214,105.04002440902315,109.13758667864963
444.75,112.02100090683584,110.61776153528811,1.0243905674066214,108.56898040047487,112.66654267010135
445.0,110.54699919205737,109.62109795064423,1.0243905674066214,107.57231681583099,111.66987908545747
445.25,108.7994806645622,108.67636966357388,1.0243905674066214,106.62758852876064,110.72515079838712
445.5,106.61050608506385,108.98753233541768,1.0243905674066214,106.93875120060444,111.03631347023092
445.75,112.34364509805229,112.99465845021405,1.0243905674066214,110.94587731540081,115.04343958502729
446.0,105.56300918686519,104.90093879383072,1.0243905674066214,102.85215765901748,106.94971992864396
446.25,109.831801798682,108.45318652612377,1.0243905674066214,106.40440539131053,110.50196766093701
446.5,99.58811919054166,98.38445385155833,1.0243905674066214,96.3356727167451,100.43323498637157
446.75,98.29064658924923,99.71199716317072,1.0243905674066214,97.66321602835748,101.76077829798396
447.0,98.57072274716323,97.94128484519291,1.0243905674066214,95.89250371037967,99.99006598000615
447.25,96.98294978114335,95.78004228599232,1.0243905674066214,93.73126115117908,97.82882342080556
447.5,90.65806841171025,92.2867845122459,1.0243905674066214,90.23800337743266,94.33556564705914
447.75,88.09615462969225,88.06504765472742,1.0243905674066214,86.01626651991418,90.11382878954066
448.0,80.08863675430445,79.51966315627759,1.0243905674066214,77.47088202146435,81.56844429109083
448.25,73.9388508642837,74.44570020323725,1.0243905674066214,72.39691906842401,76.49448133805049
448.5,70.77863411165552,72.47661620225703,1.0243905674066214,70.4278350674438,74.52539733707027
448.75,63.28859612967065,63.50106650853999,1.0243905674066214,61.45228537372675,65.54984764335323
449.0,53.90253063658611,54.452141955796826,1.0243905674066214,52.403360820983586,56.500923090610065
449.25,48.149862706893416,48.63908417592783,1.0243905674066214,46.59030304111459,50.68786531074107
449.5,41.822091443863286,42.42570443679833,1.0243905674066214,40.37692330198509,44.47448557161157
449.75,39.4746877790636,39.59151553348102,1.0243905674066214,37.54273439866778,41.64029666829426
450.0,31.961200722345225,31.924742806015505,1.0243905674066214,29.875961671202262,33.97352394082875
450.25,27.12718210962626,26.809178172092285,1.0243905674066214,24.76039703727904,28.857959306905528
450.5,15.984519872913804,16.498261432697692,1.0243905674066214,14.449480297884449,18.547042567510935
450.75,10.536200370444627,10.902952647954073,1.0243905674066214,8.85417151314083,12.951733782767317
451.0,5.304288966227935,5.244044207681721,1.0243905674066214,3.1952630728684785,7.2928253424949645
451.25,-1.9209159258951816,0.08121093391119856,1.0243905674066214,-1.9675702009020442,2.1299920687244414
451.5,1.8473608398987087,1.297880792006662,1.0243905674066214,-0.7509003428065808,3.3466619268199045
451.75,-0.0005630971229588082,0.18305242709266922,1.0243905674066214,-1.8657287077205735,2.231833561905912
452.0,0.039693526597561826,0.030927816991823044,1.0243905674066214,-2.0178533178214195,2.079708951805066
452.25,0.960734307594464,-0.14121326334941922,1.0243905674066214,-2.189994398162662,1.9075678714638236
452.5,-1.9528155300482481,0.041047372386154427,1.0243905674066214,-2.007733762427088,2.0898285071993974
452.75,-0.512916427502202,1.5359287922688518,1.0243905674066214,-0.5128523425443909,3.584709927082095
453.0,0.27380384532351953,0.1356066143363467,1.0243905674066214,-1.913174520476896,2.1843877491495896
453.25,0.03036550105456263,-0.04293865966916194,1.0243905674066214,-2.0917197944824046,2.005842475144081
453.5,1.6124169199096754,1.2315070308457166,1.0243905674066214,-0.8172741039675262,3.280288165658959
453.75,0.8774664529174028,1.6559689846675545,1.0243905674066214,-0.39281215014568827,3.7047501194807975
454.0,2.660509001158306,2.2469231918468067,1.0243905674066214,0.1981420570335639,4.295704326660049
454.25,0.93263884299112,-0.25923730614293256,1.0243905674066214,-2.3080184409561753,1.7895438286703103
454.5,0.48398229395152703,0.11400998094260076,1.0243905674066214,-1.934771153870642,2.1627911157558435
454.75,-0.26082845840458313,-0.09487557043389376,1.0243905674066214,-2.1436567052471367,1.953905564379349
455.0,-2.107689387614403,-0.08795723366923543,1.0243905674066214,-2.136738368482478,1.9608239011440074
455.25,0.7692362080371281,-0.09069314561841887,1.0243905674066214,-2.1394742804316618,1.958087989194824
455.5,1.2217286662175928,-0.18901464365715606,1.0243905674066214,-2.237795778470399,1.8597664911560867
455.75,0.64455841198398,0.11481419999363054,1.0243905674066214,-1.9339669348196122,2.1635953348068733
456.0,1.3717111600518652,2.1906666646650934,1.0243905674066214,0.14188552985185066,4.239447799478336
456.25,3.4954885428413998,2.8158587399529362,1.0243905674066214,0.7670776051396935,4.864639874766179
456.5,0.8605297079614455,-0.004535470901250993,1.0243905674066214,-2.053316605714494,2.0442456639119917
456.75,1.5588162477990857,0.3274357931888421,1.0243905674066214,-1.7213453416244007,2.376216928002085
457.0,-0.49258871472610155,0.35713700746677146,1.0243905674066214,-1.6916441273464713,2.405918142280014
457.25,-0.22645458454413847,-0.11836812401358034,1.0243905674066214,-2.1671492588268233,1.9304130107996624
457.5,0.7472720511434552,-0.08428459004948606,1.0243905674066214,-2.1330657248627287,1.9644965447637568
457.75,0.05741007143815779,0.06511101470919814,1.0243905674066214,-1.9836701201040445,2.113892149522441
458.0,1.5208663225372108,2.4607431232714894,1.0243905674066214,0.4119619884582466,4.509524258084732
458.25,2.747992091313548,2.4898536126901174,1.0243905674066214,0.44107247787687465,4.538634747503361
458.5,0.7767537264988148,0.047622993816230974,1.0243905674066214,-2.0011581409970116,2.096404128629474
458.75,3.469686517235101,3.2007333556876105,1.0243905674066214,1.1519522208743678,5.249514490500854
459.0,1.622112953936081,1.4626011112630832,1.0243905674066214,-0.5861800235501595,3.5113822460763258
459.25,-0.25870590168573016,-0.1165701719505176,1.0243905674066214,-2.1653513067637604,1.932210962862725
459.5,2.5845312879635554,1.4805084949541418,1.0243905674066214,-0.5682726398591009,3.5292896297673844
459.75,-0.9006921837126766,0.022356126489565857,1.0243905674066214,-2.026425008323677,2.0711372613028085
460.0,2.048030141158039,2.658693556889717,1.0243905674066214,0.6099124220764742,4.707474691702959
460.25,0.010985513527525621,-0.24913553309097003,1.0243905674066214,-2.2979166679042127,1.7996456017222728
460.5,0.8789540277008926,-0.21144481935532822,1.0243905674066214,-2.260225954168571,1.8373363154579145
460.75,0.27172997911723185,1.518982916058408,1.0243905674066214,-0.5297982187548347,3.567764050871651
461.0,13.304123700450706,14.493886389853733,1.0243905674066214,12.44510525504049,16.542667524666975
461.25,15.545486398619593,17.671496271636197,1.0243905674066214,15.622715136822954,19.72027740644944
461.5,23.83692972598418,23.766217952399924,1.0243905674066214,21.71743681758668,25.814999087213167
461.75,29.875883550998203,30.681084579266308,1.0243905674066214,28.632303444453065,32.72986571407955
462.0,40.1188492569721,40.25323316005342,1.0243905674066214,38.20445202524018,42.30201429486666
462.25,47.388851378064146,46.76057975138827,1.0243905674066214,44.71179861657503,48.80936088620151
462.5,52.79397029303171,53.31744140931416,1.0243905674066214,51.268660274500924,55.3662225441274
462.75,60.09964670736487,59.649309760641955,1.0243905674066214,57.600528625828716,61.698090895455195
463.0,70.86144750907003,71.14028442443583,1.0243905674066214,69.0915032896226,73.18906555924907
463.25,70.09699941198485,69.56957917118261,1.0243905674066214,67.52079803636937,71.61836030599585
463.5,75.20447480377962,74.85175127063754,1.0243905674066214,72.8029701358243,76.90053240545078
463.75,78.43265705367,79.1527975674207,1.0243905674066214,77.10401643260747,81.20157870223395
464.0,88.18707358020171,88.46604625720593,1.0243905674066214,86.41726512239269,90.51482739201917
464.25,95.48787799945686,94.09601727879975,1.0243905674066214,92.04723614398651,96.14479841361299
464.5,95.2344356780327,94.89246962343495,1.0243905674066214,92.84368848862171,96.94125075824819
464.75,94.94145681039996,96.55180936009728,1.0243905674066214,94.50302822528404,98.60059049491052
465.0,100.24907347653995,99.86129854410254,1.0243905674066214,97.8125174092893,101.91007967891578
465.25,105.66573862020968,106.60210046451151,1.0243905674066214,104.55331932969827,108.65088159932475
465.5,110.69962982141361,108.90491812832681,1.0243905674066214,106.85613699351357,110.95369926314005
465.75,111.51331341023928,110.52151306033323,1.0243905674066214,108.47273192552,112.57029419514647
466.0,108.52897362100391,108.21032694673875,1.0243905674066214,106.1615458119255,110.25910808155199
466.25,112.08101655310843,112.05680309358902,1.0243905674066214,110.00802195877579,114.10558422840226
466.5,112.02855682560075,112.35398877342693,1.0243905674066214,110.3052076386137,114.40276990824017
466.75,113.61069970098958,113.15989589906799,1.0243905674066214,111.11111476425475,115.20867703388123
467.0,114.69909125473798,115.01976979735304,1.0243905674066214,112.9709886625398,117.06855093216627
467.25,113.39266897986329,113.15830761693019,1.0243905674066214,111.10952648211695,115.20708875174343
467.5,115.33007110987275,114.57712337322873,1.0243905674066214,112.52834223841549,116.62590450804197
467.75,111.94293202429901,112.38768724763497,1.0243905674066214,110.33890611282173,114.43646838244821
468.0,112.40480608713787,112.76376767060974,1.0243905674066214,110.7149865357965,114.81254880542298
468.25,112.6833292675162,113.74016717909106,1.0243905674066214,111.69138604427782,115.7889483139043
468.5,106.34547696651398,107.08880554383639,1.0243905674066214,105.04002440902315,109.13758667864963
468.75,108.73025033192098,110.61776153528811,1.0243905674066214,108.56898040047487,112.66654267010135
469.0,110.46763324921973,109.62109795064423,1.0243905674066214,107.57231681583099,111.66987908545747
469.25,110.51295616815723,108.67636966357388,1.0243905674066214,106.62758852876064,110.72515079838712
469.5,110.47221069178147,108.98753233541768,1.0243905674066214,106.93875120060444,111.03631347023092
469.75,111.7009765880848,112.99465845021405,1.0243905674066214,110.94587731540081,115.04343958502729
470.0,105.60010272682152,104.90093879383072,1.0243905674066214,102.85215765901748,106.94971992864396
470.25,110.0410244568824,108.45318652612377,1.0243905674066214,106.40440539131053,110.50196766093701
470.5,98.02213939831086,98.38445385155833,1.0243905674066214,96.3356727167451,100.43323498637157
470.75,99.98410702214075,99.71199716317072,1.0243905674066214,97.66321602835748,101.76077829798396
471.0,96.26127738954565,97.94128484519291,1.0243905674066214,95.89250371037967,99.99006598000615
471.25,96.23417073263707,95.78004228599232,1.0243905674066214,93.73126115117908,97.82882342080556
471.5,91.25284424785778,92.2867845122459,1.0243905674066214,90.23800337743266,94.33556564705914
471.75,88.30369416297701,88.06504765472742,1.0243905674066214,86.01626651991418,90.11382878954066
472.0,78.2535914338071,79.51966315627759,1.0243905674066214,77.47088202146435,81.56844429109083
472.25,74.78247367360802,74.44570020323725,1.0243905674066214,72.39691906842401,76.49448133805049
472.5,73.65530864248342,72.47661620225703,1.0243905674066214,70.4278350674438,74.52539733707027
472.75,62.83111437802921,63.50106650853999,1.0243905674066214,61.45228537372675,65.54984764335323
473.0,53.0929134854307,54.452141955796826,1.0243905674066214,52.403360820983586,56.500923090610065
473.25,46.14191206889119,48.63908417592783,1.0243905674066214,46.59030304111459,50.68786531074107
473.5,42.11914933521318,42.42570443679833,1.0243905674066214,40.37692330198509,44.47448557161157
473.75,39.33610599802346,39.59151553348102,1.0243905674066214,37.54273439866778,41.64029666829426
474.0,30.449887592344147,31.924742806015505,1.0243905674066214,29.875961671202262,33.97352394082875
474.25,27.137746260968722,26.809178172092285,1.0243905674066214,24.76039703727904,28.857959306905528
474.5,15.838976253905823,16.498261432697692,1.0243905674066214,14.449480297884449,18.547042567510935
474.75,9.870113340167396,10.902952647954073,1.0243905674066214,8.85417151314083,12.951733782767317
475.0,4.65736252233303,5.244044207681721,1.0243905674066214,3.1952630728684785,7.2928253424949645
475.25,1.0713045389296156,0.08121093391119856,1.0243905674066214,-1.9675702009020442,2.1299920687244414
475.5,1.973262656427473,1.297880792006662,1.0243905674066214,-0.7509003428065808,3.3466619268199045
475.75,-0.13002606149848983,0.18305242709266922,1.0243905674066214,-1.8657287077205735,2.231833561905912
476.0,0.6191050184648526,0.030927816991823044,1.0243905674066214,-2.0178533178214195,2.079708951805066
476.25,-1.160911956386739,-0.14121326334941922,1.0243905674066214,-2.189994398162662,1.9075678714638236
476.5,0.03237010072703053,0.041047372386154427,1.0243905674066214,-2.007733762427088,2.0898285071993974
476.75,1.6082397728432323,1.5359287922688518,1.0243905674066214,-0.5128523425443909,3.584709927082095
477.0,-0.4698365084987269,0.1356066143363467,1.0243905674066214,-1.913174520476896,2.1843877491495896
477.25,0.4729406921404962,-0.04293865966916194,1.0243905674066214,-2.0917197944824046,2.005842475144081
477.5,0.6618065220732919,1.2315070308457166,1.0243905674066214,-0.8172741039675262,3.280288165658959
477.75,1.8494142358659662,1.6559689846675545,1.0243905674066214,-0.39281215014568827,3.7047501194807975
478.0,2.548014098449667,2.2469231918468067,1.0243905674066214,0.1981420570335639,4.295704326660049
478.25,-2.917159880697066,-0.25923730614293256,1.0243905674066214,-2.3080184409561753,1.7895438286703103
478.5,1.1903057035101177,0.11400998094260076,1.0243905674066214,-1.934771153870642,2.1627911157558435
478.75,-3.047632565352754,-0.09487557043389376,1.0243905674066214,-2.1436567052471367,1.953905564379349
479.0,-0.6160490255561253,-0.08795723366923543,1.0243905674066214,-2.136738368482478,1.9608239011440074
479.25,1.025348034257755,-0.09069314561841887,1.0243905674066214,-2.1394742804316618,1.958087989194824
479.5,-0.31728672525244067,-0.18901464365715606,1.0243905674066214,-2.237795778470399,1.8597664911560867
479.75,-1.466185982469542,0.11481419999363054,1.0243905674066214,-1.9339669348196122,2.1635953348068733
480.0,1.1576165257027011,2.1906666646650934,1.0243905674066214,0.14188552985185066,4.239447799478336
480.25,3.8485998954942615,2.8158587399529362,1.0243905674066214,0.7670776051396935,4.864639874766179
480.5,-1.9215045305486382,-0.004535470901250993,1.0243905674066214,-2.053316605714494,2.0442456639119917
480.75,1.1289911009620173,0.3274357931888421,1.0243905674066214,-1.7213453416244007,2.376216928002085
481.0,0.32841911045956673,0.35713700746677146,1.0243905674066214,-1.6916441273464713,2.405918142280014
481.25,-1.1923953304424335,-0.11836812401358034,1.0243905674066214,-2.1671492588268233,1.9304130107996624
481.5,-0.5831150723026911,-0.08428459004948606,1.0243905674066214,-2.1330657248627287,1.9644965447637568
481.75,-1.0172243411016413,0.06511101470919814,1.0243905674066214,-1.9836701201040445,2.113892149522441
482.0,3.504419125447014,2.4607431232714894,1.0243905674066214,0.4119619884582466,4.509524258084732
482.25,3.065803616049683,2.4898536126901174,1.0243905674066214,0.44107247787687465,4.538634747503361
482.5,-1.5210690411923986,0.047622993816230974,1.0243905674066214,-2.0011581409970116,2.096404128629474
482.75,2.9781315023847648,3.2007333556876105,1.0243905674066214,1.1519522208743678,5.249514490500854
483.0,0.5393423644118598,1.4626011112630832,1.0243905674066214,-0.5861800235501595,3.5113822460763258
483.25,1.2935099684593703,-0.1165701719505176,1.0243905674066214,-2.1653513067637604,1.932210962862725
483.5,-0.24384676587892473,1.4805084949541418,1.0243905674066214,-0.5682726398591009,3.5292896297673844
483.75,1.604229104685014,0.022356126489565857,1.0243905674066214,-2.026425008323677,2.0711372613028085
484.0,2.60205616440488,2.658693556889717,1.0243905674066214,0.6099124220764742,4.707474691702959
484.25,-1.1619344063800876,-0.24913553309097003,1.0243905674066214,-2.2979166679042127,1.7996456017222728
484.5,-0.6772741840092779,-0.21144481935532822,1.0243905674066214,-2.260225954168571,1.8373363154579145
484.75,0.967484308443318,1.518982916058408,1.0243905674066214,-0.5297982187548347,3.567764050871651
485.0,13.339802048200639,14.493886389853733,1.0243905674066214,12.44510525504049,16.542667524666975
485.25,17.678041766084686,17.671496271636197,1.0243905674066214,15.622715136822954,19.72027740644944
485.5,22.576318950039067,23.766217952399924,1.0243905674066214,21.71743681758668,25.814999087213167
485.75,28.81382315946656,30.681084579266308,1.0243905674066214,28.632303444453065,32.72986571407955
486.0,40.12372289614184,40.25323316005342,1.0243905674066214,38.20445202524018,42.30201429486666
486.25,44.924616991754554,46.76057975138827,1.0243905674066214,44.71179861657503,48.80936088620151
486.5,52.68335214574704,53.31744140931416,1.0243905674066214,51.268660274500924,55.3662225441274
486.75,58.95926179601815,59.649309760641955,1.0243905674066214,57.600528625828716,61.698090895455195
487.0,70.28956934479594,71.14028442443583,1.0243905674066214,69.0915032896226,73.18906555924907
487.25,71.42584819847858,69.56957917118261,1.0243905674066214,67.52079803636937,71.61836030599585
487.5,74.78575830360118,74.85175127063754,1.0243905674066214,72.8029701358243,76.90053240545078
487.75,79.36996175883995,79.1527975674207,1.0243905674066214,77.10401643260747,81.20157870223395
488.0,86.57932703725987,88.46604625720593,1.0243905674066214,86.41726512239269,90.51482739201917
488.25,93.79017146809944,94.09601727879975,1.0243905674066214,92.04723614398651,96.14479841361299
488.5,95.05636143772011,94.89246962343495,1.0243905674066214,92.84368848862171,96.94125075824819
488.75,95.31388995523807,96.55180936009728,1.0243905674066214,94.50302822528404,98.60059049491052
489.0,100.50151825888655,99.86129854410254,1.0243905674066214,97.8125174092893,101.91007967891578
489.25,105.5476526567449,106.60210046451151,1.0243905674066214,104.55331932969827,108.65088159932475
489.5,109.00075061558742,108.90491812832681,1.0243905674066214,106.85613699351357,110.95369926314005
489.75,109.90316293042268,110.52151306033323,1.0243905674066214,108.47273192552,112.57029419514647
490.0,108.40340880446743,108.21032694673875,1.0243905674066214,106.1615458119255,110.25910808155199
490.25,111.28329363781681,112.05680309358902,1.0243905674066214,110.00802195877579,114.10558422840226
490.5,111.96669545455723,112.35398877342693,1.0243905674066214,110.3052076386137,114.40276990824017
490.75,112.69604565781158,113.15989589906799,1.0243905674066214,111.11111476425475,115.20867703388123
491.0,114.33548166680873,115.01976979735304,1.0243905674066214,112.9709886625398,117.06855093216627
491.25,113.64219297772051,113.15830761693019,1.0243905674066214,111.10952648211695,115.20708875174343
491.5,114.69652511819072,114.57712337322873,1.0243905674066214,112.52834223841549,116.62590450804197
491.75,112.41612462257143,112.38768724763497,1.0243905674066214,110.33890611282173,114.43646838244821
492.0,112.59054049366661,112.76376767060974,1.0243905674066214,110.7149865357965,114.81254880542298
492.25,114.67423877876065,113.74016717909106,1.0243905674066214,111.69138604427782,115.7889483139043
492.5,107.17411546882597,107.08880554383639,1.0243905674066214,105.04002440902315,109.13758667864963
492.75,110.25194835553654,110.61776153528811,1.0243905674066214,108.56898040047487,112.66654267010135
493.0,109.84249449009234,109.62109795064423,1.0243905674066214,107.57231681583099,111.66987908545747
493.25,110.4006283090453,108.67636966357388,1.0243905674066214,106.62758852876064,110.72515079838712
493.5,107.70652554028996,108.98753233541768,1.0243905674066214,106.93875120060444,111.03631347023092
493.75,114.09691796976666,112.99465845021405,1.0243905674066214,110.94587731540081,115.04343958502729
494.0,102.98207689402722,104.90093879383072,1.0243905674066214,102.85215765901748,106.94971992864396
494.25,108.83619126518747,108.45318652612377,1.0243905674066214,106.40440539131053,110.50196766093701
494.5,100.05403220665825,98.38445385155833,1.0243905674066214,96.3356727167451,100.43323498637157
494.75,100.371328115958,99.71199716317072,1.0243905674066214,97.66321602835748,101.76077829798396
495.0,98.43979551889012,97.94128484519291,1.0243905674066214,95.89250371037967,99.99006598000615
495.25,95.40698509585735,95.78004228599232,1.0243905674066214,93.73126115117908,97.82882342080556
495.5,92.34745117778105,92.2867845122459,1.0243905674066214,90.23800337743266,94.33556564705914
495.75,87.85199632966213,88.06504765472742,1.0243905674066214,86.01626651991418,90.11382878954066
496.0,79.02881774806463,79.51966315627759,1.0243905674066214,77.47088202146435,81.56844429109083
496.25,73.94973983365556,74.44570020323725,1.0243905674066214,72.39691906842401,76.49448133805049
496.5,72.82917712768317,72.47661620225703,1.0243905674066214,70.4278350674438,74.52539733707027
496.75,62.84707717121374,63.50106650853999,1.0243905674066214,61.45228537372675,65.54984764335323
497.0,53.42355424615645,54.452141955796826,1.0243905674066214,52.403360820983586,56.500923090610065
497.25,46.937691673848995,48.63908417592783,1.0243905674066214,46.59030304111459,50.68786531074107
497.5,42.77628789537725,42.42570443679833,1.0243905674066214,40.37692330198509,44.47448557161157
497.75,40.46302319427213,39.59151553348102,1.0243905674066214,37.54273439866778,41.64029666829426
498.0,32.23256744892872,31.924742806015505,1.0243905674066214,29.875961671202262,33.97352394082875
498.25,27.649897997385217,26.809178172092285,1.0243905674066214,24.76039703727904,28.857959306905528
498.5,16.3768142728512,16.498261432697692,1.0243905674066214,14.449480297884449,18.547042567510935
498.75,11.337860236178386,10.902952647954073,1.0243905674066214,8.85417151314083,12.951733782767317
499.0,5.51577235361104,5.244044207681721,1.0243905674066214,3.1952630728684785,7.2928253424949645
499.25,-0.09154001941820787,0.08121093391119856,1.0243905674066214,-1.9675702009020442,2.1299920687244414
499.5,0.8395038845426033,1.297880792006662,1.0243905674066214,-0.7509003428065808,3.3466619268199045
499.75,2.214152615791911,0.18305242709266922,1.0243905674066214,-1.8657287077205735,2.231833561905912
500.0,-0.4519509798535085,0.030927816991823044,1.0243905674066214,-2.0178533178214195,2.079708951805066
500.25,-0.6658777111204364,-0.14121326334941922,1.0243905674066214,-2.189994398162662,1.9075678714638236
500.5,0.43400982345010697,0.041047372386154427,1.0243905674066214,-2.007733762427088,2.0898285071993974
500.75,1.7127718576517668,1.5359287922688518,1.0243905674066214,-0.5128523425443909,3.584709927082095
501.0,-1.4047915476103274,0.1356066143363467,1.0243905674066214,-1.913174520476896,2.1843877491495896
501.25,1.160160610746817,-0.04293865966916194,1.0243905674066214,-2.0917197944824046,2.005842475144081
501.5,1.3480454013669099,1.2315070308457166,1.0243905674066214,-0.8172741039675262,3.280288165658959
501.75,0.2286624328741278,1.6559689846675545,1.0243905674066214,-0.39281215014568827,3.7047501194807975
502.0,3.184939441272249,2.2469231918468067,1.0243905674066214,0.1981420570335639,4.295704326660049
502.25,0.625675571596154,-0.25923730614293256,1.0243905674066214,-2.3080184409561753,1.7895438286703103
502.5,-1.2645419919479142,0.11400998094260076,1.0243905674066214,-1.934771153870642,2.1627911157558435
502.75,1.7771828402577243,-0.09487557043389376,1.0243905674066214,-2.1436567052471367,1.953905564379349
503.0,0.6587973683661927,-0.08795723366923543,1.0243905674066214,-2.136738368482478,1.9608239011440074
503.25,-0.010196115625046132,-0.09069314561841887,1.0243905674066214,-2.1394742804316618,1.958087989194824
503.5,1.5902188056217794,-0.18901464365715606,1.0243905674066214,-2.237795778470399,1.8597664911560867
503.75,0.15929778382964058,0.11481419999363054,1.0243905674066214,-1.9339669348196122,2.1635953348068733
504.0,2.22327051231534,2.1906666646650934,1.0243905674066214,0.14188552985185066,4.239447799478336
504.25,2.1613940331516526,2.8158587399529362,1.0243905674066214,0.7670776051396935,4.864639874766179
504.5,0.5818504393070786,-0.004535470901250993,1.0243905674066214,-2.053316605714494,2.0442456639119917
504.75,0.4766029673239799,0.3274357931888421,1.0243905674066214,-1.7213453416244007,2.376216928002085
505.0,0.39820134939156737,0.35713700746677146,1.0243905674066214,-1.6916441273464713,2.405918142280014
505.25,-0.789986353867603,-0.11836812401358034,1.0243905674066214,-2.1671492588268233,1.9304130107996624
505.5,0.12992985416607386,-0.08428459004948606,1.0243905674066214,-2.1330657248627287,1.9644965447637568
505.75,-0.06979878576213788,0.06511101470919814,1.0243905674066214,-1.9836701201040445,2.113892149522441
506.0,1.3047196058542845,2.4607431232714894,1.0243905674066214,0.4119619884582466,4.509524258084732
506.25,0.8615634549626594,2.4898536126901174,1.0243905674066214,0.44107247787687465,4.538634747503361
506.5,0.7632454714934176,0.047622993816230974,1.0243905674066214,-2.0011581409970116,2.096404128629474
506.75,0.7798353058524099,3.2007333556876105,1.0243905674066214,1.1519522208743678,5.249514490500854
507.0,1.607938553717397,1.4626011112630832,1.0243905674066214,-0.5861800235501595,3.5113822460763258
507.25,-0.4780830577538245,-0.1165701719505176,1.0243905674066214,-2.1653513067637604,1.932210962862725
507.5,2.4144989591274064,1.4805084949541418,1.0243905674066214,-0.5682726398591009,3.5292896297673844
507.75,-0.49346820915387574,0.022356126489565857,1.0243905674066214,-2.026425008323677,2.0711372613028085
508.0,3.2948351181737134,2.658693556889717,1.0243905674066214,0.6099124220764742,4.707474691702959
508.25,-0.3969138412377916,-0.24913553309097003,1.0243905674066214,-2.2979166679042127,1.7996456017222728
508.5,0.11374815348614345,-0.21144481935532822,1.0243905674066214,-2.260225954168571,1.8373363154579145
508.75,2.50593968013182,1.518982916058408,1.0243905674066214,-0.5297982187548347,3.567764050871651
509.0,14.151864733891564,14.493886389853733,1.0243905674066214,12.44510525504049,16.542667524666975
509.25,18.579769790852716,17.671496271636197,1.0243905674066214,15.622715136822954,19.72027740644944
509.5,22.810536623624426,23.766217952399924,1.0243905674066214,21.71743681758668,25.814999087213167
509.75,31.288782210763127,30.681084579266308,1.0243905674066214,28.632303444453065,32.72986571407955
510.0,41.426039089777866,40.25323316005342,1.0243905674066214,38.20445202524018,42.30201429486666
510.25,47.38751067996277,46.76057975138827,1.0243905674066214,44.71179861657503,48.80936088620151
510.5,55.35195789054997,53.31744140931416,1.0243905674066214,51.268660274500924,55.3662225441274
510.75,59.10492536731084,59.649309760641955,1.0243905674066214,57.600528625828716,61.698090895455195
511.0,69.78163616547316,71.14028442443583,1.0243905674066214,69.0915032896226,73.18906555924907
511.25,68.4305499883933,69.56957917118261,1.0243905674066214,67.52079803636937,71.61836030599585
511.5,75.38978930298005,74.85175127063754,1.0243905674066214,72.8029701358243,76.90053240545078
511.75,79.622513684114,79.1527975674207,1.0243905674066214,77.10401643260747,81.20157870223395
512.0,88.45798199324958,88.46604625720593,1.0243905674066214,86.41726512239269,90.51482739201917
512.25,93.32117755262924,94.09601727879975,1.0243905674066214,92.04723614398651,96.14479841361299
512.5,95.60792610110765,94.89246962343495,1.0243905674066214,92.84368848862171,96.94125075824819
512.75,95.11371409050054,96.55180936009728,1.0243905674066214,94.50302822528404,98.60059049491052
513.0,100.75240499774547,99.86129854410254,1.0243905674066214,97.8125174092893,101.91007967891578
513.25,109.60778766578579,106.60210046451151,1.0243905674066214,104.55331932969827,108.65088159932475
513.5,109.65356789802415,108.90491812832681,1.0243905674066214,106.85613699351357,110.95369926314005
513.75,111.07232270605599,110.52151306033323,1.0243905674066214,108.47273192552,112.57029419514647
514.0,107.74622837618996,108.21032694673875,1.0243905674066214,106.1615458119255,110.25910808155199
514.25,110.11357038858542,112.05680309358902,1.0243905674066214,110.00802195877579,114.10558422840226
514.5,111.63486971859794,112.35398877342693,1.0243905674066214,110.3052076386137,114.40276990824017
514.75,111.83928050849082,113.15989589906799,1.0243905674066214,111.11111476425475,115.20867703388123
515.0,113.62286484778502,115.01976979735304,1.0243905674066214,112.9709886625398,117.06855093216627
515.25,114.87945905121904,113.15830761693019,1.0243905674066214,111.10952648211695,115.20708875174343
515.5,114.73099926137907,114.57712337322873,1.0243905674066214,112.52834223841549,116.62590450804197
515.75,112.88442614843859,112.38768724763497,1.0243905674066214,110.33890611282173,114.43646838244821
516.0,112.71197646193231,112.76376767060974,1.0243905674066214,110.7149865357965,114.81254880542298
516.25,113.70482366579722,113.74016717909106,1.0243905674066214,111.69138604427782,115.7889483139043
516.5,108.37450039487949,107.08880554383639,1.0243905674066214,105.04002440902315,109.13758667864963
516.75,110.52630852466727,110.61776153528811,1.0243905674066214,108.56898040047487,112.66654267010135
517.0,110.26849839822893,109.62109795064423,1.0243905674066214,107.57231681583099,111.66987908545747
517.25,108.50803732822943,108.67636966357388,1.0243905674066214,106.62758852876064,110.72515079838712
517.5,108.70472885757911,108.98753233541768,1.0243905674066214,106.93875120060444,111.03631347023092
517.75,111.92014691110946,112.99465845021405,1.0243905674066214,110.94587731540081,115.04343958502729
518.0,102.89749899289819,104.90093879383072,1.0243905674066214,102.85215765901748,106.94971992864396
518.25,108.35735620589244,108.45318652612377,1.0243905674066214,106.40440539131053,110.50196766093701
518.5,98.53544607104276,98.38445385155833,1.0243905674066214,96.3356727167451,100.43323498637157
518.75,98.5965295547819,99.71199716317072,1.0243905674066214,97.66321602835748,101.76077829798396
519.0,98.23469557531568,97.94128484519291,1.0243905674066214,95.89250371037967,99.99006598000615
519.25,96.02118712765092,95.78004228599232,1.0243905674066214,93.73126115117908,97.82882342080556
519.5,90.16039597123311,92.2867845122459,1.0243905674066214,90.23800337743266,94.33556564705914
519.75,87.18893448558599,88.06504765472742,1.0243905674066214,86.01626651991418,90.11382878954066
520.0,80.22205824973146,79.51966315627759,1.0243905674066214,77.47088202146435,81.56844429109083
520.25,74.62667417852617,74.44570020323725,1.0243905674066214,72.39691906842401,76.49448133805049
520.5,71.47712105065696,72.47661620225703,1.0243905674066214,70.4278350674438,74.52539733707027
520.75,63.77274229024412,63.50106650853999,1.0243905674066214,61.45228537372675,65.54984764335323
521.0,55.252243292201605,54.452141955796826,1.0243905674066214,52.403360820983586,56.500923090610065
521.25,49.07500807043207,48.63908417592783,1.0243905674066214,46.59030304111459,50.68786531074107
521.5,42.29027708227442,42.42570443679833,1.0243905674066214,40.37692330198509,44.47448557161157
521.75,39.44972361898078,39.59151553348102,1.0243905674066214,37.54273439866778,41.64029666829426
522.0,31.3715625203577,31.924742806015505,1.0243905674066214,29.875961671202262,33.97352394082875
522.25,27.152547287566208,26.809178172092285,1.0243905674066214,24.76039703727904,28.857959306905528
522.5,16.48405060891336,16.498261432697692,1.0243905674066214,14.449480297884449,18.547042567510935
522.75,11.57525330491483,10.902952647954073,1.0243905674066214,8.85417151314083,12.951733782767317
523.0,5.343808741094629,5.244044207681721,1.0243905674066214,3.1952630728684785,7.2928253424949645
523.25,0.8187639503474419,0.08121093391119856,1.0243905674066214,-1.9675702009020442,2.1299920687244414
523.5,1.4649182456299508,1.297880792006662,1.0243905674066214,-0.7509003428065808,3.3466619268199045
523.75,0.7846887161316864,0.18305242709266922,1.0243905674066214,-1.8657287077205735,2.231833561905912
524.0,0.8708227703666389,0.030927816991823044,1.0243905674066214,-2.0178533178214195,2.079708951805066
524.25,-0.8045266302248135,-0.14121326334941922,1.0243905674066214,-2.189994398162662,1.9075678714638236
524.5,-1.808144046870746,0.041047372386154427,1.0243905674066214,-2.007733762427088,2.0898285071993974
524.75,3.0044102983713152,1.5359287922688518,1.0243905674066214,-0.5128523425443909,3.584709927082095
525.0,0.2566587307122617,0.1356066143363467,1.0243905674066214,-1.913174520476896,2.1843877491495896
525.25,-1.6770035393130431,-0.04293865966916194,1.0243905674066214,-2.0917197944824046,2.005842475144081
525.5,0.7284204794990321,1.2315070308457166,1.0243905674066214,-0.8172741039675262,3.280288165658959
525.75,2.111467820459677,1.6559689846675545,1.0243905674066214,-0.39281215014568827,3.7047501194807975
526.0,1.716478495785482,2.2469231918468067,1.0243905674066214,0.1981420570335639,4.295704326660049
526.25,-0.5120614193191271,-0.25923730614293256,1.0243905674066214,-2.3080184409561753,1.7895438286703103
526.5,1.4008818603129667,0.11400998094260076,1.0243905674066214,-1.934771153870642,2.1627911157558435
526.75,-1.0472871463838105,-0.09487557043389376,1.0243905674066214,-2.1436567052471367,1.953905564379349
527.0,-0.7981533577548339,-0.08795723366923543,1.0243905674066214,-2.136738368482478,1.9608239011440074
527.25,0.21138647504826755,-0.09069314561841887,1.0243905674066214,-2.1394742804316618,1.958087989194824
527.5,0.39045493205388226,-0.18901464365715606,1.0243905674066214,-2.237795778470399,1.8597664911560867
527.75,0.4963430343407315,0.11481419999363054,1.0243905674066214,-1.9339669348196122,2.1635953348068733
528.0,3.1625916319883185,2.1906666646650934,1.0243905674066214,0.14188552985185066,4.239447799478336
528.25,3.0202727698551586,2.8158587399529362,1.0243905674066214,0.7670776051396935,4.864639874766179
528.5,0.48938393893840915,-0.004535470901250993,1.0243905674066214,-2.053316605714494,2.0442456639119917
528.75,-0.2592092593150832,0.3274357931888421,1.0243905674066214,-1.7213453416244007,2.376216928002085
529.0,0.4462195127385703,0.35713700746677146,1.0243905674066214,-1.6916441273464713,2.405918142280014
529.25,0.10753418005363442,-0.11836812401358034,1.0243905674066214,-2.1671492588268233,1.9304130107996624
529.5,0.21509813581903608,-0.08428459004948606,1.0243905674066214,-2.1330657248627287,1.9644965447637568
529.75,0.7725398075827608,0.06511101470919814,1.0243905674066214,-1.9836701201040445,2.113892149522441
530.0,3.193339606533317,2.4607431232714894,1.0243905674066214,0.4119619884582466,4.509524258084732
530.25,2.377592809187028,2.4898536126901174,1.0243905674066214,0.44107247787687465,4.538634747503361
530.5,-0.6110338922573917,0.047622993816230974,1.0243905674066214,-2.0011581409970116,2.096404128629474
530.75,3.4493948789668085,3.2007333556876105,1.0243905674066214,1.1519522208743678,5.249514490500854
531.0,1.374510241860393,1.4626011112630832,1.0243905674066214,-0.5861800235501595,3.5113822460763258
531.25,0.19318157981319836,-0.1165701719505176,1.0243905674066214,-2.1653513067637604,1.932210962862725
531.5,3.3127776593878986,1.4805084949541418,1.0243905674066214,-0.5682726398591009,3.5292896297673844
531.75,-0.5237727785412354,0.022356126489565857,1.0243905674066214,-2.026425008323677,2.0711372613028085
532.0,3.0576399230471774,2.658693556889717,1.0243905674066214,0.6099124220764742,4.707474691702959
532.25,1.0684620672442982,-0.24913553309097003,1.0243905674066214,-2.2979166679042127,1.7996456017222728
532.5,0.09800191409938289,-0.21144481935532822,1.0243905674066214,-2.260225954168571,1.8373363154579145
532.75,4.106948268383934,1.518982916058408,1.0243905674066214,-0.5297982187548347,3.567764050871651
533.0,14.236381158484667,14.493886389853733,1.0243905674066214,12.44510525504049,16.542667524666975
533.25,17.907304128674358,17.671496271636197,1.0243905674066214,15.622715136822954,19.72027740644944
533.5,23.00542875583793,23.766217952399924,1.0243905674066214,21.71743681758668,25.814999087213167
533.75,30.642664633061454,30.681084579266308,1.0243905674066214,28.632303444453065,32.72986571407955
534.0,40.752333277386676,40.25323316005342,1.0243905674066214,38.20445202524018,42.30201429486666
534.25,47.57377725048017,46.76057975138827,1.0243905674066214,44.71179861657503,48.80936088620151
534.5,53.75460784783813,53.31744140931416,1.0243905674066214,51.268660274500924,55.3662225441274
534.75,61.12747953395624,59.649309760641955,1.0243905674066214,57.600528625828716,61.698090895455195
535.0,71.06582010622908,71.14028442443583,1.0243905674066214,69.0915032896226,73.18906555924907
535.25,69.09271656704941,69.56957917118261,1.0243905674066214,67.52079803636937,71.61836030599585
535.5,77.43333184371099,74.85175127063754,1.0243905674066214,72.8029701358243,76.90053240545078
535.75,79.51882839928665,79.1527975674207,1.0243905674066214,77.10401643260747,81.20157870223395
536.0,87.63624378762361,88.46604625720593,1.0243905674066214,86.41726512239269,90.51482739201917
536.25,93.7498708394883,94.09601727879975,1.0243905674066214,92.04723614398651,96.14479841361299
536.5,93.89837889324725,94.89246962343495,1.0243905674066214,92.84368848862171,96.94125075824819
536.75,97.27498822400787,96.55180936009728,1.0243905674066214,94.50302822528404,98.60059049491052
537.0,99.22907812247533,99.86129854410254,1.0243905674066214,97.8125174092893,101.91007967891578
537.25,106.87771171830241,106.60210046451151,1.0243905674066214,104.55331932969827,108.65088159932475
537.5,109.22360807701433,108.90491812832681,1.0243905674066214,106.85613699351357,110.95369926314005
537.75,111.22070697833918,110.52151306033323,1.0243905674066214,108.47273192552,112.57029419514647
538.0,107.3923440522015,108.21032694673875,1.0243905674066214,106.1615458119255,110.25910808155199
538.25,110.84821142352922,112.05680309358902,1.0243905674066214,110.00802195877579,114.10558422840226
538.5,112.46188638880976,112.35398877342693,1.0243905674066214,110.3052076386137,114.40276990824017
538.75,113.53313503428946,113.15989589906799,1.0243905674066214,111.11111476425475,115.20867703388123
539.0,115.40240173729768,115.01976979735304,1.0243905674066214,112.9709886625398,117.06855093216627
539.25,112.34764538012607,113.15830761693019,1.0243905674066214,111.10952648211695,115.20708875174343
539.5,115.13562158544468,114.57712337322873,1.0243905674066214,112.52834223841549,116.62590450804197
539.75,111.76087764072896,112.38768724763497,1.0243905674066214,110.33890611282173,114.43646838244821
540.0,112.49946018234218,112.76376767060974,1.0243905674066214,110.7149865357965,114.81254880542298
540.25,112.93374122351865,113.74016717909106,1.0243905674066214,111.69138604427782,115.7889483139043
540.5,108.71110806129218,107.08880554383639,1.0243905674066214,105.04002440902315,109.13758667864963
540.75,111.19206718438983,110.61776153528811,1.0243905674066214,108.56898040047487,112.66654267010135
541.0,110.34279783588308,109.62109795064423,1.0243905674066214,107.57231681583099,111.66987908545747
541.25,109.95125304721691,108.67636966357388,1.0243905674066214,106.62758852876064,110.72515079838712
541.5,111.85953099654989,108.98753233541768,1.0243905674066214,106.93875120060444,111.03631347023092
541.75,111.61783497280116,112.99465845021405,1.0243905674066214,110.94587731540081,115.04343958502729
542.0,104.13687147438822,104.90093879383072,1.0243905674066214,102.85215765901748,106.94971992864396
542.25,108.00274302278432,108.45318652612377,1.0243905674066214,106.40440539131053,110.50196766093701
542.5,97.62812975666684,98.38445385155833,1.0243905674066214,96.3356727167451,100.43323498637157
542.75,98.80507634388698,99.71199716317072,1.0243905674066214,97.66321602835748,101.76077829798396
543.0,97.96951737629496,97.94128484519291,1.0243905674066214,95.89250371037967,99.99006598000615
543.25,94.75083084937101,95.78004228599232,1.0243905674066214,93.73126115117908,97.82882342080556
543.5,92.6514463448299,92.2867845122459,1.0243905674066214,90.23800337743266,94.33556564705914
543.75,88.15575746649411,88.06504765472742,1.0243905674066214,86.01626651991418,90.11382878954066
544.0,80.29582302075964,79.51966315627759,1.0243905674066214,77.47088202146435,81.56844429109083
544.25,74.74734390076868,74.44570020323725,1.0243905674066214,72.39691906842401,76.49448133805049
544.5,73.2338028204834,72.47661620225703,1.0243905674066214,70.4278350674438,74.52539733707027
544.75,63.240885302920496,63.50106650853999,1.0243905674066214,61.45228537372675,65.54984764335323
545.0,56.3509794694748,54.452141955796826,1.0243905674066214,52.403360820983586,56.500923090610065
545.25,48.53236622792327,48.63908417592783,1.0243905674066214,46.59030304111459,50.68786531074107
545.5,40.52307811666356,42.42570443679833,1.0243905674066214,40.37692330198509,44.47448557161157
545.75,38.915324186538854,39.59151553348102,1.0243905674066214,37.54273439866778,41.64029666829426
546.0,30.260404015664385,31.924742806015505,1.0243905674066214,29.875961671202262,33.97352394082875
546.25,26.702062133807857,26.809178172092285,1.0243905674066214,24.76039703727904,28.857959306905528
546.5,16.16714141171714,16.498261432697692,1.0243905674066214,14.449480297884449,18.547042567510935
546.75,10.477423600913172,10.902952647954073,1.0243905674066214,8.85417151314083,12.951733782767317
547.0,7.222861040373991,5.244044207681721,1.0243905674066214,3.1952630728684785,7.2928253424949645
547.25,0.5489828740769108,0.08121093391119856,1.0243905674066214,-1.9675702009020442,2.1299920687244414
547.5,2.096424074118585,1.297880792006662,1.0243905674066214,-0.7509003428065808,3.3466619268199045
547.75,-0.9310734879421032,0.18305242709266922,1.0243905674066214,-1.8657287077205735,2.231833561905912
548.0,-0.9991448913310123,0.030927816991823044,1.0243905674066214,-2.0178533178214195,2.079708951805066
548.25,0.03680549909695475,-0.14121326334941922,1.0243905674066214,-2.189994398162662,1.9075678714638236
548.5,0.17300713965222583,0.041047372386154427,1.0243905674066214,-2.007733762427088,2.0898285071993974
548.75,-0.3953941247576953,1.5359287922688518,1.0243905674066214,-0.5128523425443909,3.584709927082095
549.0,-0.18030702284953407,0.1356066143363467,1.0243905674066214,-1.913174520476896,2.1843877491495896
549.25,0.051554439056583204,-0.04293865966916194,1.0243905674066214,-2.0917197944824046,2.005842475144081
549.5,1.2270908109466143,1.2315070308457166,1.0243905674066214,-0.8172741039675262,3.280288165658959
549.75,0.5262031157431719,1.6559689846675545,1.0243905674066214,-0.39281215014568827,3.7047501194807975
550.0,1.456620144997235,2.2469231918468067,1.0243905674066214,0.1981420570335639,4.295704326660049
550.25,-0.17685919357279603,-0.25923730614293256,1.0243905674066214,-2.3080184409561753,1.7895438286703103
550.5,0.09080002361004777,0.11400998094260076,1.0243905674066214,-1.934771153870642,2.1627911157558435
550.75,0.604791582550568,-0.09487557043389376,1.0243905674066214,-2.1436567052471367,1.953905564379349
551.0,1.0808562049508712,-0.08795723366923543,1.0243905674066214,-2.136738368482478,1.9608239011440074
551.25,-0.2943477235272498,-0.09069314561841887,1.0243905674066214,-2.1394742804316618,1.958087989194824
551.5,-0.45615619611535785,-0.18901464365715606,1.0243905674066214,-2.237795778470399,1.8597664911560867
551.75,0.43765567353430623,0.11481419999363054,1.0243905674066214,-1.9339669348196122,2.1635953348068733
552.0,2.862198503830226,2.1906666646650934,1.0243905674066214,0.14188552985185066,4.239447799478336
552.25,2.387493715914756,2.8158587399529362,1.0243905674066214,0.7670776051396935,4.864639874766179
552.5,0.7903934769661722,-0.004535470901250993,1.0243905674066214,-2.053316605714494,2.0442456639119917
552.75,0.9795853411559731,0.3274357931888421,1.0243905674066214,-1.7213453416244007,2.376216928002085
553.0,1.6752076751605292,0.35713700746677146,1.0243905674066214,-1.6916441273464713,2.405918142280014
553.25,1.7783209067198225,-0.11836812401358034,1.0243905674066214,-2.1671492588268233,1.9304130107996624
553.5,-0.8664161386594389,-0.08428459004948606,1.0243905674066214,-2.1330657248627287,1.9644965447637568
553.75,0.01389820933251119,0.06511101470919814,1.0243905674066214,-1.9836701201040445,2.113892149522441
554.0,2.649471621207146,2.4607431232714894,1.0243905674066214,0.4119619884582466,4.509524258084732
554.25,2.2353022377543375,2.4898536126901174,1.0243905674066214,0.44107247787687465,4.538634747503361
554.5,-0.451170826926488,0.047622993816230974,1.0243905674066214,-2.0011581409970116,2.096404128629474
554.75,1.8961616176730274,3.2007333556876105,1.0243905674066214,1.1519522208743678,5.249514490500854
555.0,1.4952074727851405,1.4626011112630832,1.0243905674066214,-0.5861800235501595,3.5113822460763258
555.25,-0.7683556595479125,-0.1165701719505176,1.0243905674066214,-2.1653513067637604,1.932210962862725
555.5,1.1922458329951213,1.4805084949541418,1.0243905674066214,-0.5682726398591009,3.5292896297673844
555.75,-0.7940435416988534,0.022356126489565857,1.0243905674066214,-2.026425008323677,2.0711372613028085
556.0,1.5356925580774763,2.658693556889717,1.0243905674066214,0.6099124220764742,4.707474691702959
556.25,0.2342983603768977,-0.24913553309097003,1.0243905674066214,-2.2979166679042127,1.7996456017222728
556.5,0.15092152680649595,-0.21144481935532822,1.0243905674066214,-2.260225954168571,1.8373363154579145
556.75,2.3483851205327015,1.518982916058408,1.0243905674066214,-0.5297982187548347,3.567764050871651
557.0,16.80028421663377,14.493886389853733,1.0243905674066214,12.44510525504049,16.542667524666975
557.25,17.860504437565158,17.671496271636197,1.0243905674066214,15.622715136822954,19.72027740644944
557.5,24.28931626779504,23.766217952399924,1.0243905674066214,21.71743681758668,25.814999087213167
557.75,29.91662803933742,30.681084579266308,1.0243905674066214,28.632303444453065,32.72986571407955
558.0,39.21649192645364,40.25323316005342,1.0243905674066214,38.20445202524018,42.30201429486666
558.25,48.31030263494577,46.76057975138827,1.0243905674066214,44.71179861657503,48.80936088620151
558.5,52.512033233881255,53.31744140931416,1.0243905674066214,51.268660274500924,55.3662225441274
558.75,58.82442061315286,59.649309760641955,1.0243905674066214,57.600528625828716,61.698090895455195
559.0,71.1216864956052,71.14028442443583,1.0243905674066214,69.0915032896226,73.18906555924907
559.25,69.33469268351102,69.56957917118261,1.0243905674066214,67.52079803636937,71.61836030599585
559.5,73.82684022998832,74.85175127063754,1.0243905674066214,72.8029701358243,76.90053240545078
559.75,78.81961753113151,79.1527975674207,1.0243905674066214,77.10401643260747,81.20157870223395
560.0,89.58510105125227,88.46604625720593,1.0243905674066214,86.41726512239269,90.51482739201917
560.25,93.63814099290457,94.09601727879975,1.0243905674066214,92.04723614398651,96.14479841361299
560.5,93.44738632341242,94.89246962343495,1.0243905674066214,92.84368848862171,96.94125075824819
560.75,97.28101248905087,96.55180936009728,1.0243905674066214,94.50302822528404,98.60059049491052
561.0,100.08575232730661,99.86129854410254,1.0243905674066214,97.8125174092893,101.91007967891578
561.25,106.12983062199726,106.60210046451151,1.0243905674066214,104.55331932969827,108.65088159932475
561.5,107.70494973532568,108.90491812832681,1.0243905674066214,106.85613699351357,110.95369926314005
561.75,109.74459121395968,110.52151306033323,1.0243905674066214,108.47273192552,112.57029419514647
562.0,108.18438370823624,108.21032694673875,1.0243905674066214,106.1615458119255,110.25910808155199
562.25,113.08945579955605,112.05680309358902,1.0243905674066214,110.00802195877579,114.10558422840226
562.5,111.2010071067585,112.35398877342693,1.0243905674066214,110.3052076386137,114.40276990824017
562.75,112.84765586807809,113.15989589906799,1.0243905674066214,111.11111476425475,115.20867703388123
563.0,115.74501408409493,115.01976979735304,1.0243905674066214,112.9709886625398,117.06855093216627
563.25,110.77583176910147,113.15830761693019,1.0243905674066214,111.10952648211695,115.20708875174343
563.5,115.49192291129219,114.57712337322873,1.0243905674066214,112.52834223841549,116.62590450804197
563.75,111.32228799561817,112.38768724763497,1.0243905674066214,110.33890611282173,114.43646838244821
564.0,113.3529943205855,112.76376767060974,1.0243905674066214,110.7149865357965,114.81254880542298
564.25,114.1243778978514,113.74016717909106,1.0243905674066214,111.69138604427782,115.7889483139043
564.5,108.494536104104,107.08880554383639,1.0243905674066214,105.04002440902315,109.13758667864963
564.75,111.10957002425602,110.61776153528811,1.0243905674066214,108.56898040047487,112.66654267010135
565.0,107.36051396847422,109.62109795064423,1.0243905674066214,107.57231681583099,111.66987908545747
565.25,107.91926237891846,108.67636966357388,1.0243905674066214,106.62758852876064,110.72515079838712
565.5,109.18508687766445,108.98753233541768,1.0243905674066214,106.93875120060444,111.03631347023092
565.75,113.13208119059153,112.99465845021405,1.0243905674066214,110.94587731540081,115.04343958502729
566.0,105.3528587850221,104.90093879383072,1.0243905674066214,102.85215765901748,106.94971992864396
566.25,109.40828466262855,108.45318652612377,1.0243905674066214,106.40440539131053,110.50196766093701
566.5,99.08740111547921,98.38445385155833,1.0243905674066214,96.3356727167451,100.43323498637157
566.75,99.66838464893623,99.71199716317072,1.0243905674066214,97.66321602835748,101.76077829798396
567.0,96.42283342922984,97.94128484519291,1.0243905674066214,95.89250371037967,99.99006598000615
567.25,95.5119533158056,95.78004228599232,1.0243905674066214,93.73126115117908,97.82882342080556
567.5,92.73277212543145,92.2867845122459,1.0243905674066214,90.23800337743266,94.33556564705914
567.75,87.01361189251502,88.06504765472742,1.0243905674066214,86.01626651991418,90.11382878954066
568.0,80.44606908611756,79.51966315627759,1.0243905674066214,77.47088202146435,81.56844429109083
568.25,75.14800874639774,74.44570020323725,1.0243905674066214,72.39691906842401,76.49448133805049
568.5,72.75766294335257,72.47661620225703,1.0243905674066214,70.4278350674438,74.52539733707027
568.75,60.55051437343199,63.50106650853999,1.0243905674066214,61.45228537372675,65.54984764335323
569.0,52.951747704129325,54.452141955796826,1.0243905674066214,52.403360820983586,56.500923090610065
569.25,50.18412426999725,48.63908417592783,1.0243905674066214,46.59030304111459,50.68786531074107
569.5,41.83902507625998,42.42570443679833,1.0243905674066214,40.37692330198509,44.47448557161157
569.75,37.933556709176074,39.59151553348102,1.0243905674066214,37.54273439866778,41.64029666829426
570.0,33.23615439300247,31.924742806015505,1.0243905674066214,29.875961671202262,33.97352394082875
570.25,26.69808309620022,26.809178172092285,1.0243905674066214,24.76039703727904,28.857959306905528
570.5,17.3938871247282,16.498261432697692,1.0243905674066214,14.449480297884449,18.547042567510935
570.75,11.222807974031994,10.902952647954073,1.0243905674066214,8.85417151314083,12.951733782767317
571.0,5.670494064185646,5.244044207681721,1.0243905674066214,3.1952630728684785,7.2928253424949645
571.25,0.3630092477145166,0.08121093391119856,1.0243905674066214,-1.9675702009020442,2.1299920687244414
571.5,2.0678140245932504,1.297880792006662,1.0243905674066214,-0.7509003428065808,3.3466619268199045
571.75,2.2774304485560983,0.18305242709266922,1.0243905674066214,-1.8657287077205735,2.231833561905912
572.0,0.9710063359591881,0.030927816991823044,1.0243905674066214,-2.0178533178214195,2.079708951805066
572.25,-1.580339317845535,-0.14121326334941922,1.0243905674066214,-2.189994398162662,1.9075678714638236
572.5,0.4466615152789034,0.041047372386154427,1.0243905674066214,-2.007733762427088,2.0898285071993974
572.75,2.602398210459979,1.5359287922688518,1.0243905674066214,-0.5128523425443909,3.584709927082095
573.0,1.202700806536146,0.1356066143363467,1.0243905674066214,-1.913174520476896,2.1843877491495896
573.25,-0.38912262687602117,-0.04293865966916194,1.0243905674066214,-2.0917197944824046,2.005842475144081
573.5,2.607184421905871,1.2315070308457166,1.0243905674066214,-0.8172741039675262,3.280288165658959
573.75,2.2673359276410534,1.6559689846675545,1.0243905674066214,-0.39281215014568827,3.7047501194807975
574.0,4.568672763888105,2.2469231918468067,1.0243905674066214,0.1981420570335639,4.295704326660049
574.25,-0.7500017362485115,-0.25923730614293256,1.0243905674066214,-2.3080184409561753,1.7895438286703103
574.5,-0.5074005764004252,0.11400998094260076,1.0243905674066214,-1.934771153870642,2.1627911157558435
574.75,-0.3061190484599539,-0.09487557043389376,1.0243905674066214,-2.1436567052471367,1.953905564379349
575.0,-0.4902221500387753,-0.08795723366923543,1.0243905674066214,-2.136738368482478,1.9608239011440074
575.25,-0.890020749763603,-0.09069314561841887,1.0243905674066214,-2.1394742804316618,1.958087989194824
575.5,-2.762675505673743,-0.18901464365715606,1.0243905674066214,-2.237795778470399,1.8597664911560867
575.75,-0.4346994737231341,0.11481419999363054,1.0243905674066214,-1.9339669348196122,2.1635953348068733
576.0,2.6207116471192764,2.1906666646650934,1.0243905674066214,0.14188552985185066,4.239447799478336
576.25,2.328472303667731,2.8158587399529362,1.0243905674066214,0.7670776051396935,4.864639874766179
576.5,1.9353811835291097,-0.004535470901250993,1.0243905674066214,-2.053316605714494,2.0442456639119917
576.75,0.013375812715862578,0.3274357931888421,1.0243905674066214,-1.7213453416244007,2.376216928002085
577.0,1.6745502646859916,0.35713700746677146,1.0243905674066214,-1.6916441273464713,2.405918142280014
577.25,0.26142041272996835,-0.11836812401358034,1.0243905674066214,-2.1671492588268233,1.9304130107996624
577.5,0.826407309893258,-0.08428459004948606,1.0243905674066214,-2.1330657248627287,1.9644965447637568
577.75,0.27924155393356226,0.06511101470919814,1.0243905674066214,-1.9836701201040445,2.113892149522441
578.0,4.006978556492048,2.4607431232714894,1.0243905674066214,0.4119619884582466,4.509524258084732
578.25,2.389315156419246,2.4898536126901174,1.0243905674066214,0.44107247787687465,4.538634747503361
578.5,0.6942128007724339,0.047622993816230974,1.0243905674066214,-2.0011581409970116,2.096404128629474
578.75,3.7480565545541427,3.2007333556876105,1.0243905674066214,1.1519522208743678,5.249514490500854
579.0,1.114242568628818,1.4626011112630832,1.0243905674066214,-0.5861800235501595,3.5113822460763258
579.25,0.4049823189246768,-0.1165701719505176,1.0243905674066214,-2.1653513067637604,1.932210962862725
579.5,3.340638598445178,1.4805084949541418,1.0243905674066214,-0.5682726398591009,3.5292896297673844
579.75,-0.270396942095442,0.022356126489565857,1.0243905674066214,-2.026425008323677,2.0711372613028085
580.0,3.054815796775066,2.658693556889717,1.0243905674066214,0.6099124220764742,4.707474691702959
580.25,1.2577789508694428,-0.24913553309097003,1.0243905674066214,-2.2979166679042127,1.7996456017222728
580.5,1.1402532809442802,-0.21144481935532822,1.0243905674066214,-2.260225954168571,1.8373363154579145
580.75,1.7808195669311337,1.518982916058408,1.0243905674066214,-0.5297982187548347,3.567764050871651
581.0,12.231031747258783,14.493886389853733,1.0243905674066214,12.44510525504049,16.542667524666975
581.25,18.099917725002776,17.671496271636197,1.0243905674066214,15.622715136822954,19.72027740644944
581.5,21.58476024210786,23.766217952399924,1.0243905674066214,21.71743681758668,25.814999087213167
581.75,32.46412659914598,30.681084579266308,1.0243905674066214,28.632303444453065,32.72986571407955
582.0,40.67287323818328,40.25323316005342,1.0243905674066214,38.20445202524018,42.30201429486666
582.25,47.72714720804443,46.76057975138827,1.0243905674066214,44.71179861657503,48.80936088620151
582.5,52.53340187563351,53.31744140931416,1.0243905674066214,51.268660274500924,55.3662225441274
582.75,58.31585721132145,59.649309760641955,1.0243905674066214,57.600528625828716,61.698090895455195
583.0,71.42153980096292,71.14028442443583,1.0243905674066214,69.0915032896226,73.18906555924907
583.25,69.39128165693228,69.56957917118261,1.0243905674066214,67.52079803636937,71.61836030599585
583.5,74.23780591027445,74.85175127063754,1.0243905674066214,72.8029701358243,76.90053240545078
583.75,79.20925203057737,79.1527975674207,1.0243905674066214,77.10401643260747,81.20157870223395
584.0,91.12316122563442,88.46604625720593,1.0243905674066214,86.41726512239269,90.51482739201917
584.25,95.27866014910542,94.09601727879975,1.0243905674066214,92.04723614398651,96.14479841361299
584.5,95.89055741364191,94.89246962343495,1.0243905674066214,92.84368848862171,96.94125075824819
584.75,97.18235575970444,96.55180936009728,1.0243905674066214,94.50302822528404,98.60059049491052
585.0,101.07291755922076,99.86129854410254,1.0243905674066214,97.8125174092893,101.91007967891578
585.25,106.56027756974518,106.60210046451151,1.0243905674066214,104.55331932969827,108.65088159932475
585.5,107.23235544377731,108.90491812832681,1.0243905674066214,106.85613699351357,110.95369926314005
585.75,110.30062843739223,110.52151306033323,1.0243905674066214,108.47273192552,112.57029419514647
586.0,109.05082385508202,108.21032694673875,1.0243905674066214,106.1615458119255,110.25910808155199
586.25,110.95398331455716,112.05680309358902,1.0243905674066214,110.00802195877579,114.10558422840226
586.5,112.06122313113883,112.35398877342693,1.0243905674066214,110.3052076386137,114.40276990824017
586.75,112.24040600658725,113.15989589906799,1.0243905674066214,111.11111476425475,115.20867703388123
587.0,116.57189867604316,115.01976979735304,1.0243905674066214,112.9709886625398,117.06855093216627
587.25,113.90655612462996,113.15830761693019,1.0243905674066214,111.10952648211695,115.20708875174343
587.5,115.10967736399725,114.57712337322873,1.0243905674066214,112.52834223841549,116.62590450804197
587.75,113.12633988094558,112.38768724763497,1.0243905674066214,110.33890611282173,114.43646838244821
588.0,112.98374957457644,112.76376767060974,1.0243905674066214,110.7149865357965,114.81254880542298
588.25,114.07525103076816,113.74016717909106,1.0243905674066214,111.69138604427782,115.7889483139043
588.5,106.22476513210783,107.08880554383639,1.0243905674066214,105.04002440902315,109.13758667864963
588.75,108.37220366461192,110.61776153528811,1.0243905674066214,108.56898040047487,112.66654267010135
589.0,109.88788559054923,109.62109795064423,1.0243905674066214,107.57231681583099,111.66987908545747
589.25,109.0280318823466,108.67636966357388,1.0243905674066214,106.62758852876064,110.72515079838712
589.5,110.25614631673655,108.98753233541768,1.0243905674066214,106.93875120060444,111.03631347023092
589.75,114.89839689279368,112.99465845021405,1.0243905674066214,110.94587731540081,115.04343958502729
590.0,106.44524654026426,104.90093879383072,1.0243905674066214,102.85215765901748,106.94971992864396
590.25,107.62089451366496,108.45318652612377,1.0243905674066214,106.40440539131053,110.50196766093701
590.5,98.12668434409976,98.38445385155833,1.0243905674066214,96.3356727167451,100.43323498637157
590.75,100.36299388737207,99.71199716317072,1.0243905674066214,97.66321602835748,101.76077829798396
591.0,100.8010751180925,97.94128484519291,1.0243905674066214,95.89250371037967,99.99006598000615
591.25,97.44753376837434,95.78004228599232,1.0243905674066214,93.73126115117908,97.82882342080556
591.5,93.43580113929087,92.2867845122459,1.0243905674066214,90.23800337743266,94.33556564705914
591.75,87.7162711895162,88.06504765472742,1.0243905674066214,86.01626651991418,90.11382878954066
592.0,78.93159472484086,79.51966315627759,1.0243905674066214,77.47088202146435,81.56844429109083
592.25,75.02852333251367,74.44570020323725,1.0243905674066214,72.39691906842401,76.49448133805049
592.5,71.53013470282237,72.47661620225703,1.0243905674066214,70.4278350674438,74.52539733707027
592.75,63.37585788876408,63.50106650853999,1.0243905674066214,61.45228537372675,65.54984764335323
593.0,54.115058117839204,54.452141955796826,1.0243905674066214,52.403360820983586,56.500923090610065
593.25,49.890847200563975,48.63908417592783,1.0243905674066214,46.59030304111459,50.68786531074107
593.5,42.03086556632868,42.42570443679833,1.0243905674066214,40.37692330198509,44.47448557161157
593.75,37.47845029373245,39.59151553348102,1.0243905674066214,37.54273439866778,41.64029666829426
594.0,32.50535165235467,31.924742806015505,1.0243905674066214,29.875961671202262,33.97352394082875
594.25,25.985705651552625,26.809178172092285,1.0243905674066214,24.76039703727904,28.857959306905528
594.5,16.331577660208218,16.498261432697692,1.0243905674066214,14.449480297884449,18.547042567510935
594.75,10.859144597970506,10.902952647954073,1.0243905674066214,8.85417151314083,12.951733782767317
595.0,4.938230932155709,5.244044207681721,1.0243905674066214,3.1952630728684785,7.2928253424949645
595.25,0.7903405817847039,0.08121093391119856,1.0243905674066214,-1.9675702009020442,2.1299920687244414
595.5,-0.16253916568045668,1.297880792006662,1.0243905674066214,-0.7509003428065808,3.3466619268199045
595.75,-0.5170142249543602,0.18305242709266922,1.0243905674066214,-1.8657287077205735,2.231833561905912
596.0,0.6840379131173813,0.030927816991823044,1.0243905674066214,-2.0178533178214195,2.079708951805066
596.25,-0.6140847753443682,-0.14121326334941922,1.0243905674066214,-2.189994398162662,1.9075678714638236
596.5,-1.6088067092699718,0.041047372386154427,1.0243905674066214,-2.007733762427088,2.0898285071993974
596.75,2.1294727856134976,1.5359287922688518,1.0243905674066214,-0.5128523425443909,3.584709927082095
597.0,1.123094630441539,0.1356066143363467,1.0243905674066214,-1.913174520476896,2.1843877491495896
597.25,-0.007512851459927937,-0.04293865966916194,1.0243905674066214,-2.0917197944824046,2.005842475144081
597.5,-0.5186056217517894,1.2315070308457166,1.0243905674066214,-0.8172741039675262,3.280288165658959
597.75,2.0455632747886643,1.6559689846675545,1.0243905674066214,-0.39281215014568827,3.7047501194807975
598.0,0.3362674454986869,2.2469231918468067,1.0243905674066214,0.1981420570335639,4.295704326660049
598.25,0.3087992768481657,-0.25923730614293256,1.0243905674066214,-2.3080184409561753,1.7895438286703103
598.5,-0.8874638247421598,0.11400998094260076,1.0243905674066214,-1.934771153870642,2.1627911157558435
598.75,-1.1598392857669653,-0.09487557043389376,1.0243905674066214,-2.1436567052471367,1.953905564379349
599.0,-0.4419100170796902,-0.08795723366923543,1.0243905674066214,-2.136738368482478,1.9608239011440074
599.25,-0.18329755642725984,-0.09069314561841887,1.0243905674066214,-2.1394742804316618,1.958087989194824
599.5,-0.6442082503864482,-0.18901464365715606,1.0243905674066214,-2.237795778470399,1.8597664911560867
599.75,0.5887032782151507,0.11481419999363054,1.0243905674066214,-1.9339669348196122,2.1635953348068733
600.0,1.805284208960538,2.1906666646650934,1.0243905674066214,0.14188552985185066,4.239447799478336
600.25,3.8018850208454635,2.8158587399529362,1.0243905674066214,0.7670776051396935,4.864639874766179
600.5,0.28117316564347944,-0.004535470901250993,1.0243905674066214,-2.053316605714494,2.0442456639119917
600.75,-0.697557206596308,0.3274357931888421,1.0243905674066214,-1.7213453416244007,2.376216928002085
601.0,-0.48241867433042984,0.35713700746677146,1.0243905674066214,-1.6916441273464713,2.405918142280014
601.25,-1.6474962990474387,-0.11836812401358034,1.0243905674066214,-2.1671492588268233,1.9304130107996624
601.5,0.2907331778668224,-0.08428459004948606,1.0243905674066214,-2.1330657248627287,1.9644965447637568
601.75,-0.3545875472513581,0.06511101470919814,1.0243905674066214,-1.9836701201040445,2.113892149522441
602.0,0.26599839652497126,2.4607431232714894,1.0243905674066214,0.4119619884582466,4.509524258084732
602.25,1.797660933517445,2.4898536126901174,1.0243905674066214,0.44107247787687465,4.538634747503361
602.5,-0.7029419365713039,0.047622993816230974,1.0243905674066214,-2.0011581409970116,2.096404128629474
602.75,4.957401213074759,3.2007333556876105,1.0243905674066214,1.1519522208743678,5.249514490500854
603.0,-0.30025058513717284,1.4626011112630832,1.0243905674066214,-0.5861800235501595,3.5113822460763258
603.25,-1.4413507997340538,-0.1165701719505176,1.0243905674066214,-2.1653513067637604,1.932210962862725
603.5,2.2162219953531963,1.4805084949541418,1.0243905674066214,-0.5682726398591009,3.5292896297673844
603.75,1.3567631574639631,0.022356126489565857,1.0243905674066214,-2.026425008323677,2.0711372613028085
604.0,1.8903679651961762,2.658693556889717,1.0243905674066214,0.6099124220764742,4.707474691702959
604.25,-0.6320858228089109,-0.24913553309097003,1.0243905674066214,-2.2979166679042127,1.7996456017222728
604.5,0.6162353965533128,-0.21144481935532822,1.0243905674066214,-2.260225954168571,1.8373363154579145
604.75,-0.5579966477335416,1.518982916058408,1.0243905674066214,-0.5297982187548347,3.567764050871651
605.0,12.753226765710588,14.493886389853733,1.0243905674066214,12.44510525504049,16.542667524666975
605.25,17.3024815055036,17.671496271636197,1.0243905674066214,15.622715136822954,19.72027740644944
605.5,25.354125066860036,23.766217952399924,1.0243905674066214,21.71743681758668,25.814999087213167
605.75,30.558459280038008,30.681084579266308,1.0243905674066214,28.632303444453065,32.72986571407955
606.0,40.60433615872517,40.25323316005342,1.0243905674066214,38.20445202524018,42.30201429486666
606.25,47.86126246073645,46.76057975138827,1.0243905674066214,44.71179861657503,48.80936088620151
606.5,55.5423977470927,53.31744140931416,1.0243905674066214,51.268660274500924,55.3662225441274
606.75,59.291516211473194,59.649309760641955,1.0243905674066214,57.600528625828716,61.698090895455195
607.0,71.14394869308833,71.14028442443583,1.0243905674066214,69.0915032896226,73.18906555924907
607.25,71.24694031823125,69.56957917118261,1.0243905674066214,67.52079803636937,71.61836030599585
607.5,73.20714746124018,74.85175127063754,1.0243905674066214,72.8029701358243,76.90053240545078
607.75,80.15217182039844,79.1527975674207,1.0243905674066214,77.10401643260747,81.20157870223395
608.0,87.33740980124091,88.46604625720593,1.0243905674066214,86.41726512239269,90.51482739201917
608.25,94.54660696883953,94.09601727879975,1.0243905674066214,92.04723614398651,96.14479841361299
608.5,94.59843976037833,94.89246962343495,1.0243905674066214,92.84368848862171,96.94125075824819
608.75,95.38040726744985,96.55180936009728,1.0243905674066214,94.50302822528404,98.60059049491052
609.0,98.61035348771028,99.86129854410254,1.0243905674066214,97.8125174092893,101.91007967891578
609.25,107.02676360689968,106.60210046451151,1.0243905674066214,104.55331932969827,108.65088159932475
609.5,110.28265607961528,108.90491812832681,1.0243905674066214,106.85613699351357,110.95369926314005
609.75,110.35947836720975,110.52151306033323,1.0243905674066214,108.47273192552,112.57029419514647
610.0,108.30920130381874,108.21032694673875,1.0243905674066214,106.1615458119255,110.25910808155199
610.25,112.49495777596329,112.05680309358902,1.0243905674066214,110.00802195877579,114.10558422840226
610.5,111.2659703086152,112.35398877342693,1.0243905674066214,110.3052076386137,114.40276990824017
610.75,113.67186825800249,113.15989589906799,1.0243905674066214,111.11111476425475,115.20867703388123
611.0,115.88921252125978,115.01976979735304,1.0243905674066214,112.9709886625398,117.06855093216627
611.25,115.76072540797381,113.15830761693019,1.0243905674066214,111.10952648211695,115.20708875174343
611.5,114.0820325527937,114.57712337322873,1.0243905674066214,112.52834223841549,116.62590450804197
611.75,112.04665676615647,112.38768724763497,1.0243905674066214,110.33890611282173,114.43646838244821
612.0,113.7899646987023,112.76376767060974,1.0243905674066214,110.7149865357965,114.81254880542298
612.25,114.69679891715279,113.74016717909106,1.0243905674066214,111.69138604427782,115.7889483139043
612.5,106.87486255926345,107.08880554383639,1.0243905674066214,105.04002440902315,109.13758667864963
612.75,110.15548296643243,110.61776153528811,1.0243905674066214,108.56898040047487,112.66654267010135
613.0,110.27893529842224,109.62109795064423,1.0243905674066214,107.57231681583099,111.66987908545747
613.25,107.87645738533979,108.67636966357388,1.0243905674066214,106.62758852876064,110.72515079838712
613.5,108.63634776029615,108.98753233541768,1.0243905674066214,106.93875120060444,111.03631347023092
613.75,113.41665384407975,112.99465845021405,1.0243905674066214,110.94587731540081,115.04343958502729
614.0,105.87118674008758,104.90093879383072,1.0243905674066214,102.85215765901748,106.94971992864396
614.25,108.0143194907793,108.45318652612377,1.0243905674066214,106.40440539131053,110.50196766093701
614.5,96.63656491701886,98.38445385155833,1.0243905674066214,96.3356727167451,100.43323498637157
614.75,97.96606212397248,99.71199716317072,1.0243905674066214,97.66321602835748,101.76077829798396
615.0,97.00975737364419,97.94128484519291,1.0243905674066214,95.89250371037967,99.99006598000615
615.25,94.65426684646049,95.78004228599232,1.0243905674066214,93.73126115117908,97.82882342080556
615.5,92.16179321867259,92.2867845122459,1.0243905674066214,90.23800337743266,94.33556564705914
615.75,86.91517899146788,88.06504765472742,1.0243905674066214,86.01626651991418,90.11382878954066
616.0,79.11203939617478,79.51966315627759,1.0243905674066214,77.47088202146435,81.56844429109083
616.25,73.46552956414837,74.44570020323725,1.0243905674066214,72.39691906842401,76.49448133805049
616.5,72.19028810620874,72.47661620225703,1.0243905674066214,70.4278350674438,74.52539733707027
616.75,64.9367985712675,63.50106650853999,1.0243905674066214,61.45228537372675,65.54984764335323
617.0,54.89178365627165,54.452141955796826,1.0243905674066214,52.403360820983586,56.500923090610065
617.25,48.314064526717175,48.63908417592783,1.0243905674066214,46.59030304111459,50.68786531074107
617.5,41.92453658870752,42.42570443679833,1.0243905674066214,40.37692330198509,44.47448557161157
617.75,39.48446727568205,39.59151553348102,1.0243905674066214,37.54273439866778,41.64029666829426
618.0,32.32865347464415,31.924742806015505,1.0243905674066214,29.875961671202262,33.97352394082875
618.25,27.26889657800884,26.809178172092285,1.0243905674066214,24.76039703727904,28.857959306905528
618.5,15.381329129669872,16.498261432697692,1.0243905674066214,14.449480297884449,18.547042567510935
618.75,10.98233005442686,10.902952647954073,1.0243905674066214,8.85417151314083,12.951733782767317
619.0,3.18031535931045,5.244044207681721,1.0243905674066214,3.1952630728684785,7.2928253424949645
619.25,0.21171378417059702,0.08121093391119856,1.0243905674066214,-1.9675702009020442,2.1299920687244414
619.5,2.1324749546309367,1.297880792006662,1.0243905674066214,-0.7509003428065808,3.3466619268199045
619.75,-0.2800686268808754,0.18305242709266922,1.0243905674066214,-1.8657287077205735,2.231833561905912
620.0,1.8165269961401054,0.030927816991823044,1.0243905674066214,-2.0178533178214195,2.079708951805066
620.25,-0.8812384474360504,-0.14121326334941922,1.0243905674066214,-2.189994398162662,1.9075678714638236
620.5,0.21744041530326128,0.041047372386154427,1.0243905674066214,-2.007733762427088,2.0898285071993974
620.75,1.425092695690806,1.5359287922688518,1.0243905674066214,-0.5128523425443909,3.584709927082095
621.0,-0.10029766744340833,0.1356066143363467,1.0243905674066214,-1.913174520476896,2.1843877491495896
621.25,-0.07683981182166924,-0.04293865966916194,1.0243905674066214,-2.0917197944824046,2.005842475144081
621.5,1.5493450067272148,1.2315070308457166,1.0243905674066214,-0.8172741039675262,3.280288165658959
621.75,2.1875522715535483,1.6559689846675545,1.0243905674066214,-0.39281215014568827,3.7047501194807975
622.0,3.3738915631931192,2.2469231918468067,1.0243905674066214,0.1981420570335639,4.295704326660049
622.25,-0.0022502445041573905,-0.25923730614293256,1.0243905674066214,-2.3080184409561753,1.7895438286703103
622.5,0.8153160721716332,0.11400998094260076,1.0243905674066214,-1.934771153870642,2.1627911157558435
622.75,-0.7017669462667825,-0.09487557043389376,1.0243905674066214,-2.1436567052471367,1.953905564379349
623.0,0.765955452726233,-0.08795723366923543,1.0243905674066214,-2.136738368482478,1.9608239011440074
623.25,-0.7619915238269903,-0.09069314561841887,1.0243905674066214,-2.1394742804316618,1.958087989194824
623.5,1.0906599360881322,-0.18901464365715606,1.0243905674066214,-2.237795778470399,1.8597664911560867
623.75,2.2106408773932396,0.11481419999363054,1.0243905674066214,-1.9339669348196122,2.1635953348068733
624.0,2.12926969944798,2.1906666646650934,1.0243905674066214,0.14188552985185066,4.239447799478336
624.25,0.6291506583662332,2.8158587399529362,1.0243905674066214,0.7670776051396935,4.864639874766179
624.5,-0.548072933244823,-0.004535470901250993,1.0243905674066214,-2.053316605714494,2.0442456639119917
624.75,1.2318751342893033,0.3274357931888421,1.0243905674066214,-1.7213453416244007,2.376216928002085
625.0,0.936597996527101,0.35713700746677146,1.0243905674066214,-1.6916441273464713,2.405918142280014
625.25,0.24891359867502955,-0.11836812401358034,1.0243905674066214,-2.1671492588268233,1.9304130107996624
625.5,1.008668355954839,-0.08428459004948606,1.0243905674066214,-2.1330657248627287,1.9644965447637568
625.75,0.484453439248422,0.06511101470919814,1.0243905674066214,-1.9836701201040445,2.113892149522441
626.0,3.855919112039622,2.4607431232714894,1.0243905674066214,0.4119619884582466,4.509524258084732
626.25,3.2527994829338307,2.4898536126901174,1.0243905674066214,0.44107247787687465,4.538634747503361
626.5,1.7197925454206069,0.047622993816230974,1.0243905674066214,-2.0011581409970116,2.096404128629474
626.75,3.740519704810353,3.2007333556876105,1.0243905674066214,1.1519522208743678,5.249514490500854
627.0,2.3077874282500916,1.4626011112630832,1.0243905674066214,-0.5861800235501595,3.5113822460763258
627.25,-0.3071270730857854,-0.1165701719505176,1.0243905674066214,-2.1653513067637604,1.932210962862725
627.5,0.5047915406884904,1.4805084949541418,1.0243905674066214,-0.5682726398591009,3.5292896297673844
627.75,1.7067676404189733,0.022356126489565857,1.0243905674066214,-2.026425008323677,2.0711372613028085
628.0,2.8515555802445056,2.658693556889717,1.0243905674066214,0.6099124220764742,4.707474691702959
628.25,0.804880565862379,-0.24913553309097003,1.0243905674066214,-2.2979166679042127,1.7996456017222728
628.5,0.12374001441139017,-0.21144481935532822,1.0243905674066214,-2.260225954168571,1.8373363154579145
628.75,1.1825874982918043,1.518982916058408,1.0243905674066214,-0.5297982187548347,3.567764050871651
629.0,14.625403342798545,14.493886389853733,1.0243905674066214,12.44510525504049,16.542667524666975
629.25,19.019208924122026,17.671496271636197,1.0243905674066214,15.622715136822954,19.72027740644944
629.5,24.359474575010335,23.766217952399924,1.0243905674066214,21.71743681758668,25.814999087213167
629.75,29.282716208474287,30.681084579266308,1.0243905674066214,28.632303444453065,32.72986571407955
630.0,40.288154910413866,40.25323316005342,1.0243905674066214,38.20445202524018,42.30201429486666
630.25,48.50976698087715,46.76057975138827,1.0243905674066214,44.71179861657503,48.80936088620151
630.5,53.2217161519646,53.31744140931416,1.0243905674066214,51.268660274500924,55.3662225441274
630.75,58.06788599288733,59.649309760641955,1.0243905674066214,57.600528625828716,61.698090895455195
631.0,73.0538343022443,71.14028442443583,1.0243905674066214,69.0915032896226,73.18906555924907
631.25,70.1072776067012,69.56957917118261,1.0243905674066214,67.52079803636937,71.61836030599585
631.5,74.6593338776188,74.85175127063754,1.0243905674066214,72.8029701358243,76.90053240545078
631.75,78.75317301376255,79.1527975674207,1.0243905674066214,77.10401643260747,81.20157870223395
632.0,89.43807726339391,88.46604625720593,1.0243905674066214,86.41726512239269,90.51482739201917
632.25,93.90215120151018,94.09601727879975,1.0243905674066214,92.04723614398651,96.14479841361299
632.5,95.98931523229459,94.89246962343495,1.0243905674066214,92.84368848862171,96.94125075824819
632.75,96.88061415387534,96.55180936009728,1.0243905674066214,94.50302822528404,98.60059049491052
633.0,99.83813734085592,99.86129854410254,1.0243905674066214,97.8125174092893,101.91007967891578
633.25,106.89586404798152,106.60210046451151,1.0243905674066214,104.55331932969827,108.65088159932475
633.5,109.11214871473842,108.90491812832681,1.0243905674066214,106.85613699351357,110.95369926314005
633.75,111.53485469060752,110.52151306033323,1.0243905674066214,108.47273192552,112.57029419514647
634.0,107.37374531298369,108.21032694673875,1.0243905674066214,106.1615458119255,110.25910808155199
634.25,110.30185858284203,112.05680309358902,1.0243905674066214,110.00802195877579,114.10558422840226
634.5,112.85202920452063,112.35398877342693,1.0243905674066214,110.3052076386137,114.40276990824017
634.75,113.5634140776567,113.15989589906799,1.0243905674066214,111.11111476425475,115.20867703388123
635.0,115.5501105767118,115.01976979735304,1.0243905674066214,112.9709886625398,117.06855093216627
635.25,113.56482747884144,113.15830761693019,1.0243905674066214,111.10952648211695,115.20708875174343
635.5,114.13759636501574,114.57712337322873,1.0243905674066214,112.52834223841549,116.62590450804197
635.75,113.29222127221013,112.38768724763497,1.0243905674066214,110.33890611282173,114.43646838244821
636.0,112.97544070037402,112.76376767060974,1.0243905674066214,110.7149865357965,114.81254880542298
636.25,113.39058118742548,113.74016717909106,1.0243905674066214,111.69138604427782,115.7889483139043
636.5,107.09805840038476,107.08880554383639,1.0243905674066214,105.04002440902315,109.13758667864963
636.75,112.57928534213832,110.61776153528811,1.0243905674066214,108.56898040047487,112.66654267010135
637.0,108.00282837815877,109.62109795064423,1.0243905674066214,107.57231681583099,111.66987908545747
637.25,109.20382973037026,108.67636966357388,1.0243905674066214,106.62758852876064,110.72515079838712
637.5,107.36777132068745,108.98753233541768,1.0243905674066214,106.93875120060444,111.03631347023092
637.75,113.21882773838834,112.99465845021405,1.0243905674066214,110.94587731540081,115.04343958502729
638.0,104.44162057011113,104.90093879383072,1.0243905674066214,102.85215765901748,106.94971992864396
638.25,106.53388981027896,108.45318652612377,1.0243905674066214,106.40440539131053,110.50196766093701
638.5,98.86798696948328,98.38445385155833,1.0243905674066214,96.3356727167451,100.43323498637157
638.75,99.5026215292985,99.71199716317072,1.0243905674066214,97.66321602835748,101.76077829798396
639.0,96.16996409778908,97.94128484519291,1.0243905674066214,95.89250371037967,99.99006598000615
639.25,96.80700265543467,95.78004228599232,1.0243905674066214,93.73126115117908,97.82882342080556
639.5,93.75141015528143,92.2867845122459,1.0243905674066214,90.23800337743266,94.33556564705914
639.75,89.59418348736206,88.06504765472742,1.0243905674066214,86.01626651991418,90.11382878954066
640.0,80.17375079664745,79.51966315627759,1.0243905674066214,77.47088202146435,81.56844429109083
640.25,74.28567358770754,74.44570020323725,1.0243905674066214,72.39691906842401,76.49448133805049
640.5,73.95895258795252,72.47661620225703,1.0243905674066214,70.4278350674438,74.52539733707027
640.75,65.29667782508449,63.50106650853999,1.0243905674066214,61.45228537372675,65.54984764335323
641.0,55.36340476971676,54.452141955796826,1.0243905674066214,52.403360820983586,56.500923090610065
641.25,47.35639750921137,48.63908417592783,1.0243905674066214,46.59030304111459,50.68786531074107
641.5,42.58690772250328,42.42570443679833,1.0243905674066214,40.37692330198509,44.47448557161157
641.75,40.3572160765965,39.59151553348102,1.0243905674066214,37.54273439866778,41.64029666829426
642.0,30.191290035774973,31.924742806015505,1.0243905674066214,29.875961671202262,33.97352394082875
642.25,27.154088164277326,26.809178172092285,1.0243905674066214,24.76039703727904,28.857959306905528
642.5,18.56193846174986,16.498261432697692,1.0243905674066214,14.449480297884449,18.547042567510935
642.75,11.58578546461342,10.902952647954073,1.0243905674066214,8.85417151314083,12.951733782767317
643.0,6.685348009415233,5.244044207681721,1.0243905674066214,3.1952630728684785,7.2928253424949645
643.25,0.18291473012870507,0.08121093391119856,1.0243905674066214,-1.9675702009020442,2.1299920687244414
643.5,1.297107388688429,1.297880792006662,1.0243905674066214,-0.7509003428065808,3.3466619268199045
643.75,0.3812713900809755,0.18305242709266922,1.0243905674066214,-1.8657287077205735,2.231833561905912
644.0,-0.8158266479844326,0.030927816991823044,1.0243905674066214,-2.0178533178214195,2.079708951805066
644.25,-0.9637751872343886,-0.14121326334941922,1.0243905674066214,-2.189994398162662,1.9075678714638236
644.5,1.2663045571693656,0.041047372386154427,1.0243905674066214,-2.007733762427088,2.0898285071993974
644.75,2.83325978522328,1.5359287922688518,1.0243905674066214,-0.5128523425443909,3.584709927082095
645.0,-0.9911063155873504,0.1356066143363467,1.0243905674066214,-1.913174520476896,2.1843877491495896
645.25,1.005481160736943,-0.04293865966916194,1.0243905674066214,-2.0917197944824046,2.005842475144081
645.5,1.3552800011117223,1.2315070308457166,1.0243905674066214,-0.8172741039675262,3.280288165658959
645.75,1.679402102580279,1.6559689846675545,1.0243905674066214,-0.39281215014568827,3.7047501194807975
646.0,2.4563739663534383,2.2469231918468067,1.0243905674066214,0.1981420570335639,4.295704326660049
646.25,0.9943504681243184,-0.25923730614293256,1.0243905674066214,-2.3080184409561753,1.7895438286703103
646.5,0.08271820186318887,0.11400998094260076,1.0243905674066214,-1.934771153870642,2.1627911157558435
646.75,1.410161995301936,-0.09487557043389376,1.0243905674066214,-2.1436567052471367,1.953905564379349
647.0,0.30941283975992473,-0.08795723366923543,1.0243905674066214,-2.136738368482478,1.9608239011440074
647.25,0.6241842724695326,-0.09069314561841887,1.0243905674066214,-2.1394742804316618,1.958087989194824
647.5,-0.8332625915372465,-0.18901464365715606,1.0243905674066214,-2.237795778470399,1.8597664911560867
647.75,2.158659010704834,0.11481419999363054,1.0243905674066214,-1.9339669348196122,2.1635953348068733
648.0,2.721178510624338,2.1906666646650934,1.0243905674066214,0.14188552985185066,4.239447799478336
648.25,3.534691574518741,2.8158587399529362,1.0243905674066214,0.7670776051396935,4.864639874766179
648.5,-1.6081858112115415,-0.004535470901250993,1.0243905674066214,-2.053316605714494,2.0442456639119917
648.75,-0.822702023079101,0.3274357931888421,1.0243905674066214,-1.7213453416244007,2.376216928002085
649.0,1.6214048974205866,0.35713700746677146,1.0243905674066214,-1.6916441273464713,2.405918142280014
649.25,0.2868911182926047,-0.11836812401358034,1.0243905674066214,-2.1671492588268233,1.9304130107996624
649.5,-1.913779734828926,-0.08428459004948606,1.0243905674066214,-2.1330657248627287,1.9644965447637568
649.75,1.038289928983819,0.06511101470919814,1.0243905674066214,-1.9836701201040445,2.113892149522441
650.0,2.0944111202357623,2.4607431232714894,1.0243905674066214,0.4119619884582466,4.509524258084732
650.25,3.744692792163557,2.4898536126901174,1.0243905674066214,0.44107247787687465,4.538634747503361
650.5,0.11025641407994845,0.047622993816230974,1.0243905674066214,-2.0011581409970116,2.096404128629474
650.75,3.586430306924629,3.2007333556876105,1.0243905674066214,1.1519522208743678,5.249514490500854
651.0,2.5814826053477855,1.4626011112630832,1.0243905674066214,-0.5861800235501595,3.5113822460763258
651.25,-0.8974929708546623,-0.1165701719505176,1.0243905674066214,-2.1653513067637604,1.932210962862725
651.5,0.11340554441355666,1.4805084949541418,1.0243905674066214,-0.5682726398591009,3.5292896297673844
651.75,-0.19649842039810733,0.022356126489565857,1.0243905674066214,-2.026425008323677,2.0711372613028085
652.0,3.46252370354304,2.658693556889717,1.0243905674066214,0.6099124220764742,4.707474691702959
652.25,-1.3308772526134907,-0.24913553309097003,1.0243905674066214,-2.2979166679042127,1.7996456017222728
652.5,-1.6680345998890966,-0.21144481935532822,1.0243905674066214,-2.260225954168571,1.8373363154579145
652.75,2.5928240762555608,1.518982916058408,1.0243905674066214,-0.5297982187548347,3.567764050871651
653.0,14.01144213764914,14.493886389853733,1.0243905674066214,12.44510525504049,16.542667524666975
653.25,17.190988893434028,17.671496271636197,1.0243905674066214,15.622715136822954,19.72027740644944
653.5,21.947424098790744,23.766217952399924,1.0243905674066214,21.71743681758668,25.814999087213167
653.75,30.315210053852766,30.681084579266308,1.0243905674066214,28.632303444453065,32.72986571407955
654.0,40.495832070358865,40.25323316005342,1.0243905674066214,38.20445202524018,42.30201429486666
654.25,47.65785104579533,46.76057975138827,1.0243905674066214,44.71179861657503,48.80936088620151
654.5,52.66428284757992,53.31744140931416,1.0243905674066214,51.268660274500924,55.3662225441274
654.75,61.525740804854,59.649309760641955,1.0243905674066214,57.600528625828716,61.698090895455195
655.0,70.47622939264195,71.14028442443583,1.0243905674066214,69.0915032896226,73.18906555924907
655.25,68.74179329530324,69.56957917118261,1.0243905674066214,67.52079803636937,71.61836030599585
655.5,76.26670428832941,74.85175127063754,1.0243905674066214,72.8029701358243,76.90053240545078
655.75,79.33605090220853,79.1527975674207,1.0243905674066214,77.10401643260747,81.20157870223395
656.0,87.80370060459059,88.46604625720593,1.0243905674066214,86.41726512239269,90.51482739201917
656.25,94.28900147055577,94.09601727879975,1.0243905674066214,92.04723614398651,96.14479841361299
656.5,96.19413238532066,94.89246962343495,1.0243905674066214,92.84368848862171,96.94125075824819
656.75,97.80462168777676,96.55180936009728,1.0243905674066214,94.50302822528404,98.60059049491052
657.0,98.77666223609832,99.86129854410254,1.0243905674066214,97.8125174092893,101.91007967891578
657.25,106.70791543256682,106.60210046451151,1.0243905674066214,104.55331932969827,108.65088159932475
657.5,109.37727357912017,108.90491812832681,1.0243905674066214,106.85613699351357,110.95369926314005
657.75,109.50297445988164,110.52151306033323,1.0243905674066214,108.47273192552,112.57029419514647
658.0,108.18340309243553,108.21032694673875,1.0243905674066214,106.1615458119255,110.25910808155199
658.25,111.92910657012393,112.05680309358902,1.0243905674066214,110.00802195877579,114.10558422840226
658.5,113.3777985605649,112.35398877342693,1.0243905674066214,110.3052076386137,114.40276990824017
658.75,114.13960077790077,113.15989589906799,1.0243905674066214,111.11111476425475,115.20867703388123
659.0,114.74066002584102,115.01976979735304,1.0243905674066214,112.9709886625398,117.06855093216627
659.25,112.94314596536259,113.15830761693019,1.0243905674066214,111.10952648211695,115.20708875174343
659.5,115.12242904540894,114.57712337322873,1.0243905674066214,112.52834223841549,116.62590450804197
659.75,111.91955011889759,112.38768724763497,1.0243905674066214,110.33890611282173,114.43646838244821
660.0,113.60963897886597,112.76376767060974,1.0243905674066214,110.7149865357965,114.81254880542298
660.25,113.78978826087145,113.74016717909106,1.0243905674066214,111.69138604427782,115.7889483139043
660.5,106.44055113490154,107.08880554383639,1.0243905674066214,105.04002440902315,109.13758667864963
660.75,109.60180893048283,110.61776153528811,1.0243905674066214,108.56898040047487,112.66654267010135
661.0,111.18486315623531,109.62109795064423,1.0243905674066214,107.57231681583099,111.66987908545747
661.25,108.54762014693115,108.67636966357388,1.0243905674066214,106.62758852876064,110.72515079838712
661.5,110.68723584220947,108.98753233541768,1.0243905674066214,106.93875120060444,111.03631347023092
661.75,112.81342481599641,112.99465845021405,1.0243905674066214,110.94587731540081,115.04343958502729
662.0,105.1664532563968,104.90093879383072,1.0243905674066214,102.85215765901748,106.94971992864396
662.25,111.01159482997708,108.45318652612377,1.0243905674066214,106.40440539131053,110.50196766093701
662.5,97.42156263438625,98.38445385155833,1.0243905674066214,96.3356727167451,100.43323498637157
662.75,97.98484509159091,99.71199716317072,1.0243905674066214,97.66321602835748,101.76077829798396
663.0,99.55576057163755,97.94128484519291,1.0243905674066214,95.89250371037967,99.99006598000615
663.25,95.14062545926735,95.78004228599232,1.0243905674066214,93.73126115117908,97.82882342080556
663.5,92.29569761318626,92.2867845122459,1.0243905674066214,90.23800337743266,94.33556564705914
663.75,87.51814093461391,88.06504765472742,1.0243905674066214,86.01626651991418,90.11382878954066
664.0,80.08295713695131,79.51966315627759,1.0243905674066214,77.47088202146435,81.56844429109083
664.25,73.28907924194468,74.44570020323725,1.0243905674066214,72.39691906842401,76.49448133805049
664.5,72.45085587917342,72.47661620225703,1.0243905674066214,70.4278350674438,74.52539733707027
664.75,64.06410956630091,63.50106650853999,1.0243905674066214,61.45228537372675,65.54984764335323
665.0,53.221527180566866,54.452141955796826,1.0243905674066214,52.403360820983586,56.500923090610065
665.25,47.597851081795284,48.63908417592783,1.0243905674066214,46.59030304111459,50.68786531074107
665.5,42.03818003568983,42.42570443679833,1.0243905674066214,40.37692330198509,44.47448557161157
665.75,38.48888449807879,39.59151553348102,1.0243905674066214,37.54273439866778,41.64029666829426
666.0,31.578346021893456,31.924742806015505,1.0243905674066214,29.875961671202262,33.97352394082875
666.25,26.803524044559452,26.809178172092285,1.0243905674066214,24.76039703727904,28.857959306905528
666.5,15.889397694182044,16.498261432697692,1.0243905674066214,14.449480297884449,18.547042567510935
666.75,10.674472805880905,10.902952647954073,1.0243905674066214,8.85417151314083,12.951733782767317
667.0,5.192033257066892,5.244044207681721,1.0243905674066214,3.1952630728684785,7.2928253424949645
667.25,-0.655743462432314,0.08121093391119856,1.0243905674066214,-1.9675702009020442,2.1299920687244414
667.5,2.0613882785391278,1.297880792006662,1.0243905674066214,-0.7509003428065808,3.3466619268199045
667.75,1.4359781248017758,0.18305242709266922,1.0243905674066214,-1.8657287077205735,2.231833561905912
668.0,-0.46438039219544847,0.030927816991823044,1.0243905674066214,-2.0178533178214195,2.079708951805066
668.25,0.4851982314777071,-0.14121326334941922,1.0243905674066214,-2.189994398162662,1.9075678714638236
668.5,-0.23961715543464693,0.041047372386154427,1.0243905674066214,-2.007733762427088,2.0898285071993974
668.75,1.8264047873952665,1.5359287922688518,1.0243905674066214,-0.5128523425443909,3.584709927082095
669.0,1.5657795312032543,0.1356066143363467,1.0243905674066214,-1.913174520476896,2.1843877491495896
669.25,0.5461418992011772,-0.04293865966916194,1.0243905674066214,-2.0917197944824046,2.005842475144081
669.5,-0.3311745620919375,1.2315070308457166,1.0243905674066214,-0.8172741039675262,3.280288165658959
669.75,1.7935891595368072,1.6559689846675545,1.0243905674066214,-0.39281215014568827,3.7047501194807975
670.0,3.229019070227384,2.2469231918468067,1.0243905674066214,0.1981420570335639,4.295704326660049
670.25,-0.2215961699981027,-0.25923730614293256,1.0243905674066214,-2.3080184409561753,1.7895438286703103
670.5,0.9956348061178324,0.11400998094260076,1.0243905674066214,-1.934771153870642,2.1627911157558435
670.75,-0.690115541151946,-0.09487557043389376,1.0243905674066214,-2.1436567052471367,1.953905564379349
671.0,-1.4855391595222738,-0.08795723366923543,1.0243905674066214,-2.136738368482478,1.9608239011440074
671.25,0.14116901883264016,-0.09069314561841887,1.0243905674066214,-2.1394742804316618,1.958087989194824
671.5,-1.7564767207463141,-0.18901464365715606,1.0243905674066214,-2.237795778470399,1.8597664911560867
671.75,-0.23977101289359176,0.11481419999363054,1.0243905674066214,-1.9339669348196122,2.1635953348068733
672.0,3.5381958500648745,2.1906666646650934,1.0243905674066214,0.14188552985185066,4.239447799478336
672.25,0.911931243427361,2.8158587399529362,1.0243905674066214,0.7670776051396935,4.864639874766179
672.5,-1.2794967959138979,-0.004535470901250993,1.0243905674066214,-2.053316605714494,2.0442456639119917
672.75,-1.0320322451615775,0.3274357931888421,1.0243905674066214,-1.7213453416244007,2.376216928002085
673.0,0.3202013497908961,0.35713700746677146,1.0243905674066214,-1.6916441273464713,2.405918142280014
673.25,-0.36571678564620924,-0.11836812401358034,1.0243905674066214,-2.1671492588268233,1.9304130107996624
673.5,1.3991363816960873,-0.08428459004948606,1.0243905674066214,-2.1330657248627287,1.9644965447637568
673.75,0.9543483290916974,0.06511101470919814,1.0243905674066214,-1.9836701201040445,2.113892149522441
674.0,3.1334668706570836,2.4607431232714894,1.0243905674066214,0.4119619884582466,4.509524258084732
674.25,2.47900612063073,2.4898536126901174,1.0243905674066214,0.44107247787687465,4.538634747503361
674.5,0.5913218696684754,0.047622993816230974,1.0243905674066214,-2.0011581409970116,2.096404128629474
674.75,2.519741265590724,3.2007333556876105,1.0243905674066214,1.1519522208743678,5.249514490500854
675.0,2.259738380312749,1.4626011112630832,1.0243905674066214,-0.5861800235501595,3.5113822460763258
675.25,-1.112044254359201,-0.1165701719505176,1.0243905674066214,-2.1653513067637604,1.932210962862725
675.5,1.9416293461497272,1.4805084949541418,1.0243905674066214,-0.5682726398591009,3.5292896297673844
675.75,1.186142502118831,0.022356126489565857,1.0243905674066214,-2.026425008323677,2.0711372613028085
676.0,2.846215506009905,2.658693556889717,1.0243905674066214,0.6099124220764742,4.707474691702959
676.25,-0.17621305896197587,-0.24913553309097003,1.0243905674066214,-2.2979166679042127,1.7996456017222728
676.5,0.4003099083096733,-0.21144481935532822,1.0243905674066214,-2.260225954168571,1.8373363154579145
676.75,-1.0924152208889044,1.518982916058408,1.0243905674066214,-0.5297982187548347,3.567764050871651
677.0,14.916678668701605,14.493886389853733,1.0243905674066214,12.44510525504049,16.542667524666975
677.25,17.469860908514505,17.671496271636197,1.0243905674066214,15.622715136822954,19.72027740644944
677.5,23.75360638767392,23.766217952399924,1.0243905674066214,21.71743681758668,25.814999087213167
677.75,31.700721881102574,30.681084579266308,1.0243905674066214,28.632303444453065,32.72986571407955
678.0,40.42863044542529,40.25323316005342,1.0243905674066214,38.20445202524018,42.30201429486666
678.25,45.58726633152128,46.76057975138827,1.0243905674066214,44.71179861657503,48.80936088620151
678.5,53.29411034298918,53.31744140931416,1.0243905674066214,51.268660274500924,55.3662225441274
678.75,59.93592016870233,59.649309760641955,1.0243905674066214,57.600528625828716,61.698090895455195
679.0,71.27571932840277,71.14028442443583,1.0243905674066214,69.0915032896226,73.18906555924907
679.25,69.58680446417348,69.56957917118261,1.0243905674066214,67.52079803636937,71.61836030599585
679.5,75.76871578135017,74.85175127063754,1.0243905674066214,72.8029701358243,76.90053240545078
679.75,78.03855619681046,79.1527975674207,1.0243905674066214,77.10401643260747,81.20157870223395
680.0,88.53142578976701,88.46604625720593,1.0243905674066214,86.41726512239269,90.51482739201917
680.25,95.7340643003546,94.09601727879975,1.0243905674066214,92.04723614398651,96.14479841361299
680.5,93.1064473108414,94.89246962343495,1.0243905674066214,92.84368848862171,96.94125075824819
680.75,96.51806554893113,96.55180936009728,1.0243905674066214,94.50302822528404,98.60059049491052
681.0,99.00807691339553,99.86129854410254,1.0243905674066214,97.8125174092893,101.91007967891578
681.25,106.37963885817283,106.60210046451151,1.0243905674066214,104.55331932969827,108.65088159932475
681.5,108.38230924823817,108.90491812832681,1.0243905674066214,106.85613699351357,110.95369926314005
681.75,110.31966385469781,110.52151306033323,1.0243905674066214,108.47273192552,112.57029419514647
682.0,110.08034375951242,108.21032694673875,1.0243905674066214,106.1615458119255,110.25910808155199
682.25,110.65935334849502,112.05680309358902,1.0243905674066214,110.00802195877579,114.10558422840226
682.5,111.06797907914932,112.35398877342693,1.0243905674066214,110.3052076386137,114.40276990824017
682.75,111.63024117942605,113.15989589906799,1.0243905674066214,111.11111476425475,115.20867703388123
683.0,116.79728771082813,115.01976979735304,1.0243905674066214,112.9709886625398,117.06855093216627
683.25,112.69475940370211,113.15830761693019,1.0243905674066214,111.10952648211695,115.20708875174343
683.5,114.43249768300562,114.57712337322873,1.0243905674066214,112.52834223841549,116.62590450804197
683.75,112.10195562671836,112.38768724763497,1.0243905674066214,110.33890611282173,114.43646838244821
684.0,112.07657594872548,112.76376767060974,1.0243905674066214,110.7149865357965,114.81254880542298
684.25,113.64254410162623,113.74016717909106,1.0243905674066214,111.69138604427782,115.7889483139043
684.5,109.86819331837671,107.08880554383639,1.0243905674066214,105.04002440902315,109.13758667864963
684.75,111.95071656433673,110.61776153528811,1.0243905674066214,108.56898040047487,112.66654267010135
685.0,108.88486664241194,109.62109795064423,1.0243905674066214,107.57231681583099,111.66987908545747
685.25,109.35161572913614,108.67636966357388,1.0243905674066214,106.62758852876064,110.72515079838712
685.5,108.21535897564479,108.98753233541768,1.0243905674066214,106.93875120060444,111.03631347023092
685.75,111.55069343786509,112.99465845021405,1.0243905674066214,110.94587731540081,115.04343958502729
686.0,105.89475897292995,104.90093879383072,1.0243905674066214,102.85215765901748,106.94971992864396
686.25,109.7790109536024,108.45318652612377,1.0243905674066214,106.40440539131053,110.50196766093701
686.5,99.52500163009742,98.38445385155833,1.0243905674066214,96.3356727167451,100.43323498637157
686.75,99.41279434227113,99.71199716317072,1.0243905674066214,97.66321602835748,101.76077829798396
687.0,98.10239470634833,97.94128484519291,1.0243905674066214,95.89250371037967,99.99006598000615
687.25,96.71720011831854,95.78004228599232,1.0243905674066214,93.73126115117908,97.82882342080556
687.5,92.7079000146406,92.2867845122459,1.0243905674066214,90.23800337743266,94.33556564705914
687.75,87.71042167376845,88.06504765472742,1.0243905674066214,86.01626651991418,90.11382878954066
688.0,78.19572253587782,79.51966315627759,1.0243905674066214,77.47088202146435,81.56844429109083
688.25,74.35349064327244,74.44570020323725,1.0243905674066214,72.39691906842401,76.49448133805049
688.5,73.70980560629285,72.47661620225703,1.0243905674066214,70.4278350674438,74.52539733707027
688.75,62.416705950710224,63.50106650853999,1.0243905674066214,61.45228537372675,65.54984764335323
689.0,54.868595448517105,54.452141955796826,1.0243905674066214,52.403360820983586,56.500923090610065
689.25,48.629476806574864,48.63908417592783,1.0243905674066214,46.59030304111459,50.68786531074107
689.5,43.13571113252069,42.42570443679833,1.0243905674066214,40.37692330198509,44.47448557161157
689.75,40.789675432024076,39.59151553348102,1.0243905674066214,37.54273439866778,41.64029666829426
690.0,31.30644176276685,31.924742806015505,1.0243905674066214,29.875961671202262,33.97352394082875
690.25,25.067768104491606,26.809178172092285,1.0243905674066214,24.76039703727904,28.857959306905528
690.5,15.755427110087593,16.498261432697692,1.0243905674066214,14.449480297884449,18.547042567510935
690.75,11.834976616339636,10.902952647954073,1.0243905674066214,8.85417151314083,12.951733782767317
691.0,4.669931024447506,5.244044207681721,1.0243905674066214,3.1952630728684785,7.2928253424949645
691.25,-0.6940433238576419,0.08121093391119856,1.0243905674066214,-1.9675702009020442,2.1299920687244414
691.5,-0.45102462925238784,1.297880792006662,1.0243905674066214,-0.7509003428065808,3.3466619268199045
691.75,1.752647554550939,0.18305242709266922,1.0243905674066214,-1.8657287077205735,2.231833561905912
692.0,0.8257136414253099,0.030927816991823044,1.0243905674066214,-2.0178533178214195,2.079708951805066
692.25,0.7698959812747644,-0.14121326334941922,1.0243905674066214,-2.189994398162662,1.9075678714638236
692.5,0.9677253867794737,0.041047372386154427,1.0243905674066214,-2.007733762427088,2.0898285071993974
692.75,2.0376258039001636,1.5359287922688518,1.0243905674066214,-0.5128523425443909,3.584709927082095
693.0,-0.24432885517952907,0.1356066143363467,1.0243905674066214,-1.913174520476896,2.1843877491495896
693.25,-0.12628174793912325,-0.04293865966916194,1.0243905674066214,-2.0917197944824046,2.005842475144081
693.5,1.0146756121256184,1.2315070308457166,1.0243905674066214,-0.8172741039675262,3.280288165658959
693.75,3.9743342825048487,1.6559689846675545,1.0243905674066214,-0.39281215014568827,3.7047501194807975
694.0,2.5520673582178173,2.2469231918468067,1.0243905674066214,0.1981420570335639,4.295704326660049
694.25,-0.46380044135143456,-0.25923730614293256,1.0243905674066214,-2.3080184409561753,1.7895438286703103
694.5,0.4654967741662798,0.11400998094260076,1.0243905674066214,-1.934771153870642,2.1627911157558435
694.75,-1.0108689178563175,-0.09487557043389376,1.0243905674066214,-2.1436567052471367,1.953905564379349
695.0,1.504506718589227,-0.08795723366923543,1.0243905674066214,-2.136738368482478,1.9608239011440074
695.25,-0.6610690958071401,-0.09069314561841887,1.0243905674066214,-2.1394742804316618,1.958087989194824
695.5,0.5010854326224657,-0.18901464365715606,1.0243905674066214,-2.237795778470399,1.8597664911560867
695.75,1.0659776297431345,0.11481419999363054,1.0243905674066214,-1.9339669348196122,2.1635953348068733
696.0,2.6361221316243646,2.1906666646650934,1.0243905674066214,0.14188552985185066,4.239447799478336
696.25,2.91616414099328,2.8158587399529362,1.0243905674066214,0.7670776051396935,4.864639874766179
696.5,0.010802084856015158,-0.004535470901250993,1.0243905674066214,-2.053316605714494,2.0442456639119917
696.75,-0.056441096887107134,0.3274357931888421,1.0243905674066214,-1.7213453416244007,2.376216928002085
697.0,-0.1931772794256461,0.35713700746677146,1.0243905674066214,-1.6916441273464713,2.405918142280014
697.25,-0.44948342976970423,-0.11836812401358034,1.0243905674066214,-2.1671492588268233,1.9304130107996624
697.5,1.479590373650935,-0.08428459004948606,1.0243905674066214,-2.1330657248627287,1.9644965447637568
697.75,-0.10853663268515668,0.06511101470919814,1.0243905674066214,-1.9836701201040445,2.113892149522441
698.0,1.8523976552057124,2.4607431232714894,1.0243905674066214,0.4119619884582466,4.509524258084732
698.25,1.8170782094253366,2.4898536126901174,1.0243905674066214,0.44107247787687465,4.538634747503361
698.5,1.2984627733808711,0.047622993816230974,1.0243905674066214,-2.0011581409970116,2.096404128629474
698.75,4.057330254068577,3.2007333556876105,1.0243905674066214,1.1519522208743678,5.249514490500854
699.0,1.9628572049883939,1.4626011112630832,1.0243905674066214,-0.5861800235501595,3.5113822460763258
699.25,-0.25752119890979147,-0.1165701719505176,1.0243905674066214,-2.1653513067637604,1.932210962862725
699.5,1.6796148224204415,1.4805084949541418,1.0243905674066214,-0.5682726398591009,3.5292896297673844
699.75,-0.643561124950648,0.022356126489565857,1.0243905674066214,-2.026425008323677,2.0711372613028085
700.0,2.3757368725760433,2.658693556889717,1.0243905674066214,0.6099124220764742,4.707474691702959
700.25,0.9698044873917454,-0.24913553309097003,1.0243905674066214,-2.2979166679042127,1.7996456017222728
700.5,0.8742776789190644,-0.21144481935532822,1.0243905674066214,-2.260225954168571,1.8373363154579145
700.75,0.7871933032609654,1.518982916058408,1.0243905674066214,-0.5297982187548347,3.567764050871651
701.0,13.758893997307569,14.493886389853733,1.0243905674066214,12.44510525504049,16.542667524666975
701.25,17.69191705916772,17.671496271636197,1.0243905674066214,15.622715136822954,19.72027740644944
701.5,25.53036687540042,23.766217952399924,1.0243905674066214,21.71743681758668,25.814999087213167
701.75,29.078624203735753,30.681084579266308,1.0243905674066214,28.632303444453065,32.72986571407955
702.0,40.78173230656052,40.25323316005342,1.0243905674066214,38.20445202524018,42.30201429486666
702.25,45.35142985659929,46.76057975138827,1.0243905674066214,44.71179861657503,48.80936088620151
702.5,52.80118202028901,53.31744140931416,1.0243905674066214,51.268660274500924,55.3662225441274
702.75,59.50393626655726,59.649309760641955,1.0243905674066214,57.600528625828716,61.698090895455195
703.0,70.74027707338486,71.14028442443583,1.0243905674066214,69.0915032896226,73.18906555924907
703.25,68.8910891572292,69.56957917118261,1.0243905674066214,67.52079803636937,71.61836030599585
703.5,74.73655379680798,74.85175127063754,1.0243905674066214,72.8029701358243,76.90053240545078
703.75,78.58933518321403,79.1527975674207,1.0243905674066214,77.10401643260747,81.20157870223395
704.0,86.89326794874802,88.46604625720593,1.0243905674066214,86.41726512239269,90.51482739201917
704.25,95.22400421425914,94.09601727879975,1.0243905674066214,92.04723614398651,96.14479841361299
704.5,95.59393097492747,94.89246962343495,1.0243905674066214,92.84368848862171,96.94125075824819
704.75,97.18159317817376,96.55180936009728,1.0243905674066214,94.50302822528404,98.60059049491052
705.0,98.05272091910449,99.86129854410254,1.0243905674066214,97.8125174092893,101.91007967891578
705.25,107.04926739523007,106.60210046451151,1.0243905674066214,104.55331932969827,108.65088159932475
705.5,109.96309560725952,108.90491812832681,1.0243905674066214,106.85613699351357,110.95369926314005
705.75,109.45801250195866,110.52151306033323,1.0243905674066214,108.47273192552,112.57029419514647
706.0,108.24826139326764,108.21032694673875,1.0243905674066214,106.1615458119255,110.25910808155199
706.25,111.80751706436187,112.05680309358902,1.0243905674066214,110.00802195877579,114.10558422840226
706.5,114.07973974019642,112.35398877342693,1.0243905674066214,110.3052076386137,114.40276990824017
706.75,114.85667178660213,113.15989589906799,1.0243905674066214,111.11111476425475,115.20867703388123
707.0,113.40551303086984,115.01976979735304,1.0243905674066214,112.9709886625398,117.06855093216627
707.25,115.65102611495138,113.15830761693019,1.0243905674066214,111.10952648211695,115.20708875174343
707.5,113.54291102219997,114.57712337322873,1.0243905674066214,112.52834223841549,116.62590450804197
707.75,113.48541186215203,112.38768724763497,1.0243905674066214,110.33890611282173,114.43646838244821
708.0,113.99149680799229,112.76376767060974,1.0243905674066214,110.7149865357965,114.81254880542298
708.25,112.88200452139885,113.74016717909106,1.0243905674066214,111.69138604427782,115.7889483139043
708.5,107.90321750647925,107.08880554383639,1.0243905674066214,105.04002440902315,109.13758667864963
708.75,110.45111189909642,110.61776153528811,1.0243905674066214,108.56898040047487,112.66654267010135
709.0,110.2921344648366,109.62109795064423,1.0243905674066214,107.57231681583099,111.66987908545747
709.25,108.93471392845508,108.67636966357388,1.0243905674066214,106.62758852876064,110.72515079838712
709.5,110.24322123368141,108.98753233541768,1.0243905674066214,106.93875120060444,111.03631347023092
709.75,113.40246061985738,112.99465845021405,1.0243905674066214,110.94587731540081,115.04343958502729
710.0,104.70737398583901,104.90093879383072,1.0243905674066214,102.85215765901748,106.94971992864396
710.25,109.71498234001602,108.45318652612377,1.0243905674066214,106.40440539131053,110.50196766093701
710.5,99.05934534390813,98.38445385155833,1.0243905674066214,96.3356727167451,100.43323498637157
710.75,100.61447298581159,99.71199716317072,1.0243905674066214,97.66321602835748,101.76077829798396
711.0,97.60458376809173,97.94128484519291,1.0243905674066214,95.89250371037967,99.99006598000615
711.25,94.92217178326194,95.78004228599232,1.0243905674066214,93.73126115117908,97.82882342080556
711.5,91.7486818340398,92.2867845122459,1.0243905674066214,90.23800337743266,94.33556564705914
711.75,87.4832377593849,88.06504765472742,1.0243905674066214,86.01626651991418,90.11382878954066
712.0,80.6009936246489,79.51966315627759,1.0243905674066214,77.47088202146435,81.56844429109083
712.25,75.21559949942447,74.44570020323725,1.0243905674066214,72.39691906842401,76.49448133805049
712.5,72.47566567752433,72.47661620225703,1.0243905674066214,70.4278350674438,74.52539733707027
712.75,65.04521325856874,63.50106650853999,1.0243905674066214,61.45228537372675,65.54984764335323
713.0,55.59830546060626,54.452141955796826,1.0243905674066214,52.403360820983586,56.500923090610065
713.25,48.54133402784171,48.63908417592783,1.0243905674066214,46.59030304111459,50.68786531074107
713.5,41.56367109774531,42.42570443679833,1.0243905674066214,40.37692330198509,44.47448557161157
713.75,41.49307658174061,39.59151553348102,1.0243905674066214,37.54273439866778,41.64029666829426
714.0,31.939889653663794,31.924742806015505,1.0243905674066214,29.875961671202262,33.97352394082875
714.25,26.810892701087525,26.809178172092285,1.0243905674066214,24.76039703727904,28.857959306905528
714.5,15.949341610163904,16.498261432697692,1.0243905674066214,14.449480297884449,18.547042567510935
714.75,10.056058972515432,10.902952647954073,1.0243905674066214,8.85417151314083,12.951733782767317
715.0,3.743295497658185,5.244044207681721,1.0243905674066214,3.1952630728684785,7.2928253424949645
715.25,0.6328683235572881,0.08121093391119856,1.0243905674066214,-1.9675702009020442,2.1299920687244414
715.5,0.5869246587756302,1.297880792006662,1.0243905674066214,-0.7509003428065808,3.3466619268199045
715.75,3.0595312289968235,0.18305242709266922,1.0243905674066214,-1.8657287077205735,2.231833561905912
716.0,-1.086073582612479,0.030927816991823044,1.0243905674066214,-2.0178533178214195,2.079708951805066
716.25,-1.25738247498137,-0.14121326334941922,1.0243905674066214,-2.189994398162662,1.9075678714638236
716.5,0.5101387156134412,0.041047372386154427,1.0243905674066214,-2.007733762427088,2.0898285071993974
716.75,2.990230921324057,1.5359287922688518,1.0243905674066214,-0.5128523425443909,3.584709927082095
717.0,0.06458965694322165,0.1356066143363467,1.0243905674066214,-1.913174520476896,2.1843877491495896
717.25,0.6097247763703527,-0.04293865966916194,1.0243905674066214,-2.0917197944824046,2.005842475144081
717.5,-0.40130744074096647,1.2315070308457166,1.0243905674066214,-0.8172741039675262,3.280288165658959
717.75,0.6620819823980816,1.6559689846675545,1.0243905674066214,-0.39281215014568827,3.7047501194807975
718.0,0.922539597780808,2.2469231918468067,1.0243905674066214,0.1981420570335639,4.295704326660049
718.25,-1.895045849947881,-0.25923730614293256,1.0243905674066214,-2.3080184409561753,1.7895438286703103
718.5,0.11698023402388695,0.11400998094260076,1.0243905674066214,-1.934771153870642,2.1627911157558435
718.75,-2.2428276216104335,-0.09487557043389376,1.0243905674066214,-2.1436567052471367,1.953905564379349
719.0,-1.3221959660874487,-0.08795723366923543,1.0243905674066214,-2.136738368482478,1.9608239011440074
719.25,-0.537193794013418,-0.09069314561841887,1.0243905674066214,-2.1394742804316618,1.958087989194824
719.5,-0.8312858359510763,-0.18901464365715606,1.0243905674066214,-2.237795778470399,1.8597664911560867
719.75,0.3964085022070677,0.11481419999363054,1.0243905674066214,-1.9339669348196122,2.1635953348068733
